CRIMEID,CCN,PERSONID,PERSONTYPE,AGE,age_band,FATAL,MAJORINJURY,MINORINJURY,severity,IMPAIRED,SPEEDING,TICKETISSUED,INVEHICLETYPE,match_source,year_ccn,year,year_month,ward,date_source
27806678,18160217,87549612,Driver,55,55-64,N,N,N,None,N,N,Y,Moped/scooter,moped_scooter,2018,2018,,,ccn_year_fallback
25177000,14171588,85007449,Driver,26,25-34,N,N,N,None,N,N,N,Moped/scooter,moped_scooter,2014,2014,,,ccn_year_fallback
25203504,14197488,84810972,Driver,,Unknown,N,N,N,None,N,N,N,Moped/scooter,moped_scooter,2014,2014,,,ccn_year_fallback
25218769,15012079,84956257,Driver,26,25-34,N,N,N,None,N,N,N,Moped/scooter,moped_scooter,2015,2015,,,ccn_year_fallback
24734291,13131979,84589498,Driver,27,25-34,N,N,Y,Minor,N,N,N,Moped/scooter,moped_scooter,2013,2013,,,ccn_year_fallback
24213490,12130954,84990042,Driver,,Unknown,N,N,N,None,N,N,N,Moped/scooter,moped_scooter,2012,2012,,,ccn_year_fallback
25264964,15060746,84865674,Driver,23,16-24,N,N,N,None,N,N,N,Moped/scooter,moped_scooter,2015,2015,,,ccn_year_fallback
25279306,15074924,84666757,Passenger,,Unknown,N,Y,N,Major,N,N,N,Moped/scooter,moped_scooter,2015,2015,,,ccn_year_fallback
25279306,15074924,84687478,Driver,15,<16,N,N,N,None,N,N,N,Moped/scooter,moped_scooter,2015,2015,,,ccn_year_fallback
25282125,15078605,84567861,Driver,38,35-44,N,N,N,None,N,N,N,Moped/scooter,moped_scooter,2015,2015,,,ccn_year_fallback
25291089,15087571,84600356,Driver,65,65+,N,N,Y,Minor,N,N,N,Moped/scooter,moped_scooter,2015,2015,,,ccn_year_fallback
25317384,15114246,84979456,Driver,28,25-34,N,N,N,None,N,N,N,Moped/scooter,moped_scooter,2015,2015,,,ccn_year_fallback
25309047,15105724,84828874,Passenger,,Unknown,N,Y,N,Major,N,N,N,Moped/scooter,moped_scooter,2015,2015,,,ccn_year_fallback
25309047,15105724,84953444,Driver,18,16-24,N,Y,N,Major,N,N,N,Moped/scooter,moped_scooter,2015,2015,,,ccn_year_fallback
24259079,12144149,84562471,Driver,56,55-64,N,N,N,None,N,N,N,Moped/scooter,moped_scooter,2012,2012,,,ccn_year_fallback
24283683,12152260,84839660,Driver,45,45-54,N,N,N,None,N,N,N,Moped/scooter,moped_scooter,2012,2012,,,ccn_year_fallback
24273711,12149390,84778658,Driver,59,55-64,N,Y,N,Major,N,N,N,Moped/scooter,moped_scooter,2012,2012,,,ccn_year_fallback
25291862,15087845,85038800,Driver,64,55-64,N,N,N,None,N,N,N,Moped/scooter,moped_scooter,2015,2015,,,ccn_year_fallback
26487407,11093556,84867518,Driver,,Unknown,N,N,N,None,N,N,N,Moped/scooter,moped_scooter,2011,2011,,,ccn_year_fallback
26617502,10031318,84638155,Driver,21,16-24,N,N,Y,Minor,N,N,N,Moped/scooter,moped_scooter,2010,2010,,,ccn_year_fallback
26621219,10039012,84916053,Driver,53,45-54,N,N,Y,Minor,N,N,N,Moped/scooter,moped_scooter,2010,2010,,,ccn_year_fallback
26588582,09003585,84964147,Driver,60,55-64,N,N,N,None,N,N,N,Moped/scooter,moped_scooter,2009,2009,,,ccn_year_fallback
26589079,10004742,84888054,Driver,38,35-44,N,N,Y,Minor,N,N,N,Moped/scooter,moped_scooter,2010,2010,,,ccn_year_fallback
26593724,09051682,84924942,Passenger,,Unknown,N,N,N,None,N,N,N,Moped/scooter,moped_scooter,2009,2009,,,ccn_year_fallback
26593724,09051682,84760534,Driver,,Unknown,N,N,N,None,N,N,N,Moped/scooter,moped_scooter,2009,2009,,,ccn_year_fallback
26594568,09061031,84884185,Driver,20,16-24,N,N,Y,Minor,N,N,N,Moped/scooter,moped_scooter,2009,2009,,,ccn_year_fallback
26595597,08105810,84827427,Passenger,,Unknown,N,N,N,None,N,N,N,Moped/scooter,moped_scooter,2008,2008,2008-07,Ward 4,reportdate
26595597,08105810,84769011,Driver,,Unknown,N,N,N,None,N,Y,N,Moped/scooter,moped_scooter,2008,2008,2008-07,Ward 4,reportdate
26596344,09068333,84744359,Driver,32,25-34,N,N,N,None,N,N,N,Moped/scooter,moped_scooter,2009,2009,,,ccn_year_fallback
26595748,08079971,84955710,Driver,27,25-34,N,N,N,None,N,N,N,Moped/scooter,moped_scooter,2008,2008,,,ccn_year_fallback
26597427,08113288,84557086,Driver,,Unknown,N,N,N,None,N,N,N,Moped/scooter,moped_scooter,2008,2008,,,ccn_year_fallback
26602274,09101600,84792059,Driver,38,35-44,N,N,N,None,N,N,N,Moped/scooter,moped_scooter,2009,2009,,,ccn_year_fallback
26601917,09105660,84579211,Driver,27,25-34,N,N,Y,Minor,N,N,N,Moped/scooter,moped_scooter,2009,2009,,,ccn_year_fallback
26605352,09141400,84574723,Driver,55,55-64,N,N,Y,Minor,N,N,N,Moped/scooter,moped_scooter,2009,2009,,,ccn_year_fallback
26608725,09173135,84580607,Driver,44,35-44,N,Y,N,Major,N,N,N,Moped/scooter,moped_scooter,2009,2009,,,ccn_year_fallback
26608868,09173910,84835749,Driver,58,55-64,N,N,N,None,N,N,N,Moped/scooter,moped_scooter,2009,2009,,,ccn_year_fallback
26609194,09176376,84596777,Driver,22,16-24,N,N,Y,Minor,N,N,N,Moped/scooter,moped_scooter,2009,2009,,,ccn_year_fallback
26610098,11001503,84996021,Driver,46,45-54,N,N,Y,Minor,N,N,N,Moped/scooter,moped_scooter,2011,2011,,,ccn_year_fallback
26620214,12039172,84662210,Driver,31,25-34,N,N,N,None,N,N,N,Moped/scooter,moped_scooter,2012,2012,,,ccn_year_fallback
26622823,10051946,84816744,Driver,28,25-34,N,N,N,None,N,N,N,Moped/scooter,moped_scooter,2010,2010,,,ccn_year_fallback
26626425,10061837,84751449,Driver,23,16-24,N,N,N,None,N,N,N,Moped/scooter,moped_scooter,2010,2010,,,ccn_year_fallback
24009690,12055980,84970380,Driver,,Unknown,N,N,N,None,N,N,N,Moped/scooter,moped_scooter,2012,2012,,,ccn_year_fallback
26632056,11089226,84818190,Driver,51,45-54,N,N,N,None,N,N,N,Moped/scooter,moped_scooter,2011,2011,,,ccn_year_fallback
26636479,11104398,84961338,Driver,57,55-64,N,Y,N,Major,N,N,N,Moped/scooter,moped_scooter,2011,2011,,,ccn_year_fallback
26638204,11113575,84863672,Driver,,Unknown,N,N,N,None,N,N,N,Moped/scooter,moped_scooter,2011,2011,,,ccn_year_fallback
26637897,11116502,84616211,Driver,34,25-34,N,N,Y,Minor,N,N,N,Moped/scooter,moped_scooter,2011,2011,,,ccn_year_fallback
26640083,10117801,84888978,Driver,45,45-54,N,N,N,None,N,N,N,Moped/scooter,moped_scooter,2010,2010,,,ccn_year_fallback
26641228,10129736,85038195,Driver,19,16-24,N,N,Y,Minor,N,N,N,Moped/scooter,moped_scooter,2010,2010,,,ccn_year_fallback
26640389,11126939,84582886,Driver,35,35-44,N,N,N,None,N,N,N,Moped/scooter,moped_scooter,2011,2011,,,ccn_year_fallback
26642685,10131565,84911434,Driver,,Unknown,N,N,N,None,N,N,N,Moped/scooter,moped_scooter,2010,2010,,,ccn_year_fallback
26643967,10139786,85013545,Driver,,Unknown,N,N,N,None,N,N,N,Moped/scooter,moped_scooter,2010,2010,,,ccn_year_fallback
26645419,10147580,84745278,Driver,27,25-34,N,N,Y,Minor,N,N,N,Moped/scooter,moped_scooter,2010,2010,,,ccn_year_fallback
26645419,10147580,84701407,Passenger,,Unknown,N,N,Y,Minor,N,N,N,Moped/scooter,moped_scooter,2010,2010,,,ccn_year_fallback
26651465,10176288,84679085,Driver,39,35-44,N,N,Y,Minor,N,N,N,Moped/scooter,moped_scooter,2010,2010,,,ccn_year_fallback
26641254,10124453,84931650,Driver,18,16-24,N,N,N,None,N,Y,N,Moped/scooter,moped_scooter,2010,2010,,,ccn_year_fallback
25107093,14129023,84836021,Driver,50,45-54,N,N,Y,Minor,N,N,N,Moped/scooter,moped_scooter,2014,2014,,,ccn_year_fallback
24615218,13072269,84575301,Driver,30,25-34,N,N,N,None,N,N,N,Moped/scooter,moped_scooter,2013,2013,,,ccn_year_fallback
24104175,12100649,84878272,Driver,0,<16,N,N,N,None,N,N,N,Moped/scooter,moped_scooter,2012,2012,2012-07,Ward 5,reportdate
24651653,13090761,84717084,Driver,0,<16,N,N,N,None,N,N,N,Moped/scooter,moped_scooter,2013,2013,2013-07,Ward 8,reportdate
24172866,12119472,84817939,Driver,0,<16,N,N,N,None,N,N,N,Moped/scooter,moped_scooter,2012,2012,2012-08,Ward 7,reportdate
24209505,12129719,84708141,Driver,0,<16,N,N,N,None,N,N,N,Moped/scooter,moped_scooter,2012,2012,2012-09,Ward 3,reportdate
24960191,13143452,84952447,Driver,0,<16,N,N,N,None,N,N,N,Moped/scooter,moped_scooter,2013,2013,2013-10,Ward 8,reportdate
24378430,12180141,84689001,Driver,0,<16,N,N,N,None,N,N,N,Moped/scooter,moped_scooter,2012,2012,2012-12,Ward 2,reportdate
24478974,13029891,84955741,Driver,0,<16,N,N,N,None,N,N,N,Moped/scooter,moped_scooter,2013,2013,2013-03,Ward 1,reportdate
24400441,13004284,84629060,Driver,0,<16,N,N,N,None,N,N,N,Moped/scooter,moped_scooter,2013,2013,2013-01,Ward 6,reportdate
24547756,13051598,85032203,Driver,0,<16,N,N,N,None,N,N,N,Moped/scooter,moped_scooter,2013,2013,2013-04,Ward 5,reportdate
24672851,13101581,84699863,Driver,0,<16,N,N,N,None,N,N,N,Moped/scooter,moped_scooter,2013,2013,2013-07,Ward 6,reportdate
24981542,13155714,84663938,Driver,0,<16,N,N,N,None,N,N,N,Moped/scooter,moped_scooter,2013,2013,2013-10,Ward 5,reportdate
25011579,14080255,84900076,Driver,0,<16,N,N,N,None,N,N,N,Moped/scooter,moped_scooter,2014,2014,,,ccn_year_fallback
25018140,13175091,85030016,Driver,0,<16,N,N,N,None,N,N,N,Moped/scooter,moped_scooter,2013,2013,2013-12,Ward 7,reportdate
24760744,13136942,85051376,Driver,0,<16,N,N,N,None,N,N,N,Moped/scooter,moped_scooter,2013,2013,2013-09,Ward 1,reportdate
25022060,13177161,84774146,Driver,0,<16,N,N,N,None,N,Y,N,Moped/scooter,moped_scooter,2013,2013,2013-12,Ward 6,reportdate
25052109,14005510,84677888,Driver,0,<16,N,N,N,None,N,N,N,Moped/scooter,moped_scooter,2014,2014,2014-01,Ward 8,reportdate
25271677,15067102,84857548,Driver,0,<16,N,N,N,None,N,N,N,Moped/scooter,moped_scooter,2015,2015,2015-05,Ward 8,reportdate
25187515,14181956,84602381,Driver,0,<16,N,N,N,None,N,N,N,Moped/scooter,moped_scooter,2014,2014,2014-11,Ward 7,reportdate
25315022,15111876,84954326,Driver,0,<16,N,N,N,None,N,N,N,Moped/scooter,moped_scooter,2015,2015,2015-07,Ward 7,reportdate
25317655,15114215,84637654,Driver,0,<16,N,N,N,None,N,N,N,Moped/scooter,moped_scooter,2015,2015,2015-07,Ward 6,reportdate
24994981,13164058,84658181,Driver,0,<16,N,N,N,None,N,N,N,Moped/scooter,moped_scooter,2013,2013,2013-11,Ward 4,reportdate
26599383,08153984,84633820,Driver,0,<16,N,N,N,None,N,N,N,Moped/scooter,moped_scooter,2008,2008,2008-10,Ward 2,reportdate
26632666,11094093,85019684,Driver,0,<16,N,N,N,None,N,N,N,Moped/scooter,moped_scooter,2011,2011,2011-07,Ward 8,reportdate
26637502,10107555,84673112,Driver,0,<16,N,N,N,None,N,N,N,Moped/scooter,moped_scooter,2010,2010,2010-07,Ward 8,reportdate
26623195,10048196,84646782,Driver,0,<16,N,N,N,None,N,N,N,Moped/scooter,moped_scooter,2010,2010,2010-04,Ward 6,reportdate
26631593,12071356,84811468,Driver,0,<16,N,N,N,None,N,N,N,Moped/scooter,moped_scooter,2012,2012,2012-05,Ward 4,reportdate
26699457,15148170,84712386,Driver,0,<16,N,N,N,None,N,N,N,Moped/scooter,moped_scooter,2015,2015,2015-09,Ward 6,reportdate
26916676,16060798,84643660,Driver,0,<16,N,N,N,None,N,N,Y,Moped/scooter,moped_scooter,2016,2016,2016-04,Ward 1,reportdate
26947668,16080412,84576129,Driver,0,<16,N,N,N,None,N,N,N,Moped/scooter,moped_scooter,2016,2016,2016-05,Ward 4,reportdate
26947684,16080302,84622125,Driver,0,<16,N,N,N,None,N,N,N,Moped/scooter,moped_scooter,2016,2016,2016-05,Ward 8,reportdate
26645005,10147210,84903402,Driver,0,<16,N,N,N,None,N,N,N,Moped/scooter,moped_scooter,2010,2010,2010-10,Ward 2,reportdate
26645673,11156005,84594501,Driver,0,<16,N,N,N,None,N,N,N,Moped/scooter,moped_scooter,2011,2011,2011-10,Ward 7,reportdate
27047980,16144973,84811065,Driver,0,<16,N,N,N,None,N,N,N,Moped/scooter,moped_scooter,2016,2016,2016-08,Ward 7,reportdate
27064560,16155656,84964820,Driver,0,<16,N,N,N,None,N,N,Y,Moped/scooter,moped_scooter,2016,2016,2016-09,Ward 6,reportdate
25124268,14137470,84874103,Driver,0,<16,N,N,N,None,N,N,N,Moped/scooter,moped_scooter,2014,2014,2014-09,Ward 2,reportdate
26975604,16098808,84824648,Driver,0,<16,N,N,N,None,N,N,Y,Moped/scooter,moped_scooter,2016,2016,2016-06,Ward 7,reportdate
25064569,14107696,84590372,Driver,0,<16,N,N,N,None,N,N,N,Moped/scooter,moped_scooter,2014,2014,2014-07,Ward 5,reportdate
27099675,16177820,85004755,Driver,0,<16,N,N,N,None,N,N,N,Moped/scooter,moped_scooter,2016,2016,2016-10,Ward 4,reportdate
27059621,16152471,85040723,Driver,0,<16,N,N,N,None,N,N,Y,Moped/scooter,moped_scooter,2016,2016,2016-09,Ward 6,reportdate
25245271,15039564,84927608,Driver,0,<16,N,N,N,None,N,N,N,Moped/scooter,moped_scooter,2015,2015,2015-03,Ward 7,reportdate
27198804,17014654,85309329,Driver,0,<16,N,N,N,None,N,N,N,Moped/scooter,moped_scooter,2017,2017,2017-01,Ward 8,reportdate
27395813,17136867,86036870,Driver,0,<16,N,N,N,None,N,N,N,Moped/scooter,moped_scooter,2017,2017,2017-08,Ward 4,reportdate
26902907,16052476,84830065,Passenger,0,<16,N,N,N,None,N,N,N,Moped/scooter,moped_scooter,2016,2016,2016-04,Ward 4,reportdate
27343893,17103897,85848621,Driver,0,<16,N,N,N,None,N,N,N,Moped/scooter,moped_scooter,2017,2017,2017-06,Ward 7,reportdate
25236300,15031403,84603264,Driver,0,<16,N,N,N,None,N,N,N,Moped/scooter,moped_scooter,2015,2015,2015-03,Ward 7,reportdate
26883925,16041048,84746761,Driver,0,<16,N,N,N,None,N,N,N,Moped/scooter,moped_scooter,2016,2016,2016-03,Ward 7,reportdate
27302773,17076660,85686604,Driver,0,<16,N,N,N,None,N,N,N,Moped/scooter,moped_scooter,2017,2017,2017-05,Ward 8,reportdate
26953855,16084437,85054547,Driver,0,<16,N,N,N,None,N,N,N,Moped/scooter,moped_scooter,2016,2016,2016-05,Ward 7,reportdate
26965522,16092044,84907922,Driver,0,<16,N,N,N,None,N,N,N,Moped/scooter,moped_scooter,2016,2016,2016-06,Ward 7,reportdate
27273915,17058717,85581043,Driver,0,<16,N,N,N,None,N,N,N,Moped/scooter,moped_scooter,2017,2017,2017-04,Ward 6,reportdate
26951947,16083000,84594673,Driver,0,<16,N,N,N,None,N,N,Y,Moped/scooter,moped_scooter,2016,2016,2016-05,Ward 8,reportdate
27435956,17162280,86189399,Driver,0,<16,N,N,N,None,N,N,N,Moped/scooter,moped_scooter,2017,2017,2017-09,Ward 2,reportdate
27009959,16121057,84748258,Driver,0,<16,N,N,N,None,N,N,N,Moped/scooter,moped_scooter,2016,2016,2016-07,Ward 5,reportdate
26892511,16045573,84606782,Driver,0,<16,N,N,N,None,N,N,Y,Moped/scooter,moped_scooter,2016,2016,2016-03,Ward 1,reportdate
27441508,17165754,86211304,Passenger,0,<16,N,N,N,None,Y,N,N,Moped/scooter,moped_scooter,2017,2017,2017-09,Ward 1,reportdate
27047705,16144882,85024206,Driver,0,<16,N,N,N,None,N,N,N,Moped/scooter,moped_scooter,2016,2016,2016-08,Ward 1,reportdate
27066039,16156749,84837850,Driver,0,<16,N,N,N,None,N,N,N,Moped/scooter,moped_scooter,2016,2016,2016-09,Ward 6,reportdate
27331164,17095640,85795373,Driver,0,<16,N,N,N,None,N,N,N,Moped/scooter,moped_scooter,2017,2017,2017-06,Ward 1,reportdate
27674707,18076513,87048799,Driver,0,<16,N,N,N,None,N,N,N,Moped/scooter,moped_scooter,2018,2018,2018-05,Ward 1,reportdate
27659708,18067702,86994038,Driver,0,<16,N,N,N,None,N,N,N,Moped/scooter,moped_scooter,2018,2018,2018-04,Ward 2,reportdate
27705975,18096008,87163528,Driver,0,<16,N,N,N,None,N,N,N,Moped/scooter,moped_scooter,2018,2018,2018-06,Ward 7,reportdate
27507806,17205478,86454975,Driver,0,<16,N,N,N,None,N,N,N,Moped/scooter,moped_scooter,2017,2017,2017-11,Ward 8,reportdate
27271905,17057549,85572591,Driver,0,<16,N,N,N,None,N,N,N,Moped/scooter,moped_scooter,2017,2017,2017-04,Ward 1,reportdate
27306810,17079433,85703980,Driver,0,<16,N,N,N,None,N,N,N,Moped/scooter,moped_scooter,2017,2017,2017-05,Ward 8,reportdate
27333085,17096976,85803250,Driver,0,<16,N,N,N,None,N,N,N,Moped/scooter,moped_scooter,2017,2017,2017-06,Ward 8,reportdate
27827880,18173838,87626878,Driver,0,<16,N,N,N,None,N,N,N,Moped/scooter,moped_scooter,2018,2018,2018-10,Ward 5,reportdate
27852749,18189110,87724893,Driver,0,<16,N,N,N,None,N,N,N,Moped/scooter,moped_scooter,2018,2018,2018-11,Ward 6,reportdate
27778941,18142313,87440177,Driver,0,<16,N,N,N,None,N,N,N,Moped/scooter,moped_scooter,2018,2018,2018-08,Ward 8,reportdate
27497806,17199921,86421001,Driver,0,<16,N,N,N,None,N,N,N,Moped/scooter,moped_scooter,2017,2017,2017-11,Ward 5,reportdate
27526485,17216754,86526044,Driver,0,<16,N,N,N,None,N,N,N,Moped/scooter,moped_scooter,2017,2017,2017-12,Ward 1,reportdate
27581502,18022265,86722398,Driver,0,<16,N,N,N,None,N,N,N,Moped/scooter,moped_scooter,2018,2018,2018-02,Ward 6,reportdate
27772906,18138375,87415863,Driver,0,<16,N,N,N,None,N,N,N,Moped/scooter,moped_scooter,2018,2018,2018-08,Ward 6,reportdate
28029846,19075642,88382374,Driver,0,<16,N,N,N,None,N,N,Y,Moped/scooter,moped_scooter,2019,2019,2019-05,Ward 4,reportdate
28049150,19088325,88457883,Driver,0,<16,N,N,N,None,N,N,N,Moped/scooter,moped_scooter,2019,2019,2019-05,Ward 8,reportdate
28007805,19061328,88299531,Driver,0,<16,N,N,N,None,N,N,N,Moped/scooter,moped_scooter,2019,2019,2019-04,Ward 4,reportdate
27842933,18183047,87686529,Driver,0,<16,N,N,N,None,N,N,N,Moped/scooter,moped_scooter,2018,2018,2018-10,Ward 8,reportdate
27992042,19051022,88239150,Driver,0,<16,N,N,N,None,N,N,N,Moped/scooter,moped_scooter,2019,2019,2019-03,Ward 1,reportdate
28045731,19084100,88442046,Driver,0,<16,N,N,N,None,N,N,N,Moped/scooter,moped_scooter,2019,2019,2019-05,Ward 8,reportdate
27716869,18103142,87206892,Passenger,0,<16,N,N,N,None,N,N,N,Moped/scooter,moped_scooter,2018,2018,2018-06,Ward 1,reportdate
27842112,18182614,87681533,Driver,0,<16,N,N,N,None,N,N,N,Moped/scooter,moped_scooter,2018,2018,2018-10,Ward 1,reportdate
28108775,19127085,88687775,Passenger,0,<16,N,N,N,None,N,N,N,Moped/scooter,moped_scooter,2019,2019,2019-07,Ward 1,reportdate
27720445,18105237,87223444,Driver,0,<16,N,N,N,None,N,N,N,Moped/scooter,moped_scooter,2018,2018,2018-06,Ward 7,reportdate
27774702,18139403,87423821,Driver,0,<16,N,N,N,None,N,N,Y,Moped/scooter,moped_scooter,2018,2018,2018-08,Ward 2,reportdate
28198078,19185982,89035672,Driver,0,<16,N,N,N,None,N,N,N,Moped/scooter,moped_scooter,2019,2019,2019-10,Ward 2,reportdate
27750062,18124173,87330001,Driver,0,<16,N,N,N,None,N,N,N,Moped/scooter,moped_scooter,2018,2018,2018-07,Ward 1,reportdate
28183790,19176297,88980943,Driver,0,<16,N,N,N,None,N,N,Y,Moped/scooter,moped_scooter,2019,2019,2019-10,Ward 4,reportdate
28146878,19152021,88836429,Driver,0,<16,N,N,N,None,N,N,N,Moped/scooter,moped_scooter,2019,2019,2019-08,Ward 6,reportdate
28163260,19162527,88896155,Driver,0,<16,N,N,N,None,N,N,N,Moped/scooter,moped_scooter,2019,2019,2019-09,Ward 7,reportdate
28281135,20004783,89347137,Driver,0,<16,N,N,N,None,N,N,N,Moped/scooter,moped_scooter,2020,2020,2020-01,Ward 2,reportdate
27832023,18176221,87643875,Driver,0,<16,N,N,N,None,N,N,N,Moped/scooter,moped_scooter,2018,2018,2018-10,Ward 7,reportdate
28033756,19078171,88396993,Driver,0,<16,N,N,N,None,N,N,N,Moped/scooter,moped_scooter,2019,2019,2019-05,Ward 4,reportdate
28529654,20130862,90174161,Driver,0,<16,N,N,N,None,N,N,N,Moped/scooter,moped_scooter,2020,2020,2020-09,Ward 4,reportdate
28343863,20043434,89611839,Driver,0,<16,N,N,N,None,N,N,Y,Moped/scooter,moped_scooter,2020,2020,2020-03,Ward 2,reportdate
28180927,19174475,88969757,Driver,0,<16,N,N,N,None,N,N,N,Moped/scooter,moped_scooter,2019,2019,2019-09,Ward 2,reportdate
28175624,19170402,88947970,Driver,0,<16,N,N,N,None,N,N,N,Moped/scooter,moped_scooter,2019,2019,2019-09,Ward 2,reportdate
27778920,18142180,87439764,Driver,0,<16,N,N,N,None,N,N,Y,Moped/scooter,moped_scooter,2018,2018,2018-08,Ward 8,reportdate
27838993,18180662,87670776,Driver,0,<16,N,N,N,None,N,N,N,Moped/scooter,moped_scooter,2018,2018,2018-10,Ward 8,reportdate
26600395,09085933,84910039,Driver,0,<16,N,N,N,None,N,N,N,Moped/scooter,moped_scooter,2009,2009,2009-06,Ward 1,reportdate
28207978,19191966,89073939,Driver,0,<16,N,N,N,None,N,N,N,Moped/scooter,moped_scooter,2019,2019,2019-10,Ward 2,reportdate
28202181,19188448,89051280,Driver,0,<16,N,N,N,None,N,N,N,Moped/scooter,moped_scooter,2019,2019,2019-10,Ward 8,reportdate
28171938,19167914,88932511,Driver,0,<16,N,N,N,None,N,N,N,Moped/scooter,moped_scooter,2019,2019,2019-09,Ward 7,reportdate
28276706,20001637,89334205,Driver,0,<16,N,N,N,None,N,N,N,Moped/scooter,moped_scooter,2020,2020,2020-01,Ward 7,reportdate
28335078,20037982,89550296,Driver,0,<16,N,N,N,None,N,N,Y,Moped/scooter,moped_scooter,2020,2020,2020-03,Ward 8,reportdate
27984695,19046282,88209676,Driver,0,<16,N,N,N,None,N,N,N,Moped/scooter,moped_scooter,2019,2019,2019-03,Ward 7,reportdate
28538676,20135335,90200991,Driver,0,<16,N,N,N,None,N,N,N,Moped/scooter,moped_scooter,2020,2020,2020-09,Ward 7,reportdate
28466944,20100525,89984099,Driver,0,<16,N,N,N,None,N,N,N,Moped/scooter,moped_scooter,2020,2020,2020-07,Ward 8,reportdate
28483924,20108301,90034026,Driver,0,<16,N,N,N,None,N,N,N,Moped/scooter,moped_scooter,2020,2020,2020-07,Ward 6,reportdate
28411645,20073730,89816097,Driver,0,<16,N,N,N,None,N,N,Y,Moped/scooter,moped_scooter,2020,2020,2020-05,Ward 1,reportdate
27810837,18162956,87564760,Driver,0,<16,N,N,N,None,N,N,Y,Moped/scooter,moped_scooter,2018,2018,2018-09,Ward 4,reportdate
25272314,15068921,84681173,Driver,0,<16,N,N,N,None,N,N,N,Moped/scooter,moped_scooter,2015,2015,2015-05,Ward 4,reportdate
28484001,20108460,90035608,Driver,0,<16,N,N,N,None,N,N,N,Moped/scooter,moped_scooter,2020,2020,2020-07,Ward 8,reportdate
28520650,20126232,90145751,Driver,0,<16,N,N,N,None,N,N,N,Moped/scooter,moped_scooter,2020,2020,2020-09,Ward 5,reportdate
28140887,19148230,88811505,Driver,0,<16,N,N,N,None,N,N,N,Moped/scooter,moped_scooter,2019,2019,2019-08,Ward 1,reportdate
28628924,20180633,90473046,Driver,0,<16,N,N,N,None,N,N,N,Moped/scooter,moped_scooter,2020,2020,2020-12,Ward 8,reportdate
28150791,19154486,88850334,Driver,0,<16,N,N,N,None,N,N,N,Moped/scooter,moped_scooter,2019,2019,2019-08,Ward 1,reportdate
28769761,21060806,90899783,Driver,0,<16,N,N,N,None,N,N,N,Moped/scooter,moped_scooter,2021,2021,2021-05,Ward 5,reportdate
28209988,19193807,89082452,Driver,0,<16,N,N,N,None,N,N,N,Moped/scooter,moped_scooter,2019,2019,2019-10,Ward 3,reportdate
28608601,20170834,90413957,Driver,0,<16,N,N,N,None,N,N,Y,Moped/scooter,moped_scooter,2020,2020,2020-12,Ward 6,reportdate
28154091,19156667,88862301,Driver,0,<16,N,N,N,None,N,N,N,Moped/scooter,moped_scooter,2019,2019,2019-09,Ward 8,reportdate
28364751,20053578,89674385,Driver,0,<16,N,N,N,None,N,N,N,Moped/scooter,moped_scooter,2020,2020,2020-04,Ward 8,reportdate
28762923,21057390,90877982,Driver,0,<16,N,N,N,None,N,N,N,Moped/scooter,moped_scooter,2021,2021,2021-05,Ward 5,reportdate
28224648,19202976,89141631,Driver,0,<16,N,N,N,None,N,N,N,Moped/scooter,moped_scooter,2019,2019,2019-11,Ward 1,reportdate
28099748,19121158,88651627,Driver,0,<16,N,N,N,None,N,N,Y,Moped/scooter,moped_scooter,2019,2019,2019-07,Ward 7,reportdate
28186953,19178633,88991890,Driver,0,<16,N,N,N,None,N,N,N,Moped/scooter,moped_scooter,2019,2019,2019-10,Ward 1,reportdate
28364594,20053156,89674737,Driver,0,<16,N,N,N,None,N,N,N,Moped/scooter,moped_scooter,2020,2020,2020-04,Ward 8,reportdate
24715792,10078636,84711036,Driver,0,<16,N,Y,N,Major,N,N,N,Moped/scooter,moped_scooter,2010,2011,2011-06,Ward 5,reportdate
28811890,21082559,91032496,Driver,0,<16,N,N,N,None,N,N,N,Moped/scooter,moped_scooter,2021,2021,2021-06,Ward 4,reportdate
25293770,15089825,85023485,Driver,0,<16,N,N,N,None,N,N,N,Moped/scooter,moped_scooter,2015,2015,2015-06,Ward 7,reportdate
28328043,20033709,89523434,Driver,0,<16,N,N,N,None,N,N,N,Moped/scooter,moped_scooter,2020,2020,2020-02,Ward 2,reportdate
26593172,09045089,84557195,Driver,0,<16,N,N,Y,Minor,N,N,N,Moped/scooter,moped_scooter,2009,2009,2009-04,Ward 6,reportdate
25269872,15065843,84741496,Driver,0,<16,N,N,N,None,N,N,N,Moped/scooter,moped_scooter,2015,2015,2015-05,Ward 7,reportdate
28772005,21062212,90908026,Driver,0,<16,N,N,N,None,N,N,N,Moped/scooter,moped_scooter,2021,2021,2021-05,Ward 7,reportdate
28561820,20147614,90272315,Driver,0,<16,N,N,N,None,N,N,Y,Moped/scooter,moped_scooter,2020,2020,2020-10,Ward 6,reportdate
28810663,21083305,91029115,Driver,0,<16,N,N,N,None,N,N,N,Moped/scooter,moped_scooter,2021,2021,2021-06,Ward 2,reportdate
28430003,20083679,89871984,Driver,0,<16,N,N,N,None,N,N,N,Moped/scooter,moped_scooter,2020,2020,2020-06,Ward 5,reportdate
28585775,20159454,90345246,Driver,0,<16,N,N,N,None,N,N,N,Moped/scooter,moped_scooter,2020,2020,2020-11,Ward 7,reportdate
28497847,20115227,90076913,Passenger,0,<16,N,N,N,None,N,N,N,Moped/scooter,moped_scooter,2020,2020,2020-08,Ward 8,reportdate
28784990,21069389,90948348,Driver,0,<16,N,N,N,None,N,N,N,Moped/scooter,moped_scooter,2021,2021,2021-05,Ward 1,reportdate
28460773,20097802,89965906,Driver,0,<16,N,N,N,None,N,N,N,Moped/scooter,moped_scooter,2020,2020,2020-07,Ward 5,reportdate
28555837,20144512,90254539,Driver,0,<16,N,N,N,None,N,N,N,Moped/scooter,moped_scooter,2020,2020,2020-10,Ward 8,reportdate
28478784,20105906,90019891,Driver,0,<16,N,N,N,None,N,N,Y,Moped/scooter,moped_scooter,2020,2020,2020-07,Ward 4,reportdate
28757067,21054284,90860848,Driver,0,<16,N,N,N,None,N,N,N,Moped/scooter,moped_scooter,2021,2021,2021-04,Ward 7,reportdate
28800905,21077952,90999455,Driver,0,<16,N,N,N,None,N,N,N,Moped/scooter,moped_scooter,2021,2021,2021-06,Ward 8,reportdate
28506780,20119469,90103172,Driver,0,<16,N,N,N,None,N,N,N,Moped/scooter,moped_scooter,2020,2020,2020-08,Ward 1,reportdate
28764869,21058495,90883953,Driver,0,<16,N,N,N,None,N,N,N,Moped/scooter,moped_scooter,2021,2021,2021-05,Ward 1,reportdate
28821560,21089659,91065545,Driver,0,<16,N,N,N,None,N,N,N,Moped/scooter,moped_scooter,2021,2021,2021-07,Ward 7,reportdate
28822704,21090391,91069632,Driver,0,<16,N,N,N,None,N,N,N,Moped/scooter,moped_scooter,2021,2021,2021-07,Ward 7,reportdate
28826094,21092480,91078128,Driver,0,<16,N,N,N,None,N,N,N,Moped/scooter,moped_scooter,2021,2021,2021-07,Ward 7,reportdate
28826920,21092872,91081495,Driver,0,<16,N,N,N,None,N,N,N,Moped/scooter,moped_scooter,2021,2021,2021-07,Ward 2,reportdate
28484870,20108916,90038082,Driver,0,<16,N,N,N,None,N,N,N,Moped/scooter,moped_scooter,2020,2020,2020-07,Ward 6,reportdate
28807552,21081560,91020172,Driver,0,<16,N,N,N,None,N,N,N,Moped/scooter,moped_scooter,2021,2021,2021-06,Ward 1,reportdate
28725902,21039370,90764979,Driver,0,<16,N,N,N,None,N,N,N,Moped/scooter,moped_scooter,2021,2021,2021-03,Ward 7,reportdate
26616185,11029703,85029389,Driver,48,45-54,N,N,Y,Minor,N,N,N,Moped/scooter,moped_scooter,2011,2011,2011-03,Ward 6,reportdate
28837891,21099262,91119003,Driver,0,<16,N,N,N,None,N,N,N,Moped/scooter,moped_scooter,2021,2021,2021-07,Ward 7,reportdate
25315415,15112411,84615750,Driver,0,<16,N,N,N,None,N,N,N,Moped/scooter,moped_scooter,2015,2015,2015-07,Ward 1,reportdate
27655677,18065329,86980330,Driver,35,35-44,N,N,Y,Minor,N,N,N,Moped/scooter,moped_scooter,2018,2018,2018-04,Ward 2,reportdate
28813668,21085077,91040023,Driver,23,16-24,N,N,N,None,N,N,Y,Moped/scooter,moped_scooter,2021,2021,2021-06,Ward 6,reportdate
24657538,13093041,84730663,Driver,0,<16,N,N,N,None,N,N,N,Moped/scooter,moped_scooter,2013,2013,2013-07,Ward 7,reportdate
26753269,15179328,84742640,Driver,23,16-24,N,N,N,None,N,N,Y,Moped/scooter,moped_scooter,2015,2015,2015-11,Ward 2,reportdate
26600395,09085933,84690613,Passenger,0,<16,N,N,N,None,N,N,N,Moped/scooter,moped_scooter,2009,2009,2009-06,Ward 1,reportdate
24608232,13068206,84581554,Driver,34,25-34,N,N,N,None,N,N,N,Moped/scooter,moped_scooter,2013,2013,2013-05,Ward 1,reportdate
26957683,16086975,84776008,Driver,52,45-54,N,Y,N,Major,N,N,Y,Moped/scooter,moped_scooter,2016,2016,2016-05,Ward 1,reportdate
28116206,19132135,88717736,Passenger,24,16-24,N,Y,N,Major,N,N,N,Moped/scooter,moped_scooter,2019,2019,2019-07,Ward 8,reportdate
28806034,21080851,91039750,Driver,52,45-54,N,N,N,None,N,N,N,Moped/scooter,moped_scooter,2021,2021,2021-06,Ward 4,reportdate
25315698,15112473,84745053,Driver,0,<16,N,N,N,None,N,N,N,Moped/scooter,moped_scooter,2015,2015,2015-07,Ward 8,reportdate
26592893,09045295,84555027,Passenger,0,<16,N,N,N,None,N,N,N,Moped/scooter,moped_scooter,2009,2009,2009-04,Ward 7,reportdate
26482739,11081851,84589456,Driver,0,<16,N,N,N,None,N,Y,N,Moped/scooter,moped_scooter,2011,2011,2011-06,Ward 4,reportdate
28795972,21075210,90982403,Driver,22,16-24,N,N,Y,Minor,N,N,Y,Moped/scooter,moped_scooter,2021,2021,2021-06,Ward 1,reportdate
26599863,08155602,84741866,Driver,0,<16,N,N,N,None,N,N,N,Moped/scooter,moped_scooter,2008,2008,2008-11,Ward 1,reportdate
26634984,12085429,85016064,Driver,0,<16,N,N,N,None,N,N,N,Moped/scooter,moped_scooter,2012,2012,2012-06,Ward 4,reportdate
26645380,10149223,84621211,Driver,21,16-24,N,N,N,None,N,N,N,Moped/scooter,moped_scooter,2010,2010,2010-10,Ward 2,reportdate
26918578,16062072,84922218,Driver,35,35-44,N,N,N,None,N,N,Y,Moped/scooter,moped_scooter,2016,2016,2016-04,Ward 6,reportdate
26635395,12087762,84717479,Driver,0,<16,N,Y,N,Major,N,N,N,Moped/scooter,moped_scooter,2012,2012,2012-06,Ward 8,reportdate
26641172,10127396,84863858,Driver,0,<16,N,N,N,None,N,N,N,Moped/scooter,moped_scooter,2010,2010,2010-09,Ward 6,reportdate
27432573,17159993,86177544,Driver,39,35-44,N,N,Y,Minor,N,N,N,Moped/scooter,moped_scooter,2017,2017,2017-09,Ward 4,reportdate
28152909,19155881,88858483,Driver,46,45-54,N,N,Y,Minor,N,N,N,Moped/scooter,moped_scooter,2019,2019,2019-09,Ward 2,reportdate
26664242,15132980,84634921,Driver,26,25-34,N,N,Y,Minor,N,N,N,Moped/scooter,moped_scooter,2015,2015,2015-08,Ward 3,reportdate
26889017,16044167,84661880,Driver,0,<16,N,N,N,None,N,N,N,Moped/scooter,moped_scooter,2016,2016,2016-03,Ward 1,reportdate
28082953,19110283,88585422,Driver,19,16-24,N,N,N,None,N,N,Y,Moped/scooter,moped_scooter,2019,2019,2019-06,Ward 2,reportdate
26970864,16095801,84723641,Driver,0,<16,N,N,N,None,N,N,N,Moped/scooter,moped_scooter,2016,2016,2016-06,Ward 4,reportdate
26981050,16102475,85039054,Driver,0,<16,N,N,N,None,N,N,N,Moped/scooter,moped_scooter,2016,2016,2016-06,Ward 6,reportdate
27082015,16167108,84620657,Driver,0,<16,N,N,N,None,N,N,Y,Moped/scooter,moped_scooter,2016,2016,2016-10,Ward 2,reportdate
27315590,17082625,85738065,Driver,32,25-34,N,N,N,None,N,N,N,Moped/scooter,moped_scooter,2017,2017,2017-05,Ward 1,reportdate
27053705,16148756,84609764,Driver,0,<16,N,N,N,None,N,N,Y,Moped/scooter,moped_scooter,2016,2016,2016-09,Ward 1,reportdate
27905758,18221173,87922111,Driver,35,35-44,N,N,Y,Minor,N,N,N,Moped/scooter,moped_scooter,2018,2018,2018-12,Ward 3,reportdate
27040878,16140618,84752126,Driver,0,<16,N,N,N,None,N,N,N,Moped/scooter,moped_scooter,2016,2016,2016-08,Ward 1,reportdate
26647051,10155653,84917580,Driver,0,<16,N,N,N,None,N,N,N,Moped/scooter,moped_scooter,2010,2010,2010-10,Ward 1,reportdate
28493872,20113316,90065161,Driver,25,25-34,N,N,N,None,N,N,N,Moped/scooter,moped_scooter,2020,2020,2020-08,Ward 2,reportdate
27168887,16218403,85207324,Driver,0,<16,N,N,N,None,N,N,N,Moped/scooter,moped_scooter,2016,2016,2016-12,Ward 4,reportdate
28652600,21006073,90545607,Pedestrian,0,<16,N,N,Y,Minor,N,N,N,Moped/scooter,moped_scooter,2021,2021,2021-01,Ward 6,reportdate
26661358,15131454,84849628,Driver,0,<16,N,N,N,None,N,N,N,Moped/scooter,moped_scooter,2015,2015,2015-08,Ward 6,reportdate
28204001,19189900,89059511,Driver,51,45-54,N,N,N,None,N,N,N,Moped/scooter,moped_scooter,2019,2019,2019-10,Ward 2,reportdate
26697596,15147029,84598600,Driver,0,<16,N,N,N,None,N,N,N,Moped/scooter,moped_scooter,2015,2015,2015-09,Ward 8,reportdate
26697593,15147013,84697136,Driver,53,45-54,N,N,Y,Minor,N,N,Y,Moped/scooter,moped_scooter,2015,2015,2015-09,Ward 7,reportdate
27393536,17135429,86029691,Driver,35,35-44,N,N,Y,Minor,N,N,N,Moped/scooter,moped_scooter,2017,2017,2017-08,Ward 5,reportdate
27480668,17189474,86358139,Driver,19,16-24,N,Y,N,Major,N,N,Y,Moped/scooter,moped_scooter,2017,2017,2017-11,Ward 4,reportdate
27392901,17135270,86025997,Driver,20,16-24,N,N,N,None,N,N,N,Moped/scooter,moped_scooter,2017,2017,2017-08,Ward 8,reportdate
28226695,19204454,89148172,Driver,24,16-24,N,N,Y,Minor,N,N,N,Moped/scooter,moped_scooter,2019,2019,2019-11,Ward 6,reportdate
27484696,17192111,86371792,Driver,27,25-34,N,N,Y,Minor,N,N,Y,Moped/scooter,moped_scooter,2017,2017,2017-11,Ward 2,reportdate
27354698,17110814,85887033,Driver,0,<16,N,N,N,None,N,N,Y,Moped/scooter,moped_scooter,2017,2017,2017-06,Ward 2,reportdate
26894838,16047661,84865161,Driver,0,<16,N,N,N,None,N,N,N,Moped/scooter,moped_scooter,2016,2016,2016-03,Ward 6,reportdate
27228873,17031209,85414127,Driver,26,25-34,N,N,N,None,N,N,N,Moped/scooter,moped_scooter,2017,2017,2017-02,Ward 5,reportdate
26633659,12083523,84691042,Driver,21,16-24,N,N,N,None,N,N,N,Moped/scooter,moped_scooter,2012,2012,2012-06,Ward 3,reportdate
26928465,16068263,84646105,Driver,56,55-64,N,N,Y,Minor,N,N,N,Moped/scooter,moped_scooter,2016,2016,2016-05,Ward 8,reportdate
27595718,18030678,86770229,Driver,0,<16,N,N,N,None,N,N,N,Moped/scooter,moped_scooter,2018,2018,2018-02,Ward 2,reportdate
25204347,14198256,84834977,Driver,18,16-24,N,N,Y,Minor,N,N,N,Moped/scooter,moped_scooter,2014,2014,2014-12,Null,reportdate
28184881,19177039,88985659,Driver,25,25-34,N,N,N,None,N,N,N,Moped/scooter,moped_scooter,2019,2019,2019-10,Ward 7,reportdate
27718741,18104202,87216950,Driver,0,<16,N,N,N,None,N,N,N,Moped/scooter,moped_scooter,2018,2018,2018-06,Ward 8,reportdate
27792784,18151250,87495211,Driver,0,<16,N,N,N,None,N,N,N,Moped/scooter,moped_scooter,2018,2018,2018-09,Ward 5,reportdate
28524795,20128459,90157343,Passenger,31,25-34,N,N,N,None,N,N,N,Moped/scooter,moped_scooter,2020,2020,2020-09,Ward 8,reportdate
27350672,17108310,85871385,Driver,0,<16,N,N,N,None,N,N,Y,Moped/scooter,moped_scooter,2017,2017,2017-06,Ward 1,reportdate
27734740,18114227,87272439,Driver,0,<16,N,N,N,None,N,N,N,Moped/scooter,moped_scooter,2018,2018,2018-07,Ward 8,reportdate
27738493,18116499,87288766,Driver,0,<16,N,N,N,None,N,N,N,Moped/scooter,moped_scooter,2018,2018,2018-07,Ward 1,reportdate
28019902,19068757,88343979,Driver,0,<16,N,N,N,None,N,N,N,Moped/scooter,moped_scooter,2019,2019,2019-04,Ward 8,reportdate
27981952,19044584,88197184,Driver,0,<16,N,N,N,None,N,N,N,Moped/scooter,moped_scooter,2019,2019,2019-03,Ward 7,reportdate
28118701,19133606,88729095,Driver,0,<16,N,N,N,None,N,N,N,Moped/scooter,moped_scooter,2019,2019,2019-07,Ward 5,reportdate
28049877,19088859,88458345,Driver,0,<16,N,N,N,None,N,N,N,Moped/scooter,moped_scooter,2019,2019,2019-05,Ward 4,reportdate
27908767,19000934,87931997,Driver,0,<16,N,N,N,None,N,N,N,Moped/scooter,moped_scooter,2019,2019,2019-01,Ward 1,reportdate
27771032,18137225,87409203,Driver,0,<16,N,N,N,None,N,N,N,Moped/scooter,moped_scooter,2018,2018,2018-08,Ward 1,reportdate
28245558,19215931,89218300,Driver,0,<16,N,N,N,None,N,N,Y,Moped/scooter,moped_scooter,2019,2019,2019-12,Ward 2,reportdate
26719628,15159169,84621459,Driver,55,55-64,N,N,N,None,N,N,Y,Moped/scooter,moped_scooter,2015,2015,2015-10,Ward 6,reportdate
28108775,19127085,88686062,Driver,35,35-44,N,N,N,None,N,N,Y,Moped/scooter,moped_scooter,2019,2019,2019-07,Ward 1,reportdate
28061627,19095916,88502701,Driver,0,<16,N,N,N,None,N,N,N,Moped/scooter,moped_scooter,2019,2019,2019-06,Ward 7,reportdate
28195700,19184342,89028813,Driver,0,<16,N,N,N,None,N,N,N,Moped/scooter,moped_scooter,2019,2019,2019-10,Ward 6,reportdate
26937704,16074099,84943457,Driver,0,<16,N,N,N,None,N,N,N,Moped/scooter,moped_scooter,2016,2016,2016-05,Ward 8,reportdate
28149958,19154009,88846990,Driver,0,<16,N,N,N,None,N,N,N,Moped/scooter,moped_scooter,2019,2019,2019-08,Ward 2,reportdate
26996522,16112548,84930307,Driver,20,16-24,N,N,Y,Minor,N,N,Y,Moped/scooter,moped_scooter,2016,2016,2016-07,Ward 8,reportdate
26948056,16080819,84958101,Driver,0,<16,N,N,N,None,N,N,N,Moped/scooter,moped_scooter,2016,2016,2016-05,Ward 6,reportdate
28127926,19139771,88761038,Driver,0,<16,N,N,N,None,N,N,N,Moped/scooter,moped_scooter,2019,2019,2019-08,Ward 5,reportdate
28147012,19152180,88836677,Driver,0,<16,N,N,N,None,N,N,Y,Moped/scooter,moped_scooter,2019,2019,2019-08,Ward 7,reportdate
26953721,16084329,84833875,Driver,31,25-34,N,N,Y,Minor,N,N,N,Moped/scooter,moped_scooter,2016,2016,2016-05,Ward 2,reportdate
26661569,15131210,84831059,Driver,28,25-34,N,N,N,None,N,N,Y,Moped/scooter,moped_scooter,2015,2015,2015-08,Ward 1,reportdate
28195771,19184425,89027335,Driver,0,<16,N,N,N,None,N,N,N,Moped/scooter,moped_scooter,2019,2019,2019-10,Ward 4,reportdate
27220506,17026823,85388559,Driver,36,35-44,N,N,Y,Minor,N,N,N,Moped/scooter,moped_scooter,2017,2017,2017-02,Ward 8,reportdate
28138683,19146725,88804536,Driver,0,<16,N,N,N,None,N,N,N,Moped/scooter,moped_scooter,2019,2019,2019-08,Ward 2,reportdate
28223024,19202322,89133569,Driver,0,<16,N,N,N,None,N,N,N,Moped/scooter,moped_scooter,2019,2019,2019-11,Ward 2,reportdate
28253041,19220780,89247037,Driver,0,<16,N,N,N,None,N,N,N,Moped/scooter,moped_scooter,2019,2019,2019-12,Ward 2,reportdate
27018828,16126751,84888543,Driver,0,<16,N,N,N,None,N,N,N,Moped/scooter,moped_scooter,2016,2016,2016-07,Ward 5,reportdate
27630790,18050568,86888897,Driver,53,45-54,N,N,Y,Minor,N,N,Y,Moped/scooter,moped_scooter,2018,2018,2018-03,Ward 1,reportdate
27054066,16149114,85002985,Driver,0,<16,N,N,N,None,N,N,N,Moped/scooter,moped_scooter,2016,2016,2016-09,Ward 8,reportdate
27046727,16144273,84761718,Driver,0,<16,N,N,N,None,N,N,N,Moped/scooter,moped_scooter,2016,2016,2016-08,Ward 5,reportdate
27042810,16141751,84867810,Driver,0,<16,N,N,N,None,N,N,N,Moped/scooter,moped_scooter,2016,2016,2016-08,Ward 2,reportdate
25045718,14098243,84638836,Driver,36,35-44,N,N,N,None,N,N,N,Moped/scooter,moped_scooter,2014,2014,2014-07,Null,reportdate
28350896,20047688,89632270,Driver,0,<16,N,N,N,None,N,N,Y,Moped/scooter,moped_scooter,2020,2020,2020-03,Ward 6,reportdate
28122051,19136033,88736939,Driver,18,16-24,N,Y,N,Major,N,N,N,Moped/scooter,moped_scooter,2019,2019,2019-08,Ward 8,reportdate
28421899,20078996,89846335,Driver,0,<16,N,N,N,None,N,N,N,Moped/scooter,moped_scooter,2020,2020,2020-05,Ward 5,reportdate
27307535,17079838,85705797,Driver,35,35-44,N,N,Y,Minor,N,N,N,Moped/scooter,moped_scooter,2017,2017,2017-05,Ward 5,reportdate
28506978,20119696,90103739,Driver,37,35-44,N,N,N,None,N,N,Y,Moped/scooter,moped_scooter,2020,2020,2020-08,Ward 3,reportdate
27025951,16131398,84856521,Driver,26,25-34,N,Y,N,Major,N,N,Y,Moped/scooter,moped_scooter,2016,2016,2016-08,Ward 2,reportdate
27275792,17059904,85588070,Driver,0,<16,N,N,N,None,N,N,Y,Moped/scooter,moped_scooter,2017,2017,2017-04,Ward 4,reportdate
28819563,21088407,91058586,Driver,28,25-34,N,N,Y,Minor,N,N,N,Moped/scooter,moped_scooter,2021,2021,2021-06,Ward 1,reportdate
27293120,17070447,85647975,Driver,0,<16,N,N,N,None,N,N,Y,Moped/scooter,moped_scooter,2017,2017,2017-04,Ward 6,reportdate
28507817,20120031,90106170,Driver,0,<16,N,N,N,None,N,N,N,Moped/scooter,moped_scooter,2020,2020,2020-08,Ward 5,reportdate
28472849,20103258,90001224,Driver,0,<16,N,N,N,None,N,N,N,Moped/scooter,moped_scooter,2020,2020,2020-07,Ward 4,reportdate
28549835,20141306,90235055,Driver,0,<16,N,N,N,None,N,N,N,Moped/scooter,moped_scooter,2020,2020,2020-10,Ward 6,reportdate
27327002,17092803,85781223,Driver,0,<16,N,N,N,None,N,N,N,Moped/scooter,moped_scooter,2017,2017,2017-06,Ward 4,reportdate
28403725,20070085,89791040,Driver,0,<16,N,N,N,None,N,N,N,Moped/scooter,moped_scooter,2020,2020,2020-05,Ward 7,reportdate
27350590,17108237,85871336,Driver,0,<16,N,N,N,None,N,N,N,Moped/scooter,moped_scooter,2017,2017,2017-06,Ward 8,reportdate
27444872,17168028,86224754,Driver,0,<16,N,N,N,None,N,N,N,Moped/scooter,moped_scooter,2017,2017,2017-09,Ward 5,reportdate
27554843,18007678,86623007,Driver,0,<16,N,N,N,None,N,N,Y,Moped/scooter,moped_scooter,2018,2018,2018-01,Ward 1,reportdate
28223024,19202322,89133186,Passenger,46,45-54,N,N,N,None,Y,N,N,Moped/scooter,moped_scooter,2019,2019,2019-11,Ward 2,reportdate
27538582,17223065,86567777,Driver,0,<16,N,N,N,None,N,N,N,Moped/scooter,moped_scooter,2017,2017,2017-12,Ward 6,reportdate
27114001,16187235,84642820,Driver,32,25-34,N,N,Y,Minor,N,N,Y,Moped/scooter,moped_scooter,2016,2016,2016-11,Ward 1,reportdate
27479895,17189040,86352157,Driver,0,<16,N,N,N,None,N,N,N,Moped/scooter,moped_scooter,2017,2017,2017-10,Ward 4,reportdate
27638040,18054809,86914997,Driver,0,<16,N,N,N,None,N,N,N,Moped/scooter,moped_scooter,2018,2018,2018-04,Ward 4,reportdate
26595144,08093001,84650392,Driver,31,25-34,N,N,N,None,N,N,N,Moped/scooter,moped_scooter,2008,2008,2008-07,Ward 2,reportdate
27069625,16158986,84730464,Driver,22,16-24,N,N,Y,Minor,N,N,Y,Moped/scooter,moped_scooter,2016,2016,2016-09,Ward 4,reportdate
27740576,18117977,87297221,Driver,0,<16,N,N,N,None,N,N,Y,Moped/scooter,moped_scooter,2018,2018,2018-07,Ward 8,reportdate
27556686,18008380,86628938,Driver,31,25-34,N,N,N,None,N,N,N,Moped/scooter,moped_scooter,2018,2018,2018-01,Ward 4,reportdate
26868051,16031907,84877689,Driver,17,16-24,N,N,N,None,N,N,N,Moped/scooter,moped_scooter,2016,2016,2016-03,Ward 3,reportdate
27736075,18115013,87276984,Pedestrian,0,<16,N,N,N,None,N,N,N,Moped/scooter,moped_scooter,2018,2018,2018-07,Ward 1,reportdate
27702565,18093663,87152758,Driver,0,<16,N,N,N,None,N,N,N,Moped/scooter,moped_scooter,2018,2018,2018-06,Ward 8,reportdate
27711527,18098981,87186854,Driver,0,<16,N,N,N,None,N,N,Y,Moped/scooter,moped_scooter,2018,2018,2018-06,Ward 7,reportdate
27698909,18091666,87135856,Driver,0,<16,N,N,N,None,N,N,N,Moped/scooter,moped_scooter,2018,2018,2018-06,Ward 8,reportdate
26670376,15136644,84660333,Driver,26,25-34,N,N,N,None,N,N,N,Moped/scooter,moped_scooter,2015,2015,2015-09,Ward 6,reportdate
27710865,18099129,87183610,Driver,0,<16,N,N,N,None,N,N,N,Moped/scooter,moped_scooter,2018,2018,2018-06,Ward 8,reportdate
27817472,18167002,87592072,Driver,0,<16,N,N,N,None,N,N,Y,Moped/scooter,moped_scooter,2018,2018,2018-10,Ward 7,reportdate
27793454,18151467,87498010,Driver,0,<16,N,N,N,None,N,N,N,Moped/scooter,moped_scooter,2018,2018,2018-09,Ward 2,reportdate
28162682,19162219,88897778,Driver,22,16-24,N,N,Y,Minor,N,N,Y,Moped/scooter,moped_scooter,2019,2019,2019-09,Ward 2,reportdate
27345021,17104651,85848517,Passenger,15,<16,N,N,Y,Minor,N,N,N,Moped/scooter,moped_scooter,2017,2017,2017-06,Ward 8,reportdate
24544495,13049995,84735801,Driver,27,25-34,N,N,N,None,N,N,N,Moped/scooter,moped_scooter,2013,2013,2013-04,Ward 3,reportdate
27221812,17028115,85390702,Passenger,24,16-24,N,N,N,None,N,N,N,Moped/scooter,moped_scooter,2017,2017,2017-02,Ward 6,reportdate
27931746,19014210,88013138,Driver,0,<16,N,N,N,None,N,N,N,Moped/scooter,moped_scooter,2019,2019,2019-01,Ward 5,reportdate
28776914,21064805,90922986,Driver,0,<16,N,N,N,None,N,N,N,Moped/scooter,moped_scooter,2021,2021,2021-05,Ward 4,reportdate
28795800,21075004,90985891,Driver,0,<16,N,N,N,None,N,N,N,Moped/scooter,moped_scooter,2021,2021,2021-06,Ward 2,reportdate
28087902,19113465,88605578,Driver,44,35-44,N,N,Y,Minor,N,N,N,Moped/scooter,moped_scooter,2019,2019,2019-06,Ward 2,reportdate
27816758,18166693,87587004,Driver,24,16-24,N,N,Y,Minor,N,N,Y,Moped/scooter,moped_scooter,2018,2018,2018-10,Ward 1,reportdate
28832828,21096307,91102185,Driver,0,<16,N,N,N,None,N,N,Y,Moped/scooter,moped_scooter,2021,2021,2021-07,Ward 8,reportdate
28727940,21040326,90771509,Driver,0,<16,N,N,N,None,N,N,N,Moped/scooter,moped_scooter,2021,2021,2021-03,Ward 8,reportdate
28829843,21094613,91093402,Driver,0,<16,N,N,N,None,N,N,Y,Moped/scooter,moped_scooter,2021,2021,2021-07,Ward 7,reportdate
28850715,21106066,91160857,Driver,0,<16,N,N,N,None,N,N,N,Moped/scooter,moped_scooter,2021,2021,2021-07,Ward 5,reportdate
28806018,21080845,91014065,Driver,0,<16,N,N,N,None,N,N,Y,Moped/scooter,moped_scooter,2021,2021,2021-06,Ward 2,reportdate
26641463,10124645,84561982,Driver,0,<16,N,N,N,None,N,N,N,Moped/scooter,moped_scooter,2010,2010,2010-08,Ward 2,reportdate
26637624,10102293,84857075,Driver,0,<16,N,Y,N,Major,N,N,N,Moped/scooter,moped_scooter,2010,2010,2010-07,Ward 4,reportdate
24953743,13140910,84662616,Driver,19,16-24,N,N,N,None,N,N,N,Moped/scooter,moped_scooter,2013,2013,2013-10,Ward 1,reportdate
24438006,13016534,84622161,Driver,0,<16,N,N,N,None,N,N,N,Moped/scooter,moped_scooter,2013,2013,2013-02,Ward 2,reportdate
25162722,14062898,84672856,Driver,51,45-54,N,N,N,None,N,N,N,Moped/scooter,moped_scooter,2014,2014,2014-05,Ward 5,reportdate
27707878,18097396,87172590,Driver,19,16-24,N,N,Y,Minor,N,N,Y,Moped/scooter,moped_scooter,2018,2018,2018-06,Ward 1,reportdate
28821900,21090021,91066206,Driver,0,<16,N,N,N,None,N,N,N,Moped/scooter,moped_scooter,2021,2021,2021-07,Ward 8,reportdate
26592999,09041835,84716296,Driver,0,<16,N,N,N,None,N,N,N,Moped/scooter,moped_scooter,2009,2009,2009-03,Ward 5,reportdate
28066145,19099321,88516873,Driver,39,35-44,N,Y,N,Major,N,N,Y,Moped/scooter,moped_scooter,2019,2019,2019-06,Ward 7,reportdate
26592681,09041420,84602968,Driver,50,45-54,N,N,N,None,N,N,N,Moped/scooter,moped_scooter,2009,2009,2009-03,Ward 5,reportdate
27430751,17158790,86169113,Driver,58,55-64,N,N,Y,Minor,N,N,N,Moped/scooter,moped_scooter,2017,2017,2017-09,Ward 7,reportdate
26602556,09110911,84814816,Driver,0,<16,N,N,N,None,N,N,N,Moped/scooter,moped_scooter,2009,2009,2009-08,Ward 6,reportdate
28736815,21044751,90797470,Driver,53,45-54,N,N,Y,Minor,N,N,N,Moped/scooter,moped_scooter,2021,2021,2021-04,Ward 6,reportdate
26625238,12054569,84588272,Driver,24,16-24,N,N,Y,Minor,N,N,N,Moped/scooter,moped_scooter,2012,2012,2012-04,Ward 5,reportdate
28079985,19108365,88574759,Driver,0,<16,N,N,N,None,N,N,N,Moped/scooter,moped_scooter,2019,2019,2019-06,Ward 2,reportdate
28121900,19135845,88736752,Driver,0,<16,N,N,N,None,N,N,N,Moped/scooter,moped_scooter,2019,2019,2019-08,Ward 5,reportdate
28107981,19126677,88683095,Driver,0,<16,N,N,N,None,N,N,N,Moped/scooter,moped_scooter,2019,2019,2019-07,Ward 6,reportdate
28076685,19106073,88562351,Driver,0,<16,N,N,N,None,N,N,Y,Moped/scooter,moped_scooter,2019,2019,2019-06,Ward 2,reportdate
28099983,19121377,88650991,Driver,0,<16,N,N,N,None,N,Y,N,Moped/scooter,moped_scooter,2019,2019,2019-07,Ward 8,reportdate
27255741,17047346,85512927,Driver,48,45-54,N,N,Y,Minor,N,N,Y,Moped/scooter,moped_scooter,2017,2017,2017-03,Ward 2,reportdate
28483070,20108036,90034048,Driver,40,35-44,N,N,N,None,N,N,Y,Moped/scooter,moped_scooter,2020,2020,2020-07,Ward 1,reportdate
28116781,19132357,88717884,Driver,0,<16,N,N,N,None,N,N,N,Moped/scooter,moped_scooter,2019,2019,2019-07,Ward 6,reportdate
28172194,19168661,88936385,Driver,30,25-34,N,N,N,None,N,N,N,Moped/scooter,moped_scooter,2019,2019,2019-09,Ward 5,reportdate
25143337,14147869,84761632,Driver,0,<16,N,N,N,None,N,N,N,Moped/scooter,moped_scooter,2014,2014,2014-09,Ward 1,reportdate
23678279,11074361,84777246,Driver,51,45-54,N,N,N,None,N,N,N,Moped/scooter,moped_scooter,2011,2011,2011-05,Ward 6,reportdate
26628770,10076350,84860217,Driver,30,25-34,N,N,N,None,N,N,N,Moped/scooter,moped_scooter,2010,2010,2010-06,Ward 1,reportdate
28152090,19155421,88855817,Driver,0,<16,N,N,N,None,N,N,N,Moped/scooter,moped_scooter,2019,2019,2019-09,Ward 8,reportdate
24186685,12122854,84915957,Driver,42,35-44,N,N,N,None,N,N,N,Moped/scooter,moped_scooter,2012,2012,2012-08,Ward 7,reportdate
28195134,19184136,89025053,Driver,21,16-24,N,N,N,None,N,N,N,Moped/scooter,moped_scooter,2019,2019,2019-10,Ward 5,reportdate
26633590,12078020,84853914,Driver,30,25-34,N,N,N,None,N,N,N,Moped/scooter,moped_scooter,2012,2012,2012-06,Ward 5,reportdate
26640892,10130851,84976671,Driver,0,<16,N,Y,N,Major,N,N,N,Moped/scooter,moped_scooter,2010,2010,2010-09,Ward 8,reportdate
27882035,18207303,87834407,Driver,25,25-34,N,N,Y,Minor,N,N,N,Moped/scooter,moped_scooter,2018,2018,2018-12,Ward 6,reportdate
28419874,20077848,89839033,Driver,29,25-34,N,N,Y,Minor,N,N,N,Moped/scooter,moped_scooter,2020,2020,2020-05,Ward 1,reportdate
27194704,17012183,85293590,Driver,32,25-34,N,N,N,None,N,N,N,Moped/scooter,moped_scooter,2017,2017,2017-01,Ward 1,reportdate
28125123,19137849,88748864,Driver,37,35-44,N,N,N,None,N,N,N,Moped/scooter,moped_scooter,2019,2019,2019-08,Ward 6,reportdate
27483873,17191717,86368033,Driver,20,16-24,N,N,Y,Minor,N,N,N,Moped/scooter,moped_scooter,2017,2017,2017-11,Ward 1,reportdate
28249753,19217521,89235773,Driver,45,45-54,N,N,N,None,N,N,N,Moped/scooter,moped_scooter,2019,2019,2019-12,Ward 6,reportdate
26744547,15174072,84704991,Driver,33,25-34,N,N,Y,Minor,N,N,Y,Moped/scooter,moped_scooter,2015,2015,2015-11,Ward 1,reportdate
26817485,16005440,84998657,Driver,18,16-24,N,N,Y,Minor,N,N,Y,Moped/scooter,moped_scooter,2016,2016,2016-01,Ward 1,reportdate
28423796,20079908,89851487,Driver,26,25-34,N,N,Y,Minor,N,N,N,Moped/scooter,moped_scooter,2020,2020,2020-05,Ward 5,reportdate
28349755,20047017,89628974,Driver,30,25-34,N,N,N,None,N,N,N,Moped/scooter,moped_scooter,2020,2020,2020-03,Ward 2,reportdate
26636315,11106272,84886679,Driver,57,55-64,N,N,Y,Minor,N,N,N,Moped/scooter,moped_scooter,2011,2011,2011-07,Ward 5,reportdate
27382999,17129217,85991836,Driver,51,45-54,N,N,Y,Minor,N,N,Y,Moped/scooter,moped_scooter,2017,2017,2017-07,Ward 3,reportdate
28326746,20031450,89521010,Driver,45,45-54,N,N,N,None,N,N,N,Moped/scooter,moped_scooter,2020,2020,2020-02,Ward 2,reportdate
28196081,19184641,89028280,Driver,47,45-54,N,N,Y,Minor,N,N,N,Moped/scooter,moped_scooter,2019,2019,2019-10,Ward 2,reportdate
27850841,18188054,87716240,Driver,36,35-44,N,N,Y,Minor,N,N,N,Moped/scooter,moped_scooter,2018,2018,2018-11,Ward 2,reportdate
26617330,10026050,84594596,Driver,26,25-34,N,N,Y,Minor,N,N,N,Moped/scooter,moped_scooter,2010,2010,2010-03,Ward 1,reportdate
28065141,19098594,88513609,Driver,45,45-54,N,N,Y,Minor,N,N,N,Moped/scooter,moped_scooter,2019,2019,2019-06,Ward 6,reportdate
27240661,17037191,85457795,Driver,57,55-64,N,Y,N,Major,N,N,N,Moped/scooter,moped_scooter,2017,2017,2017-03,Ward 3,reportdate
24703506,13116346,84904132,Driver,27,25-34,N,N,N,None,N,N,N,Moped/scooter,moped_scooter,2013,2013,2013-08,Ward 8,reportdate
28620774,20176884,90449943,Passenger,25,25-34,N,N,Y,Minor,N,N,N,Moped/scooter,moped_scooter,2020,2020,2020-12,Ward 4,reportdate
28803553,21079269,91008655,Driver,66,65+,N,N,N,None,N,N,N,Moped/scooter,moped_scooter,2021,2021,2021-06,Ward 2,reportdate
26626096,11068917,84943474,Driver,35,35-44,N,N,Y,Minor,N,N,N,Moped/scooter,moped_scooter,2011,2011,2011-05,Ward 5,reportdate
26605207,09130375,84640657,Driver,48,45-54,N,N,N,None,N,N,N,Moped/scooter,moped_scooter,2009,2009,2009-09,Ward 8,reportdate
28217743,19198943,89114764,Driver,40,35-44,N,N,Y,Minor,N,N,N,Moped/scooter,moped_scooter,2019,2019,2019-11,Ward 2,reportdate
26637962,11110325,84839805,Driver,41,35-44,N,N,Y,Minor,N,N,N,Moped/scooter,moped_scooter,2011,2011,2011-07,Ward 6,reportdate
28674863,21016169,90611811,Driver,25,25-34,N,N,Y,Minor,N,N,Y,Moped/scooter,moped_scooter,2021,2021,2021-02,Ward 3,reportdate
28758031,21054892,90863132,Driver,63,55-64,N,N,N,None,N,N,Y,Moped/scooter,moped_scooter,2021,2021,2021-04,Ward 6,reportdate
28491761,20112259,90058569,Driver,43,35-44,N,N,N,None,N,N,Y,Moped/scooter,moped_scooter,2020,2020,2020-08,Ward 8,reportdate
27755124,18127422,87354303,Driver,50,45-54,N,N,N,None,N,N,Y,Moped/scooter,moped_scooter,2018,2018,2018-08,Ward 8,reportdate
28451793,20093823,89938754,Driver,57,55-64,N,N,Y,Minor,N,N,N,Moped/scooter,moped_scooter,2020,2020,2020-06,Ward 2,reportdate
27838799,18180395,87670778,Driver,26,25-34,N,N,N,None,N,N,N,Moped/scooter,moped_scooter,2018,2018,2018-10,Ward 5,reportdate
26606174,09145847,84988140,Driver,18,16-24,N,N,N,None,N,N,N,Moped/scooter,moped_scooter,2009,2009,2009-10,Ward 4,reportdate
27296846,17072757,85663427,Driver,35,35-44,N,N,Y,Minor,N,N,N,Moped/scooter,moped_scooter,2017,2017,2017-05,Ward 8,reportdate
27070635,16159628,84628810,Driver,55,55-64,N,N,Y,Minor,N,N,N,Moped/scooter,moped_scooter,2016,2016,2016-09,Ward 2,reportdate
28771711,21061975,90907686,Passenger,19,16-24,N,N,Y,Minor,N,N,N,Moped/scooter,moped_scooter,2021,2021,2021-05,Ward 6,reportdate
28182203,19169358,88971866,Driver,29,25-34,N,N,N,None,N,N,N,Moped/scooter,moped_scooter,2019,2019,2019-10,Ward 5,reportdate
25083578,14117032,85028917,Driver,32,25-34,N,N,N,None,N,N,N,Moped/scooter,moped_scooter,2014,2014,2014-08,Ward 1,reportdate
28749887,21050844,90837886,Driver,28,25-34,N,N,Y,Minor,N,N,N,Moped/scooter,moped_scooter,2021,2021,2021-04,Ward 5,reportdate
25079601,14115480,84771333,Passenger,14,<16,N,N,Y,Minor,N,N,N,Moped/scooter,moped_scooter,2014,2014,2014-08,Ward 8,reportdate
27831157,18175692,87639784,Driver,17,16-24,N,N,Y,Minor,N,N,N,Moped/scooter,moped_scooter,2018,2018,2018-10,Ward 4,reportdate
27784547,18145910,87464935,Driver,37,35-44,N,N,Y,Minor,N,N,Y,Moped/scooter,moped_scooter,2018,2018,2018-08,Ward 5,reportdate
27770536,18134281,87410500,Driver,53,45-54,N,N,N,None,N,N,Y,Moped/scooter,moped_scooter,2018,2018,2018-08,Ward 5,reportdate
28200029,19187337,89042909,Pedestrian,41,35-44,N,N,Y,Minor,N,N,N,Moped/scooter,moped_scooter,2019,2019,2019-10,Ward 4,reportdate
27048826,16145618,84819542,Driver,45,45-54,N,N,Y,Minor,N,N,Y,Moped/scooter,moped_scooter,2016,2016,2016-08,Ward 1,reportdate
28847022,21104532,91147766,Driver,22,16-24,N,N,Y,Minor,N,N,N,Moped/scooter,moped_scooter,2021,2021,2021-07,Ward 7,reportdate
24115791,12103417,84710167,Driver,57,55-64,N,N,N,None,N,N,N,Moped/scooter,moped_scooter,2012,2012,2012-07,Ward 6,reportdate
28423724,20079821,89851751,Passenger,30,25-34,N,N,Y,Minor,N,N,N,Moped/scooter,moped_scooter,2020,2020,2020-05,Ward 7,reportdate
28169614,19166464,88924820,Driver,0,<16,N,N,N,None,N,N,Y,Moped/scooter,moped_scooter,2019,2019,2019-09,Ward 4,reportdate
27843836,18183544,87690441,Driver,26,25-34,N,N,Y,Minor,N,N,N,Moped/scooter,moped_scooter,2018,2018,2018-10,Ward 5,reportdate
27726553,18109020,87250791,Passenger,15,<16,N,Y,N,Major,N,N,N,Moped/scooter,moped_scooter,2018,2018,2018-07,Ward 8,reportdate
28684841,21020464,90641457,Driver,27,25-34,N,N,Y,Minor,N,N,N,Moped/scooter,moped_scooter,2021,2021,2021-02,Ward 4,reportdate
28155994,19158003,88869405,Driver,0,<16,N,N,N,None,N,N,N,Moped/scooter,moped_scooter,2019,2019,2019-09,Ward 1,reportdate
28474818,20104125,90008361,Driver,18,16-24,N,N,Y,Minor,N,N,N,Moped/scooter,moped_scooter,2020,2020,2020-07,Ward 8,reportdate
26815858,16004870,85027293,Driver,21,16-24,N,Y,N,Major,N,N,N,Moped/scooter,moped_scooter,2016,2016,2016-01,Ward 7,reportdate
28183305,19176141,88981894,Driver,0,<16,N,N,N,None,Y,N,N,Moped/scooter,moped_scooter,2019,2019,2019-10,Ward 4,reportdate
28818801,21088052,91058091,Driver,27,25-34,N,N,Y,Minor,N,N,N,Moped/scooter,moped_scooter,2021,2021,2021-06,Ward 1,reportdate
25217281,15011445,84738860,Driver,45,45-54,N,N,Y,Minor,N,N,N,Moped/scooter,moped_scooter,2015,2015,2015-01,Ward 2,reportdate
26879557,16038528,84979083,Passenger,26,25-34,N,Y,N,Major,N,N,N,Moped/scooter,moped_scooter,2016,2016,2016-03,Ward 4,reportdate
28175954,19171208,88949577,Driver,0,<16,N,N,N,None,N,N,N,Moped/scooter,moped_scooter,2019,2019,2019-09,Ward 7,reportdate
26592351,09039616,84984909,Passenger,0,<16,N,Y,N,Major,N,N,N,Moped/scooter,moped_scooter,2009,2012,2012-06,Ward 8,reportdate
26897484,16049106,84735239,Driver,33,25-34,N,N,Y,Minor,N,N,Y,Moped/scooter,moped_scooter,2016,2016,2016-03,Ward 2,reportdate
28620759,20176856,90449051,Driver,45,45-54,N,N,Y,Minor,N,N,Y,Moped/scooter,moped_scooter,2020,2020,2020-12,Ward 2,reportdate
28186033,19177926,88989408,Driver,0,<16,N,N,N,None,N,N,N,Moped/scooter,moped_scooter,2019,2019,2019-10,Ward 4,reportdate
28084733,19111337,88593938,Driver,33,25-34,N,N,Y,Minor,N,N,N,Moped/scooter,moped_scooter,2019,2019,2019-06,Ward 1,reportdate
28225731,19203351,89145011,Driver,53,45-54,N,N,Y,Minor,N,N,N,Moped/scooter,moped_scooter,2019,2019,2019-11,Ward 6,reportdate
28738802,21045276,90804089,Driver,32,25-34,N,N,N,None,N,N,N,Moped/scooter,moped_scooter,2021,2021,2021-04,Ward 1,reportdate
26996522,16112548,84718698,Passenger,16,16-24,N,N,Y,Minor,N,N,N,Moped/scooter,moped_scooter,2016,2016,2016-07,Ward 8,reportdate
24262479,12145920,84948464,Driver,22,16-24,N,N,N,None,N,N,N,Moped/scooter,moped_scooter,2012,2012,2012-10,Ward 2,reportdate
27778499,18141644,87441592,Driver,34,25-34,N,N,N,None,N,N,N,Moped/scooter,moped_scooter,2018,2018,2018-08,Ward 6,reportdate
27834158,18173396,87651808,Driver,34,25-34,N,N,N,None,N,N,N,Moped/scooter,moped_scooter,2018,2018,2018-10,Ward 6,reportdate
27455735,17173995,86267175,Passenger,27,25-34,N,N,Y,Minor,N,N,N,Moped/scooter,moped_scooter,2017,2017,2017-10,Ward 6,reportdate
28124994,19137885,88748825,Driver,18,16-24,N,Y,N,Major,N,N,Y,Moped/scooter,moped_scooter,2019,2019,2019-08,Ward 8,reportdate
27783067,18145039,87457176,Driver,25,25-34,N,N,Y,Minor,N,N,N,Moped/scooter,moped_scooter,2018,2018,2018-08,Ward 2,reportdate
24726932,13128621,84874202,Driver,19,16-24,N,N,Y,Minor,N,Y,N,Moped/scooter,moped_scooter,2013,2013,2013-09,Ward 7,reportdate
28651590,21005596,90542356,Driver,38,35-44,N,N,N,None,Y,N,N,Moped/scooter,moped_scooter,2021,2021,2021-01,Ward 1,reportdate
28196632,19184931,89031409,Driver,33,25-34,N,N,N,None,N,N,Y,Moped/scooter,moped_scooter,2019,2019,2019-10,Ward 8,reportdate
27185544,17006357,85265031,Driver,54,45-54,N,N,Y,Minor,N,N,N,Moped/scooter,moped_scooter,2017,2017,2017-01,Ward 2,reportdate
28799877,21077370,90995440,Driver,30,25-34,N,N,Y,Minor,N,N,Y,Moped/scooter,moped_scooter,2021,2021,2021-06,Ward 8,reportdate
28126970,19139139,88756698,Driver,20,16-24,N,N,N,None,N,N,N,Moped/scooter,moped_scooter,2019,2019,2019-08,Ward 2,reportdate
27831142,18175731,87639416,Driver,19,16-24,N,Y,N,Major,N,N,Y,Moped/scooter,moped_scooter,2018,2018,2018-10,Ward 7,reportdate
27050811,16146878,84824295,Driver,40,35-44,N,N,Y,Minor,N,N,N,Moped/scooter,moped_scooter,2016,2016,2016-08,Ward 2,reportdate
26598048,09074892,85019147,Driver,16,16-24,N,Y,N,Major,N,N,N,Moped/scooter,moped_scooter,2009,2009,2009-06,Ward 5,reportdate
26871683,16033938,85020436,Driver,48,45-54,N,N,Y,Minor,N,N,Y,Moped/scooter,moped_scooter,2016,2016,2016-03,Ward 2,reportdate
27501826,17202251,86435736,Driver,27,25-34,N,N,Y,Minor,N,N,Y,Moped/scooter,moped_scooter,2017,2017,2017-11,Ward 8,reportdate
28570585,20152198,90300436,Driver,45,45-54,N,N,Y,Minor,N,N,N,Moped/scooter,moped_scooter,2020,2020,2020-10,Ward 8,reportdate
28175949,19171193,88948519,Passenger,17,16-24,N,N,N,None,N,N,N,Moped/scooter,moped_scooter,2019,2019,2019-09,Ward 5,reportdate
27433759,17160870,86180889,Driver,35,35-44,N,N,N,None,N,N,Y,Moped/scooter,moped_scooter,2017,2017,2017-09,Ward 1,reportdate
26592645,09039751,84948439,Driver,49,45-54,N,N,N,None,N,N,N,Moped/scooter,moped_scooter,2009,2012,2012-06,Ward 6,reportdate
25037415,14094026,84943879,Driver,30,25-34,N,Y,N,Major,N,N,N,Moped/scooter,moped_scooter,2014,2014,2014-06,Ward 8,reportdate
28187994,19179337,88996403,Driver,20,16-24,N,N,N,None,N,N,Y,Moped/scooter,moped_scooter,2019,2019,2019-10,Ward 2,reportdate
28209961,19193612,89082929,Driver,35,35-44,N,N,Y,Minor,N,N,N,Moped/scooter,moped_scooter,2019,2019,2019-10,Ward 2,reportdate
25317916,15115149,84844189,Driver,18,16-24,N,N,N,None,N,N,N,Moped/scooter,moped_scooter,2015,2015,2015-07,Ward 7,reportdate
26633353,10085468,84630923,Driver,23,16-24,N,N,N,None,N,N,N,Moped/scooter,moped_scooter,2010,2010,2010-06,Ward 4,reportdate
28714048,21033955,90732209,Driver,29,25-34,N,N,Y,Minor,N,N,Y,Moped/scooter,moped_scooter,2021,2021,2021-03,Ward 7,reportdate
26647792,11164506,84588540,Driver,19,16-24,N,Y,N,Major,N,N,N,Moped/scooter,moped_scooter,2011,2011,2011-11,Ward 7,reportdate
27059869,16152684,84731676,Driver,34,25-34,N,N,N,None,N,N,N,Moped/scooter,moped_scooter,2016,2016,2016-09,Ward 2,reportdate
28196986,19185234,89032223,Driver,37,35-44,N,N,Y,Minor,N,N,Y,Moped/scooter,moped_scooter,2019,2019,2019-10,Ward 1,reportdate
27370924,17121587,85946609,Driver,18,16-24,N,N,Y,Minor,N,N,N,Moped/scooter,moped_scooter,2017,2017,2017-07,Ward 7,reportdate
28466797,20100430,89983410,Driver,0,<16,N,N,N,None,N,N,N,Moped/scooter,moped_scooter,2020,2020,2020-07,Ward 8,reportdate
28200014,19187150,89044712,Driver,48,45-54,N,N,N,None,N,N,N,Moped/scooter,moped_scooter,2019,2019,2019-10,Ward 2,reportdate
28407978,20072102,89804495,Driver,0,<16,N,N,N,None,N,N,N,Moped/scooter,moped_scooter,2020,2020,2020-05,Ward 7,reportdate
28448887,20092494,89929641,Driver,0,<16,N,N,N,None,N,N,Y,Moped/scooter,moped_scooter,2020,2020,2020-06,Ward 1,reportdate
28340930,20041655,89573027,Driver,0,<16,N,N,N,None,N,N,N,Moped/scooter,moped_scooter,2020,2020,2020-03,Ward 5,reportdate
28491849,20109917,90058418,Driver,0,<16,N,N,N,None,N,N,N,Moped/scooter,moped_scooter,2020,2020,2020-08,Ward 8,reportdate
27729582,18110930,87254778,Driver,26,25-34,N,N,N,None,N,N,Y,Moped/scooter,moped_scooter,2018,2018,2018-07,Ward 7,reportdate
28194006,19183382,89019674,Passenger,16,16-24,N,N,Y,Minor,N,N,N,Moped/scooter,moped_scooter,2019,2019,2019-10,Ward 7,reportdate
28755557,21053328,90856383,Driver,27,25-34,N,N,Y,Minor,N,N,Y,Moped/scooter,moped_scooter,2021,2021,2021-04,Ward 7,reportdate
28412904,20074469,89817934,Driver,0,<16,N,N,N,None,N,N,N,Moped/scooter,moped_scooter,2020,2020,2020-05,Ward 7,reportdate
28531862,20132014,90179661,Driver,0,<16,N,N,N,None,N,N,N,Moped/scooter,moped_scooter,2020,2020,2020-09,Ward 5,reportdate
27461930,17177897,86283874,Driver,20,16-24,N,N,Y,Minor,N,N,Y,Moped/scooter,moped_scooter,2017,2017,2017-10,Ward 3,reportdate
28585876,20160008,90344065,Passenger,30,25-34,N,N,N,None,N,N,N,Moped/scooter,moped_scooter,2020,2020,2020-11,Ward 2,reportdate
25012907,14081502,84912166,Driver,19,16-24,N,N,N,None,N,N,N,Moped/scooter,moped_scooter,2014,2014,2014-06,Ward 8,reportdate
28183790,19176297,88980917,Passenger,16,16-24,N,Y,N,Major,N,N,N,Moped/scooter,moped_scooter,2019,2019,2019-10,Ward 4,reportdate
28175761,19170978,88947873,Driver,15,<16,N,N,Y,Minor,N,N,N,Moped/scooter,moped_scooter,2019,2019,2019-09,Ward 6,reportdate
28193996,19183324,89019222,Driver,25,25-34,N,N,N,None,N,N,Y,Moped/scooter,moped_scooter,2019,2019,2019-10,Ward 2,reportdate
28019941,19069017,88342677,Driver,41,35-44,N,N,Y,Minor,N,N,N,Moped/scooter,moped_scooter,2019,2019,2019-04,Ward 5,reportdate
27716869,18103142,87205876,Driver,20,16-24,N,N,N,None,Y,N,Y,Moped/scooter,moped_scooter,2018,2018,2018-06,Ward 1,reportdate
28523643,20127803,90155040,Driver,0,<16,N,N,N,None,N,N,N,Moped/scooter,moped_scooter,2020,2020,2020-09,Ward 4,reportdate
28429939,20083596,89873398,Driver,0,<16,N,N,N,None,N,N,Y,Moped/scooter,moped_scooter,2020,2020,2020-06,Ward 5,reportdate
28471896,20102809,89998380,Driver,0,<16,N,N,N,None,N,N,N,Moped/scooter,moped_scooter,2020,2020,2020-07,Ward 7,reportdate
28532997,20132801,90182035,Driver,41,35-44,N,N,Y,Minor,N,N,N,Moped/scooter,moped_scooter,2020,2020,2020-09,Ward 5,reportdate
27305833,17078702,85699229,Driver,30,25-34,N,N,Y,Minor,N,N,N,Moped/scooter,moped_scooter,2017,2017,2017-05,Ward 2,reportdate
26627098,10064808,85029329,Passenger,0,<16,N,N,Y,Minor,N,N,N,Moped/scooter,moped_scooter,2010,2010,2010-05,Ward 1,reportdate
25163276,14062559,84695016,Driver,37,35-44,N,Y,N,Major,N,N,N,Moped/scooter,moped_scooter,2014,2014,2014-05,Ward 1,reportdate
28381895,20060685,89725049,Driver,29,25-34,N,N,N,None,N,N,N,Moped/scooter,moped_scooter,2020,2020,2020-04,Ward 4,reportdate
27387602,17131777,86008615,Driver,52,45-54,N,N,Y,Minor,N,N,N,Moped/scooter,moped_scooter,2017,2017,2017-08,Ward 2,reportdate
24737086,13133334,85012489,Passenger,0,<16,N,Y,N,Major,N,N,N,Moped/scooter,moped_scooter,2013,2013,2013-09,Ward 8,reportdate
26914665,16059634,85025203,Driver,51,45-54,N,N,Y,Minor,N,N,N,Moped/scooter,moped_scooter,2016,2016,2016-04,Ward 4,reportdate
27086902,16170033,84844408,Driver,48,45-54,N,N,Y,Minor,N,N,N,Moped/scooter,moped_scooter,2016,2016,2016-10,Ward 2,reportdate
27616616,18038705,86842022,Driver,25,25-34,N,N,Y,Minor,N,N,Y,Moped/scooter,moped_scooter,2018,2018,2018-03,Ward 7,reportdate
26628845,10069604,84646723,Driver,34,25-34,N,N,Y,Minor,N,N,N,Moped/scooter,moped_scooter,2010,2010,2010-05,Ward 2,reportdate
25286680,15083541,84775984,Driver,39,35-44,N,N,Y,Minor,N,N,N,Moped/scooter,moped_scooter,2015,2015,2015-06,Ward 1,reportdate
26726711,15163403,85033382,Driver,29,25-34,N,N,Y,Minor,N,N,N,Moped/scooter,moped_scooter,2015,2015,2015-10,Ward 5,reportdate
25094938,14123131,84869379,Driver,57,55-64,N,N,N,None,N,N,N,Moped/scooter,moped_scooter,2014,2014,2014-08,Ward 5,reportdate
28522846,20127495,90151126,Driver,0,<16,N,N,N,None,N,N,N,Moped/scooter,moped_scooter,2020,2020,2020-09,Ward 2,reportdate
28772574,21062352,90910606,Passenger,57,55-64,N,N,Y,Minor,N,N,N,Moped/scooter,moped_scooter,2021,2021,2021-05,Ward 3,reportdate
24689784,13109591,84751346,Passenger,0,<16,N,N,Y,Minor,N,N,N,Moped/scooter,moped_scooter,2013,2013,2013-08,Ward 5,reportdate
27022463,16128953,84556752,Driver,22,16-24,N,Y,N,Major,N,N,Y,Moped/scooter,moped_scooter,2016,2016,2016-08,Ward 6,reportdate
26589760,09007266,85007082,Driver,48,45-54,N,N,Y,Minor,N,N,N,Moped/scooter,moped_scooter,2009,2009,2009-01,Ward 3,reportdate
28479769,20106365,90022953,Driver,54,45-54,N,N,Y,Minor,N,N,N,Moped/scooter,moped_scooter,2020,2020,2020-07,Ward 2,reportdate
27643693,18058210,86936334,Driver,22,16-24,N,N,Y,Minor,N,N,Y,Moped/scooter,moped_scooter,2018,2018,2018-04,Ward 1,reportdate
28522031,20127149,90151836,Driver,19,16-24,N,N,Y,Minor,N,N,Y,Moped/scooter,moped_scooter,2020,2020,2020-09,Ward 2,reportdate
28520773,20126354,90146199,Driver,0,<16,N,N,N,None,N,N,Y,Moped/scooter,moped_scooter,2020,2020,2020-09,Ward 5,reportdate
28525015,20128695,90158178,Driver,0,<16,N,N,N,None,N,N,N,Moped/scooter,moped_scooter,2020,2020,2020-09,Ward 6,reportdate
26602975,09110073,84840865,Driver,27,25-34,N,N,N,None,N,N,N,Moped/scooter,moped_scooter,2009,2009,2009-08,Ward 4,reportdate
24689539,13110062,84902498,Driver,36,35-44,N,N,Y,Minor,N,N,N,Moped/scooter,moped_scooter,2013,2013,2013-08,Ward 6,reportdate
26612213,11012873,84857752,Passenger,0,<16,N,N,Y,Minor,N,N,N,Moped/scooter,moped_scooter,2011,2011,2011-01,Ward 8,reportdate
28448708,20092323,89929206,Driver,61,55-64,N,N,Y,Minor,N,N,Y,Moped/scooter,moped_scooter,2020,2020,2020-06,Ward 4,reportdate
27071736,16160198,84711369,Driver,34,25-34,N,N,N,None,N,N,N,Moped/scooter,moped_scooter,2016,2016,2016-09,Ward 1,reportdate
26980713,16102002,84977481,Driver,36,35-44,N,N,Y,Minor,N,N,Y,Moped/scooter,moped_scooter,2016,2016,2016-06,Ward 2,reportdate
27820984,18169415,87604652,Driver,42,35-44,N,N,Y,Minor,N,N,N,Moped/scooter,moped_scooter,2018,2018,2018-10,Ward 5,reportdate
24687791,13108828,84580082,Driver,27,25-34,N,N,Y,Minor,N,N,N,Moped/scooter,moped_scooter,2013,2013,2013-08,Ward 5,reportdate
28546919,20139836,90226152,Driver,32,25-34,N,N,N,None,N,N,N,Moped/scooter,moped_scooter,2020,2020,2020-09,Ward 1,reportdate
27188612,17008638,85277860,Driver,41,35-44,N,N,Y,Minor,N,N,N,Moped/scooter,moped_scooter,2017,2017,2017-01,Ward 3,reportdate
28479943,20106523,90022205,Passenger,22,16-24,N,N,N,None,Y,N,N,Moped/scooter,moped_scooter,2020,2020,2020-07,Ward 1,reportdate
27772436,18137740,87416830,Driver,29,25-34,N,N,N,None,N,N,N,Moped/scooter,moped_scooter,2018,2018,2018-08,Ward 7,reportdate
27980193,19043477,88190540,Driver,18,16-24,N,N,N,None,N,N,Y,Moped/scooter,moped_scooter,2019,2019,2019-03,Ward 6,reportdate
28536982,20134706,90195791,Driver,30,25-34,N,N,Y,Minor,N,N,Y,Moped/scooter,moped_scooter,2020,2020,2020-09,Ward 1,reportdate
26975611,16094235,85011313,Driver,27,25-34,N,N,Y,Minor,N,N,Y,Moped/scooter,moped_scooter,2016,2016,2016-06,Ward 2,reportdate
27338096,17100174,85822906,Driver,52,45-54,N,N,Y,Minor,N,N,N,Moped/scooter,moped_scooter,2017,2017,2017-06,Ward 7,reportdate
26793973,15201898,84912681,Driver,30,25-34,N,N,Y,Minor,N,N,N,Moped/scooter,moped_scooter,2015,2015,2015-12,Ward 6,reportdate
26634993,12088936,84582983,Driver,51,45-54,N,N,N,None,N,N,N,Moped/scooter,moped_scooter,2012,2012,2012-06,Ward 1,reportdate
27707878,18097396,87171395,Passenger,18,16-24,N,N,N,None,N,N,N,Moped/scooter,moped_scooter,2018,2018,2018-06,Ward 1,reportdate
28804802,21080043,91010855,Driver,0,<16,N,N,N,None,N,N,N,Moped/scooter,moped_scooter,2021,2021,2021-06,Ward 7,reportdate
25191013,14184545,84834085,Driver,22,16-24,N,N,Y,Minor,N,N,N,Moped/scooter,moped_scooter,2014,2014,2014-11,Ward 1,reportdate
28825986,21092394,91077718,Driver,0,<16,N,N,N,None,N,N,N,Moped/scooter,moped_scooter,2021,2021,2021-07,Ward 7,reportdate
28266840,19229263,89298968,Driver,29,25-34,N,N,Y,Minor,N,N,Y,Moped/scooter,moped_scooter,2019,2019,2019-12,Ward 2,reportdate
28469820,20101806,89994978,Driver,16,16-24,N,N,Y,Minor,N,N,N,Moped/scooter,moped_scooter,2020,2020,2020-07,Ward 7,reportdate
27097558,16176393,84823597,Driver,30,25-34,N,N,Y,Minor,N,N,N,Moped/scooter,moped_scooter,2016,2016,2016-10,Ward 2,reportdate
28771074,21061722,90903031,Driver,0,<16,N,N,N,None,N,N,N,Moped/scooter,moped_scooter,2021,2021,2021-05,Ward 6,reportdate
28777985,21065386,90925313,Driver,0,<16,N,N,N,None,N,N,N,Moped/scooter,moped_scooter,2021,2021,2021-05,Ward 6,reportdate
28091692,19115852,88622090,Driver,20,16-24,N,N,Y,Minor,N,N,Y,Moped/scooter,moped_scooter,2019,2019,2019-07,Ward 2,reportdate
27803708,18158080,87537990,Driver,22,16-24,N,N,Y,Minor,N,N,Y,Moped/scooter,moped_scooter,2018,2018,2018-10,Ward 2,reportdate
28429939,20083596,89873479,Passenger,17,16-24,N,N,Y,Minor,N,N,N,Moped/scooter,moped_scooter,2020,2020,2020-06,Ward 5,reportdate
27017483,16125744,84708348,Driver,24,16-24,N,N,N,None,N,N,Y,Moped/scooter,moped_scooter,2016,2016,2016-07,Ward 6,reportdate
26650455,11187099,84761300,Passenger,0,<16,N,N,Y,Minor,N,N,N,Moped/scooter,moped_scooter,2011,2011,2011-12,Ward 2,reportdate
28465868,20100070,89980315,Driver,17,16-24,N,Y,N,Major,N,N,Y,Moped/scooter,moped_scooter,2020,2020,2020-07,Ward 8,reportdate
26998007,16113667,84565854,Driver,44,35-44,N,N,N,None,N,N,N,Moped/scooter,moped_scooter,2016,2016,2016-07,Ward 3,reportdate
26745577,15174732,85016570,Driver,31,25-34,N,N,N,None,N,N,N,Moped/scooter,moped_scooter,2015,2015,2015-11,Ward 7,reportdate
28207618,19192218,89075117,Driver,27,25-34,N,N,N,None,N,N,N,Moped/scooter,moped_scooter,2019,2019,2019-10,Ward 2,reportdate
27197497,17007078,85305622,Driver,58,55-64,N,N,Y,Minor,N,N,Y,Moped/scooter,moped_scooter,2017,2017,2017-01,Ward 2,reportdate
27911960,19003082,87943318,Driver,33,25-34,N,Y,N,Major,N,N,N,Moped/scooter,moped_scooter,2019,2019,2019-01,Ward 1,reportdate
28839767,21100270,91126660,Driver,0,<16,N,N,N,None,N,N,N,Moped/scooter,moped_scooter,2021,2021,2021-07,Ward 2,reportdate
25183129,14177416,85037487,Driver,25,25-34,N,Y,N,Major,N,N,N,Moped/scooter,moped_scooter,2014,2014,2014-11,Ward 7,reportdate
28199873,19186667,89042861,Driver,22,16-24,N,N,Y,Minor,N,N,Y,Moped/scooter,moped_scooter,2019,2019,2019-10,Ward 3,reportdate
28848082,21105142,91151440,Driver,33,25-34,N,N,Y,Minor,N,N,Y,Moped/scooter,moped_scooter,2021,2021,2021-07,Ward 5,reportdate
28000908,19056744,88272135,Driver,25,25-34,N,N,N,None,N,N,N,Moped/scooter,moped_scooter,2019,2019,2019-04,Ward 6,reportdate
28483613,20108119,90034503,Driver,21,16-24,N,N,Y,Minor,N,N,Y,Moped/scooter,moped_scooter,2020,2020,2020-07,Ward 5,reportdate
26480032,11026805,84948903,Driver,23,16-24,Y,N,N,Fatal,N,N,N,Moped/scooter,moped_scooter,2011,2011,2011-02,Ward 2,reportdate
27281952,17063906,85611642,Driver,20,16-24,N,N,Y,Minor,N,N,N,Moped/scooter,moped_scooter,2017,2017,2017-04,Ward 6,reportdate
28194006,19183382,89019316,Passenger,16,16-24,N,N,Y,Minor,N,N,N,Moped/scooter,moped_scooter,2019,2019,2019-10,Ward 7,reportdate
27033879,16136212,84655461,Driver,57,55-64,N,N,Y,Minor,N,N,N,Moped/scooter,moped_scooter,2016,2016,2016-08,Ward 7,reportdate
25085146,14118457,84975869,Driver,0,<16,N,Y,N,Major,N,N,N,Moped/scooter,moped_scooter,2014,2014,2014-08,Ward 5,reportdate
27893776,18214372,87880853,Driver,19,16-24,N,Y,N,Major,N,N,N,Moped/scooter,moped_scooter,2018,2018,2018-12,Ward 2,reportdate
25160075,14156482,84993668,Driver,22,16-24,N,N,N,None,N,N,N,Moped/scooter,moped_scooter,2014,2014,2014-10,Ward 5,reportdate
25015416,14082513,84627189,Driver,34,25-34,N,N,Y,Minor,N,N,N,Moped/scooter,moped_scooter,2014,2014,2014-06,Ward 4,reportdate
28627849,20180193,90470608,Driver,35,35-44,N,Y,N,Major,N,N,N,Moped/scooter,moped_scooter,2020,2020,2020-12,Ward 2,reportdate
27806791,18160336,87550568,Driver,50,45-54,N,N,N,None,N,N,Y,Moped/scooter,moped_scooter,2018,2018,2018-09,Ward 2,reportdate
27333052,17096761,85803892,Driver,68,65+,N,N,N,None,N,N,N,Moped/scooter,moped_scooter,2017,2017,2017-06,Ward 1,reportdate
27893641,18214212,87879263,Driver,0,<16,N,N,Y,Minor,N,N,Y,Moped/scooter,moped_scooter,2018,2018,2018-12,Ward 3,reportdate
25124084,14137638,84957833,Driver,0,<16,N,N,N,None,N,N,N,Moped/scooter,moped_scooter,2014,2014,2014-09,Ward 6,reportdate
27396611,17137412,86041529,Driver,26,25-34,N,N,Y,Minor,N,N,N,Moped/scooter,moped_scooter,2017,2017,2017-08,Ward 4,reportdate
28533023,20132711,90183051,Driver,55,55-64,N,N,N,None,N,N,Y,Moped/scooter,moped_scooter,2020,2020,2020-09,Ward 6,reportdate
25035075,13183537,84844563,Driver,61,55-64,N,N,N,None,N,N,N,Moped/scooter,moped_scooter,2013,2013,2013-12,Ward 1,reportdate
26625802,11066030,84717981,Driver,51,45-54,N,N,Y,Minor,N,N,N,Moped/scooter,moped_scooter,2011,2011,2011-05,Ward 6,reportdate
27061014,16153575,84563651,Driver,51,45-54,N,N,Y,Minor,N,N,N,Moped/scooter,moped_scooter,2016,2016,2016-09,Ward 1,reportdate
25190443,14185117,84685562,Driver,40,35-44,N,N,N,None,N,N,N,Moped/scooter,moped_scooter,2014,2014,2014-11,Ward 1,reportdate
28027986,19074403,88374107,Driver,23,16-24,N,N,Y,Minor,N,N,N,Moped/scooter,moped_scooter,2019,2019,2019-05,Ward 6,reportdate
27421973,17153397,86136319,Driver,21,16-24,N,N,N,None,N,N,N,Moped/scooter,moped_scooter,2017,2017,2017-09,Ward 1,reportdate
27991160,19050236,88233334,Passenger,43,35-44,N,N,Y,Minor,N,N,N,Moped/scooter,moped_scooter,2019,2019,2019-03,Ward 7,reportdate
28423724,20079821,89850867,Driver,25,25-34,N,N,Y,Minor,N,N,N,Moped/scooter,moped_scooter,2020,2020,2020-05,Ward 7,reportdate
27009433,16120500,84599609,Driver,45,45-54,N,Y,N,Major,N,N,N,Moped/scooter,moped_scooter,2016,2016,2016-07,Ward 5,reportdate
27755053,18127303,87350555,Driver,38,35-44,N,N,Y,Minor,N,N,N,Moped/scooter,moped_scooter,2018,2018,2018-08,Ward 6,reportdate
27502434,17202577,86438365,Passenger,25,25-34,N,N,Y,Minor,N,N,N,Moped/scooter,moped_scooter,2017,2017,2017-11,Ward 2,reportdate
25127760,14139462,84792393,Passenger,0,<16,N,N,Y,Minor,N,N,N,Moped/scooter,moped_scooter,2014,2014,2014-09,Ward 2,reportdate
28443764,20090257,89915217,Driver,35,35-44,N,N,Y,Minor,N,N,N,Moped/scooter,moped_scooter,2020,2020,2020-06,Ward 5,reportdate
26997852,16113525,84876280,Driver,22,16-24,N,N,Y,Minor,N,N,N,Moped/scooter,moped_scooter,2016,2016,2016-07,Ward 4,reportdate
27788608,18148293,87478405,Driver,27,25-34,N,N,Y,Minor,N,N,Y,Moped/scooter,moped_scooter,2018,2018,2018-09,Ward 2,reportdate
27249496,17043247,85490123,Driver,31,25-34,N,N,N,None,N,N,N,Moped/scooter,moped_scooter,2017,2017,2017-03,Ward 8,reportdate
27047868,16145012,84920628,Driver,50,45-54,N,N,Y,Minor,N,N,Y,Moped/scooter,moped_scooter,2016,2016,2016-08,Ward 6,reportdate
28021554,19070079,88350648,Driver,21,16-24,N,Y,N,Major,N,N,Y,Moped/scooter,moped_scooter,2019,2019,2019-04,Ward 5,reportdate
27261657,17050960,85535849,Driver,29,25-34,N,N,Y,Minor,N,N,Y,Moped/scooter,moped_scooter,2017,2017,2017-03,Ward 5,reportdate
26625066,12050338,84577407,Driver,40,35-44,N,N,N,None,N,N,N,Moped/scooter,moped_scooter,2012,2012,2012-04,Ward 5,reportdate
26630719,10082662,84680644,Driver,44,35-44,N,N,Y,Minor,N,N,N,Moped/scooter,moped_scooter,2010,2010,2010-06,Ward 6,reportdate
26697622,15146981,84765655,Passenger,26,25-34,N,N,Y,Minor,N,N,N,Moped/scooter,moped_scooter,2015,2015,2015-09,Ward 1,reportdate
24544298,13049784,84602114,Driver,44,35-44,N,N,N,None,N,Y,N,Moped/scooter,moped_scooter,2013,2013,2013-04,Ward 5,reportdate
28405595,20069819,89798152,Driver,43,35-44,N,N,N,None,N,N,Y,Moped/scooter,moped_scooter,2020,2020,2020-05,Ward 8,reportdate
28467801,20100876,89986265,Driver,24,16-24,N,N,Y,Minor,N,N,N,Moped/scooter,moped_scooter,2020,2020,2020-07,Ward 6,reportdate
24175488,12119864,84963340,Driver,36,35-44,N,N,Y,Minor,N,N,N,Moped/scooter,moped_scooter,2012,2012,2012-08,Ward 2,reportdate
28415059,20075385,89923089,Driver,63,55-64,N,N,Y,Minor,N,N,Y,Moped/scooter,moped_scooter,2020,2020,2020-05,Ward 7,reportdate
28848880,21105501,91154364,Driver,33,25-34,N,N,Y,Minor,N,N,Y,Moped/scooter,moped_scooter,2021,2021,2021-07,Ward 1,reportdate
26630124,11080880,84624679,Driver,24,16-24,N,N,Y,Minor,N,N,N,Moped/scooter,moped_scooter,2011,2011,2011-06,Ward 5,reportdate
28394950,20066252,89764249,Driver,50,45-54,N,Y,N,Major,N,N,N,Moped/scooter,moped_scooter,2020,2020,2020-05,Ward 5,reportdate
28761577,21056533,90875999,Passenger,25,25-34,N,N,N,None,N,N,N,Moped/scooter,moped_scooter,2021,2021,2021-05,Ward 1,reportdate
27838799,18180395,87670000,Passenger,21,16-24,N,N,Y,Minor,N,N,N,Moped/scooter,moped_scooter,2018,2018,2018-10,Ward 5,reportdate
24269224,12147284,84916317,Driver,31,25-34,N,N,Y,Minor,N,N,N,Moped/scooter,moped_scooter,2012,2012,2012-10,Ward 2,reportdate
27196560,17013183,85301827,Driver,49,45-54,N,N,N,None,N,N,N,Moped/scooter,moped_scooter,2017,2017,2017-01,Ward 6,reportdate
27805133,18159260,87545859,Driver,21,16-24,N,Y,N,Major,N,N,Y,Moped/scooter,moped_scooter,2018,2018,2018-09,Ward 2,reportdate
26736791,15169681,84554564,Driver,46,45-54,N,Y,N,Major,N,N,N,Moped/scooter,moped_scooter,2015,2015,2015-10,Ward 1,reportdate
25127852,14139852,84744778,Driver,23,16-24,N,N,Y,Minor,N,Y,N,Moped/scooter,moped_scooter,2014,2014,2014-09,Ward 4,reportdate
28149688,19153695,88846319,Driver,65,65+,N,N,Y,Minor,N,N,N,Moped/scooter,moped_scooter,2019,2019,2019-08,Ward 4,reportdate
25204937,14199636,85001510,Driver,19,16-24,N,N,Y,Minor,N,Y,N,Moped/scooter,moped_scooter,2014,2014,2014-12,Ward 4,reportdate
25232537,15027534,84921682,Driver,16,16-24,N,Y,N,Major,N,N,N,Moped/scooter,moped_scooter,2015,2015,2015-02,Ward 7,reportdate
27283614,17064790,85619013,Driver,52,45-54,N,Y,N,Major,N,N,N,Moped/scooter,moped_scooter,2017,2017,2017-04,Ward 3,reportdate
24704977,13117468,84899884,Driver,23,16-24,N,N,Y,Minor,N,N,N,Moped/scooter,moped_scooter,2013,2013,2013-08,Ward 2,reportdate
28081677,19109261,88582874,Passenger,36,35-44,N,N,N,None,N,N,N,Moped/scooter,moped_scooter,2019,2019,2019-06,Ward 2,reportdate
25016902,14083258,84614702,Driver,30,25-34,N,N,Y,Minor,N,N,N,Moped/scooter,moped_scooter,2014,2014,2014-06,Ward 1,reportdate
28838831,21099721,91120896,Driver,33,25-34,N,N,Y,Minor,N,N,N,Moped/scooter,moped_scooter,2021,2021,2021-07,Ward 2,reportdate
28114735,19130950,88708585,Passenger,27,25-34,N,N,N,None,N,N,N,Moped/scooter,moped_scooter,2019,2019,2019-07,Ward 6,reportdate
28287749,20008747,89375914,Driver,70,65+,N,N,N,None,N,N,Y,Moped/scooter,moped_scooter,2020,2020,2020-01,Ward 2,reportdate
27916052,19005410,87956025,Driver,25,25-34,N,N,N,None,N,N,Y,Moped/scooter,moped_scooter,2019,2019,2019-01,Ward 2,reportdate
25219126,15013402,84589590,Driver,38,35-44,N,N,N,None,N,N,N,Moped/scooter,moped_scooter,2015,2015,2015-01,Ward 4,reportdate
24623978,13077080,84599811,Driver,23,16-24,N,N,N,None,N,N,N,Moped/scooter,moped_scooter,2013,2013,2013-06,Ward 1,reportdate
26629638,12065093,85049950,Driver,39,35-44,N,N,Y,Minor,N,N,N,Moped/scooter,moped_scooter,2012,2012,2012-05,Ward 7,reportdate
24623978,13077080,84784663,Driver,0,<16,N,N,Y,Minor,N,N,N,Moped/scooter,moped_scooter,2013,2013,2013-06,Ward 1,reportdate
27980193,19043477,88190939,Passenger,17,16-24,N,N,Y,Minor,N,N,N,Moped/scooter,moped_scooter,2019,2019,2019-03,Ward 6,reportdate
26647792,11164506,84931145,Passenger,0,<16,N,Y,N,Major,N,N,N,Moped/scooter,moped_scooter,2011,2011,2011-11,Ward 7,reportdate
26596545,09062128,85038677,Driver,14,<16,N,Y,N,Major,N,N,N,Moped/scooter,moped_scooter,2009,2009,2009-05,Ward 4,reportdate
26853882,16023891,84701741,Passenger,20,16-24,N,N,Y,Minor,N,N,N,Moped/scooter,moped_scooter,2016,2016,2016-02,Ward 5,reportdate
26624690,10056112,84591795,Driver,37,35-44,N,N,Y,Minor,N,N,N,Moped/scooter,moped_scooter,2010,2010,2010-04,Ward 5,reportdate
28076793,19106177,88562613,Driver,50,45-54,N,N,Y,Minor,N,N,N,Moped/scooter,moped_scooter,2019,2019,2019-06,Ward 7,reportdate
27645047,18059207,86939743,Driver,34,25-34,N,N,Y,Minor,N,N,N,Moped/scooter,moped_scooter,2018,2018,2018-04,Ward 5,reportdate
27649589,18061732,86956985,Driver,48,45-54,N,N,Y,Minor,N,N,Y,Moped/scooter,moped_scooter,2018,2018,2018-04,Ward 1,reportdate
26651764,10183928,84958227,Driver,48,45-54,N,N,Y,Minor,N,N,N,Moped/scooter,moped_scooter,2010,2010,2010-12,Ward 2,reportdate
27015590,16124586,85009150,Driver,35,35-44,N,N,Y,Minor,N,N,Y,Moped/scooter,moped_scooter,2016,2016,2016-07,Ward 1,reportdate
27730951,18111850,87257551,Driver,35,35-44,N,N,Y,Minor,N,N,Y,Moped/scooter,moped_scooter,2018,2018,2018-07,Ward 4,reportdate
28481764,20107192,90028721,Driver,24,16-24,N,Y,N,Major,N,N,N,Moped/scooter,moped_scooter,2020,2020,2020-07,Ward 5,reportdate
28654636,21006755,90550901,Driver,39,35-44,N,N,N,None,N,N,N,Moped/scooter,moped_scooter,2021,2021,2021-01,Ward 5,reportdate
26607671,09160819,84942310,Driver,26,25-34,N,Y,N,Major,N,N,N,Moped/scooter,moped_scooter,2009,2009,2009-11,Ward 2,reportdate
27748668,18123147,87325937,Driver,32,25-34,N,N,Y,Minor,N,N,Y,Moped/scooter,moped_scooter,2018,2018,2018-07,Ward 1,reportdate
28184662,19174616,88984502,Driver,19,16-24,Y,N,N,Fatal,N,Y,N,Moped/scooter,moped_scooter,2019,2019,2019-10,Ward 8,reportdate
28646635,21003400,90527901,Driver,0,<16,N,N,N,None,N,N,Y,Moped/scooter,moped_scooter,2021,2021,2021-01,Ward 7,reportdate
28184033,19176541,88980875,Driver,26,25-34,N,N,Y,Minor,N,N,Y,Moped/scooter,moped_scooter,2019,2019,2019-10,Ward 1,reportdate
28012905,19064592,88318563,Driver,29,25-34,N,N,Y,Minor,N,N,Y,Moped/scooter,moped_scooter,2019,2019,2019-04,Ward 6,reportdate
28493929,20113237,90064700,Driver,21,16-24,N,N,Y,Minor,N,N,N,Moped/scooter,moped_scooter,2020,2020,2020-08,Ward 1,reportdate
28749884,21050836,90838918,Driver,59,55-64,N,N,Y,Minor,N,N,N,Moped/scooter,moped_scooter,2021,2021,2021-04,Ward 5,reportdate
26635810,10100206,84728406,Driver,0,<16,N,N,N,None,N,N,N,Moped/scooter,moped_scooter,2010,2010,2010-07,Ward 2,reportdate
27299973,17075016,85675297,Driver,29,25-34,N,N,Y,Minor,N,N,N,Moped/scooter,moped_scooter,2017,2017,2017-05,Ward 4,reportdate
26808609,16000838,84681234,Driver,24,16-24,N,N,Y,Minor,N,N,N,Moped/scooter,moped_scooter,2016,2016,2016-01,Ward 6,reportdate
28452773,20094181,89941218,Driver,27,25-34,N,N,Y,Minor,N,N,N,Moped/scooter,moped_scooter,2020,2020,2020-06,Ward 7,reportdate
25009855,14079314,84626338,Driver,20,16-24,N,N,N,None,N,N,N,Moped/scooter,moped_scooter,2014,2014,2014-06,Ward 8,reportdate
26601329,09096022,84676799,Driver,18,16-24,N,N,Y,Minor,N,N,N,Moped/scooter,moped_scooter,2009,2009,2009-07,Ward 7,reportdate
26632505,11089064,84648246,Passenger,0,<16,N,N,Y,Minor,N,N,N,Moped/scooter,moped_scooter,2011,2011,2011-06,Ward 7,reportdate
27300864,17075600,85678798,Driver,24,16-24,N,N,N,None,N,N,N,Moped/scooter,moped_scooter,2017,2017,2017-05,Ward 7,reportdate
28421755,20078793,89849369,Driver,41,35-44,N,N,Y,Minor,N,N,Y,Moped/scooter,moped_scooter,2020,2020,2020-05,Ward 8,reportdate
27735669,18114782,87275842,Driver,20,16-24,N,N,Y,Minor,N,N,N,Moped/scooter,moped_scooter,2018,2018,2018-07,Ward 2,reportdate
26592893,09045295,84992556,Driver,27,25-34,N,N,N,None,N,N,N,Moped/scooter,moped_scooter,2009,2009,2009-04,Ward 7,reportdate
28806797,21081229,91015993,Driver,67,65+,N,N,Y,Minor,N,N,Y,Moped/scooter,moped_scooter,2021,2021,2021-06,Ward 4,reportdate
27838986,18180646,87669055,Driver,60,55-64,N,N,Y,Minor,N,N,N,Moped/scooter,moped_scooter,2018,2018,2018-10,Ward 1,reportdate
28194006,19183382,89018939,Driver,15,<16,N,Y,N,Major,N,N,N,Moped/scooter,moped_scooter,2019,2019,2019-10,Ward 7,reportdate
27790784,18149890,87486109,Passenger,28,25-34,N,N,Y,Minor,N,N,N,Moped/scooter,moped_scooter,2018,2018,2018-09,Ward 3,reportdate
25068350,14109793,84956330,Driver,16,16-24,N,Y,N,Major,N,N,N,Moped/scooter,moped_scooter,2014,2014,2014-07,Ward 7,reportdate
27724861,18108110,87235416,Driver,30,25-34,N,N,Y,Minor,N,N,N,Moped/scooter,moped_scooter,2018,2018,2018-07,Ward 8,reportdate
28014074,19065369,88322077,Passenger,19,16-24,N,N,N,None,N,N,N,Moped/scooter,moped_scooter,2019,2019,2019-04,Ward 7,reportdate
28642924,21001781,90515690,Driver,30,25-34,N,N,Y,Minor,N,N,N,Moped/scooter,moped_scooter,2021,2021,2021-01,Ward 2,reportdate
28014074,19065369,88321349,Driver,16,16-24,N,Y,N,Major,N,N,N,Moped/scooter,moped_scooter,2019,2019,2019-04,Ward 7,reportdate
28091692,19115852,88620045,Passenger,20,16-24,N,N,Y,Minor,N,N,N,Moped/scooter,moped_scooter,2019,2019,2019-07,Ward 2,reportdate
25081229,14116378,84950490,Driver,58,55-64,N,N,Y,Minor,N,N,N,Moped/scooter,moped_scooter,2014,2014,2014-08,Ward 6,reportdate
27317811,17086671,85745708,Driver,40,35-44,N,N,N,None,N,N,N,Moped/scooter,moped_scooter,2017,2017,2017-05,Ward 5,reportdate
28163697,19162986,88901387,Driver,28,25-34,N,N,N,None,N,N,Y,Moped/scooter,moped_scooter,2019,2019,2019-09,Ward 2,reportdate
27815846,18166043,87583604,Driver,18,16-24,N,N,Y,Minor,N,N,N,Moped/scooter,moped_scooter,2018,2018,2018-10,Ward 7,reportdate
28036797,19080335,88407496,Driver,26,25-34,N,N,N,None,N,N,Y,Moped/scooter,moped_scooter,2019,2019,2019-05,Ward 5,reportdate
28779767,21066360,90932482,Driver,47,45-54,N,N,N,None,N,N,N,Moped/scooter,moped_scooter,2021,2021,2021-05,Ward 5,reportdate
27726553,18109020,87250158,Driver,15,<16,Y,N,N,Fatal,N,N,Y,Moped/scooter,moped_scooter,2018,2018,2018-07,Ward 8,reportdate
27789644,18149037,87483938,Driver,53,45-54,N,N,N,None,N,N,Y,Moped/scooter,moped_scooter,2018,2018,2018-09,Ward 1,reportdate
26980906,16102355,84606166,Driver,27,25-34,N,N,Y,Minor,N,N,Y,Moped/scooter,moped_scooter,2016,2016,2016-06,Ward 7,reportdate
28197974,19185895,89036126,Driver,15,<16,N,N,Y,Minor,N,N,N,Moped/scooter,moped_scooter,2019,2019,2019-10,Ward 8,reportdate
26692756,15145907,84751179,Driver,15,<16,N,N,N,None,N,N,N,Moped/scooter,moped_scooter,2015,2015,2015-09,Ward 8,reportdate
28413919,20074961,89822610,Driver,0,<16,N,N,Y,Minor,N,N,N,Moped/scooter,moped_scooter,2020,2020,2020-05,Ward 7,reportdate
27042948,16141908,84919415,Passenger,23,16-24,N,N,N,None,N,N,N,Moped/scooter,moped_scooter,2016,2016,2016-08,Ward 5,reportdate
28054007,19091707,88473413,Driver,21,16-24,N,N,Y,Minor,N,N,N,Moped/scooter,moped_scooter,2019,2019,2019-05,Ward 1,reportdate
26598242,09074363,84573235,Driver,30,25-34,N,N,Y,Minor,N,N,N,Moped/scooter,moped_scooter,2009,2009,2009-05,Ward 3,reportdate
26596764,08133454,84609276,Driver,49,45-54,N,N,N,None,N,N,N,Moped/scooter,moped_scooter,2008,2008,2008-09,Ward 2,reportdate
27011857,16122290,85027475,Driver,26,25-34,N,Y,N,Major,N,N,N,Moped/scooter,moped_scooter,2016,2016,2016-07,Ward 5,reportdate
25118468,14134727,85042831,Driver,29,25-34,N,Y,N,Major,N,N,N,Moped/scooter,moped_scooter,2014,2014,2014-09,Ward 2,reportdate
28016843,19067162,88332991,Driver,19,16-24,N,N,N,None,N,N,N,Moped/scooter,moped_scooter,2019,2019,2019-04,Ward 2,reportdate
28210993,19194497,89085938,Driver,20,16-24,N,N,Y,Minor,N,N,N,Moped/scooter,moped_scooter,2019,2019,2019-10,Ward 5,reportdate
25238886,15034553,84824653,Driver,39,35-44,N,N,N,None,N,N,N,Moped/scooter,moped_scooter,2015,2015,2015-03,Ward 5,reportdate
28771711,21061975,90906997,Driver,22,16-24,N,N,N,None,N,N,Y,Moped/scooter,moped_scooter,2021,2021,2021-05,Ward 6,reportdate
26965822,16092337,84988447,Driver,68,65+,N,N,Y,Minor,N,N,N,Moped/scooter,moped_scooter,2016,2016,2016-06,Ward 4,reportdate
26612213,11012873,84692208,Driver,29,25-34,N,N,Y,Minor,N,N,N,Moped/scooter,moped_scooter,2011,2011,2011-01,Ward 8,reportdate
28802588,21078744,91004128,Driver,25,25-34,N,N,Y,Minor,N,N,Y,Moped/scooter,moped_scooter,2021,2021,2021-06,Ward 2,reportdate
26592351,09039616,84637766,Passenger,0,<16,N,Y,N,Major,N,N,N,Moped/scooter,moped_scooter,2009,2012,2012-06,Ward 8,reportdate
27086045,16169589,84769977,Driver,38,35-44,N,N,N,None,N,N,Y,Moped/scooter,moped_scooter,2016,2016,2016-10,Ward 4,reportdate
26860573,16027490,84940274,Driver,24,16-24,N,N,N,None,N,N,N,Moped/scooter,moped_scooter,2016,2016,2016-02,Ward 2,reportdate
26782981,15195228,85029109,Driver,27,25-34,N,N,Y,Minor,N,N,N,Moped/scooter,moped_scooter,2015,2015,2015-12,Ward 1,reportdate
26962749,16090441,84741905,Driver,56,55-64,N,N,Y,Minor,N,N,N,Moped/scooter,moped_scooter,2016,2016,2016-06,Ward 2,reportdate
28125064,19137958,88748446,Passenger,16,16-24,N,N,N,None,N,N,N,Moped/scooter,moped_scooter,2019,2019,2019-08,Ward 1,reportdate
27136694,16200271,85095823,Driver,38,35-44,N,N,Y,Minor,N,N,Y,Moped/scooter,moped_scooter,2016,2016,2016-11,Ward 5,reportdate
27042948,16141908,84930284,Driver,22,16-24,N,N,N,None,N,Y,Y,Moped/scooter,moped_scooter,2016,2016,2016-08,Ward 5,reportdate
28443810,20090219,89944876,Driver,43,35-44,Y,N,N,Fatal,N,N,Y,Moped/scooter,moped_scooter,2020,2020,2020-06,Ward 5,reportdate
26910802,16057015,85009162,Driver,53,45-54,N,N,Y,Minor,N,N,N,Moped/scooter,moped_scooter,2016,2016,2016-04,Ward 7,reportdate
28320974,20029150,89498179,Driver,27,25-34,N,Y,N,Major,N,N,N,Moped/scooter,moped_scooter,2020,2020,2020-02,Ward 7,reportdate
24734628,13132472,84826724,Driver,24,16-24,N,Y,N,Major,N,N,N,Moped/scooter,moped_scooter,2013,2013,2013-09,Ward 2,reportdate
27444854,17168013,86224443,Driver,38,35-44,N,N,Y,Minor,N,N,Y,Moped/scooter,moped_scooter,2017,2017,2017-09,Ward 4,reportdate
26666940,15135379,84969660,Driver,36,35-44,N,N,N,None,N,N,N,Moped/scooter,moped_scooter,2015,2015,2015-08,Ward 7,reportdate
27403707,17141397,86067853,Driver,33,25-34,N,N,N,None,N,N,Y,Moped/scooter,moped_scooter,2017,2017,2017-08,Ward 7,reportdate
26665322,15130807,85043881,Driver,23,16-24,N,N,N,None,N,N,Y,Moped/scooter,moped_scooter,2015,2015,2015-08,Ward 2,reportdate
26915672,16060152,84761316,Driver,22,16-24,N,N,Y,Minor,N,N,N,Moped/scooter,moped_scooter,2016,2016,2016-04,Ward 8,reportdate
26888975,16044118,84756044,Driver,27,25-34,N,N,Y,Minor,N,N,N,Moped/scooter,moped_scooter,2016,2016,2016-03,Ward 6,reportdate
27887723,18210548,87855895,Passenger,34,25-34,N,N,N,None,N,N,N,Moped/scooter,moped_scooter,2018,2018,2018-12,Ward 1,reportdate
24976848,13151938,84770426,Driver,40,35-44,N,Y,N,Major,N,Y,N,Moped/scooter,moped_scooter,2013,2013,2013-10,Ward 3,reportdate
28840996,21101086,91129470,Driver,38,35-44,N,N,N,None,N,N,N,Moped/scooter,moped_scooter,2021,2021,2021-07,Ward 2,reportdate
28454860,20095157,89955921,Driver,21,16-24,Y,N,N,Fatal,N,N,N,Moped/scooter,moped_scooter,2020,2020,2020-06,Ward 7,reportdate
24980278,14064255,84768646,Bicyclist,22,16-24,N,N,N,None,N,N,N,Moped/scooter,moped_scooter,2014,2014,2014-05,Ward 1,reportdate
26915568,16060052,84933557,Driver,42,35-44,N,N,Y,Minor,N,N,Y,Moped/scooter,moped_scooter,2016,2016,2016-04,Ward 5,reportdate
28149914,19153939,88851830,Driver,60,55-64,N,N,Y,Minor,N,N,N,Moped/scooter,moped_scooter,2019,2019,2019-08,Ward 7,reportdate
28767914,21060050,90893545,Driver,23,16-24,N,N,Y,Minor,N,N,N,Moped/scooter,moped_scooter,2021,2021,2021-05,Ward 2,reportdate
27773939,18139036,87420451,Driver,23,16-24,N,N,Y,Minor,N,N,Y,Moped/scooter,moped_scooter,2018,2018,2018-08,Ward 6,reportdate
27340509,17101037,85834500,Driver,35,35-44,N,N,N,None,N,N,N,Moped/scooter,moped_scooter,2017,2017,2017-06,Ward 6,reportdate
27370973,17121700,85949030,Driver,33,25-34,N,N,N,None,N,N,N,Moped/scooter,moped_scooter,2017,2017,2017-07,Ward 2,reportdate
28361785,20052400,89664972,Driver,26,25-34,N,N,Y,Minor,N,N,N,Moped/scooter,moped_scooter,2020,2020,2020-03,Ward 4,reportdate
28142987,19149618,88820197,Driver,42,35-44,N,N,Y,Minor,N,N,N,Moped/scooter,moped_scooter,2019,2019,2019-08,Ward 4,reportdate
28201770,19188181,89050629,Passenger,34,25-34,N,N,Y,Minor,N,N,N,Moped/scooter,moped_scooter,2019,2019,2019-10,Ward 7,reportdate
28793744,21073998,90976910,Driver,36,35-44,N,N,N,None,N,N,N,Moped/scooter,moped_scooter,2021,2021,2021-06,Ward 5,reportdate
25100475,14126264,84913239,Driver,44,35-44,N,N,N,None,N,N,N,Moped/scooter,moped_scooter,2014,2014,2014-08,Ward 3,reportdate
28159882,19160443,88885711,Driver,25,25-34,N,N,N,None,N,N,N,Moped/scooter,moped_scooter,2019,2019,2019-09,Ward 3,reportdate
25006207,13169236,84563338,Passenger,0,<16,N,N,N,None,N,N,N,Moped/scooter,moped_scooter,2013,2013,2013-11,Ward 1,reportdate
27794895,18152470,87501510,Driver,20,16-24,N,N,Y,Minor,N,N,Y,Moped/scooter,moped_scooter,2018,2018,2018-09,Ward 5,reportdate
28202675,19188801,89054437,Driver,35,35-44,N,N,Y,Minor,N,N,N,Moped/scooter,moped_scooter,2019,2019,2019-10,Ward 2,reportdate
27451929,17171608,86248858,Driver,53,45-54,N,N,Y,Minor,N,N,N,Moped/scooter,moped_scooter,2017,2017,2017-10,Ward 1,reportdate
26958671,16087534,84757651,Driver,39,35-44,N,N,Y,Minor,N,N,Y,Moped/scooter,moped_scooter,2016,2016,2016-05,Ward 1,reportdate
28213042,19196028,89098772,Driver,47,45-54,N,N,N,None,N,N,N,Moped/scooter,moped_scooter,2019,2019,2019-11,Ward 1,reportdate
28197974,19185895,89035015,Passenger,15,<16,N,N,Y,Minor,N,N,N,Moped/scooter,moped_scooter,2019,2019,2019-10,Ward 8,reportdate
28590780,20162522,90359470,Driver,52,45-54,N,N,N,None,N,N,Y,Moped/scooter,moped_scooter,2020,2020,2020-11,Ward 2,reportdate
27644801,18058988,86958779,Driver,59,55-64,N,N,N,None,N,N,Y,Moped/scooter,moped_scooter,2018,2018,2018-04,Ward 4,reportdate
27589515,18026934,86748939,Driver,52,45-54,N,N,Y,Minor,N,N,N,Moped/scooter,moped_scooter,2018,2018,2018-02,Ward 5,reportdate
28844024,21102899,91139642,Driver,13,<16,N,N,N,None,N,N,N,Moped/scooter,moped_scooter,2021,2021,2021-07,Ward 6,reportdate
26642576,10136427,84936153,Driver,27,25-34,N,N,Y,Minor,N,N,N,Moped/scooter,moped_scooter,2010,2010,2010-09,Ward 3,reportdate
28473558,20103467,90004517,Driver,33,25-34,N,N,Y,Minor,N,N,N,Moped/scooter,moped_scooter,2020,2020,2020-07,Ward 5,reportdate
28447602,20091766,89926315,Driver,29,25-34,N,N,Y,Minor,N,N,N,Moped/scooter,moped_scooter,2020,2020,2020-06,Ward 7,reportdate
26734294,15167893,85051193,Driver,32,25-34,N,N,Y,Minor,N,N,Y,Moped/scooter,moped_scooter,2015,2015,2015-10,Ward 4,reportdate
27707758,18097136,87187422,Driver,19,16-24,N,N,Y,Minor,N,N,N,Moped/scooter,moped_scooter,2018,2018,2018-06,Ward 8,reportdate
28826018,21092406,91078197,Driver,23,16-24,N,N,N,None,N,N,N,Moped/scooter,moped_scooter,2021,2021,2021-07,Ward 2,reportdate
27440094,17163023,86207244,Driver,33,25-34,N,N,Y,Minor,N,N,N,Moped/scooter,moped_scooter,2017,2017,2017-09,Ward 4,reportdate
25254975,15051080,84993352,Driver,29,25-34,N,N,Y,Minor,N,N,N,Moped/scooter,moped_scooter,2015,2015,2015-04,Ward 8,reportdate
26658258,15129755,84842696,Driver,50,45-54,N,N,N,None,N,N,N,Moped/scooter,moped_scooter,2015,2015,2015-08,Ward 1,reportdate
27229559,17032061,85418058,Driver,46,45-54,N,Y,N,Major,N,N,N,Moped/scooter,moped_scooter,2017,2017,2017-02,Ward 1,reportdate
28317718,20024884,89488292,Driver,48,45-54,N,N,N,None,N,N,N,Moped/scooter,moped_scooter,2020,2020,2020-02,Ward 3,reportdate
28291124,20011106,89390418,Driver,22,16-24,N,N,Y,Minor,N,N,N,Moped/scooter,moped_scooter,2020,2020,2020-01,Ward 1,reportdate
27448625,17170272,86238171,Driver,38,35-44,N,N,Y,Minor,N,N,Y,Moped/scooter,moped_scooter,2017,2017,2017-10,Ward 3,reportdate
28833692,21096570,91105929,Driver,15,<16,N,N,N,None,N,N,N,Moped/scooter,moped_scooter,2021,2021,2021-07,Ward 1,reportdate
27441508,17165754,86210937,Driver,24,16-24,N,N,Y,Minor,N,N,Y,Moped/scooter,moped_scooter,2017,2017,2017-09,Ward 1,reportdate
26764505,15185302,84675575,Driver,30,25-34,N,N,Y,Minor,N,N,N,Moped/scooter,moped_scooter,2015,2015,2015-11,Ward 1,reportdate
26912435,16058047,84631334,Driver,42,35-44,N,N,N,None,N,N,N,Moped/scooter,moped_scooter,2016,2016,2016-04,Ward 3,reportdate
27752852,18125969,87343294,Driver,19,16-24,N,N,Y,Minor,N,N,N,Moped/scooter,moped_scooter,2018,2018,2018-07,Ward 3,reportdate
26905622,16053878,84815047,Driver,32,25-34,N,N,N,None,N,N,Y,Moped/scooter,moped_scooter,2016,2016,2016-04,Ward 2,reportdate
26687662,15142731,84898581,Driver,26,25-34,N,N,N,None,N,N,N,Moped/scooter,moped_scooter,2015,2015,2015-09,Ward 2,reportdate
27041522,16140787,84935428,Driver,28,25-34,N,N,Y,Minor,N,N,Y,Moped/scooter,moped_scooter,2016,2016,2016-08,Ward 2,reportdate
27065022,16156108,84881252,Driver,45,45-54,N,Y,N,Major,N,N,N,Moped/scooter,moped_scooter,2016,2016,2016-09,Ward 2,reportdate
26627770,12059569,84578859,Driver,37,35-44,N,N,N,None,N,N,N,Moped/scooter,moped_scooter,2012,2012,2012-05,Ward 4,reportdate
26592645,09039751,84832193,Driver,26,25-34,N,N,N,None,N,N,N,Moped/scooter,moped_scooter,2009,2012,2012-06,Ward 6,reportdate
27300077,17075111,85675131,Driver,16,16-24,N,Y,N,Major,N,Y,N,Moped/scooter,moped_scooter,2017,2017,2017-05,Ward 8,reportdate
27787552,18146640,87495432,Driver,19,16-24,N,N,N,None,N,N,Y,Moped/scooter,moped_scooter,2018,2018,2018-09,Ward 1,reportdate
26625343,12053878,85003082,Driver,44,35-44,N,N,N,None,N,N,N,Moped/scooter,moped_scooter,2012,2012,2012-04,Ward 6,reportdate
28314992,20025633,89476283,Driver,61,55-64,N,N,N,None,N,N,N,Moped/scooter,moped_scooter,2020,2020,2020-02,Ward 1,reportdate
27753666,18125842,87351514,Driver,27,25-34,N,Y,N,Major,N,N,N,Moped/scooter,moped_scooter,2018,2018,2018-07,Ward 2,reportdate
28043789,19084530,88433448,Driver,28,25-34,N,N,N,None,N,N,N,Moped/scooter,moped_scooter,2019,2019,2019-05,Ward 7,reportdate
28201770,19188181,89051411,Driver,49,45-54,N,N,Y,Minor,N,N,Y,Moped/scooter,moped_scooter,2019,2019,2019-10,Ward 7,reportdate
24676803,13103156,84943847,Driver,18,16-24,N,N,N,None,N,Y,N,Moped/scooter,moped_scooter,2013,2013,2013-07,Ward 8,reportdate
27013726,16123383,84698732,Passenger,23,16-24,N,N,Y,Minor,N,N,N,Moped/scooter,moped_scooter,2016,2016,2016-07,Ward 4,reportdate
24629941,13079437,84682331,Driver,57,55-64,N,N,N,None,N,N,N,Moped/scooter,moped_scooter,2013,2013,2013-06,Ward 6,reportdate
28140656,19147958,88812648,Driver,20,16-24,N,N,Y,Minor,N,N,Y,Moped/scooter,moped_scooter,2019,2019,2019-08,Ward 3,reportdate
24518192,13042765,84570918,Driver,15,<16,N,N,N,None,N,N,N,Moped/scooter,moped_scooter,2013,2013,2013-04,Ward 7,reportdate
28779906,21066532,90933291,Driver,27,25-34,N,N,Y,Minor,N,N,Y,Moped/scooter,moped_scooter,2021,2021,2021-05,Ward 4,reportdate
27817979,18167468,87591820,Driver,24,16-24,N,N,N,None,N,N,Y,Moped/scooter,moped_scooter,2018,2018,2018-10,Ward 5,reportdate
26593946,08075642,84714854,Driver,32,25-34,N,N,Y,Minor,N,N,N,Moped/scooter,moped_scooter,2008,2008,2008-06,Ward 6,reportdate
25079601,14115480,85015341,Driver,18,16-24,N,N,Y,Minor,N,Y,N,Moped/scooter,moped_scooter,2014,2014,2014-08,Ward 8,reportdate
28585876,20160008,90345388,Driver,30,25-34,N,N,N,None,N,N,Y,Moped/scooter,moped_scooter,2020,2020,2020-11,Ward 2,reportdate
28526026,20129082,90160964,Driver,23,16-24,N,N,Y,Minor,N,N,N,Moped/scooter,moped_scooter,2020,2020,2020-09,Ward 7,reportdate
24737086,13133334,84850733,Driver,19,16-24,N,N,Y,Minor,N,N,N,Moped/scooter,moped_scooter,2013,2013,2013-09,Ward 8,reportdate
27704969,18095433,87160827,Driver,16,16-24,N,N,Y,Minor,N,N,Y,Moped/scooter,moped_scooter,2018,2018,2018-06,Ward 7,reportdate
24544298,13049784,84571666,Passenger,0,<16,N,N,Y,Minor,N,N,N,Moped/scooter,moped_scooter,2013,2013,2013-04,Ward 5,reportdate
26676683,15138498,84618798,Driver,32,25-34,N,N,N,None,N,N,N,Moped/scooter,moped_scooter,2015,2015,2015-09,Ward 5,reportdate
28579622,20156640,90327484,Driver,0,<16,N,N,N,None,N,N,N,Moped/scooter,moped_scooter,2020,2020,2020-11,Ward 2,reportdate
26624656,10057421,84844512,Driver,51,45-54,N,N,Y,Minor,N,N,N,Moped/scooter,moped_scooter,2010,2010,2010-04,Ward 1,reportdate
25127760,14139462,84723984,Driver,23,16-24,N,Y,N,Major,N,N,N,Moped/scooter,moped_scooter,2014,2014,2014-09,Ward 2,reportdate
28791955,21073007,90971156,Driver,36,35-44,N,N,N,None,N,N,Y,Moped/scooter,moped_scooter,2021,2021,2021-06,Ward 6,reportdate
26880815,16039259,84764673,Driver,68,65+,N,N,Y,Minor,N,N,Y,Moped/scooter,moped_scooter,2016,2016,2016-03,Ward 2,reportdate
27248809,17042963,85486555,Driver,17,16-24,N,N,N,None,N,N,Y,Moped/scooter,moped_scooter,2017,2017,2017-03,Ward 3,reportdate
28153867,19156359,88862889,Driver,61,55-64,N,N,Y,Minor,N,N,N,Moped/scooter,moped_scooter,2019,2019,2019-09,Ward 1,reportdate
27409860,17145809,86090815,Driver,32,25-34,N,N,Y,Minor,N,N,N,Moped/scooter,moped_scooter,2017,2017,2017-08,Ward 5,reportdate
27513832,17209295,86477732,Driver,27,25-34,N,N,Y,Minor,N,N,Y,Moped/scooter,moped_scooter,2017,2017,2017-12,Ward 8,reportdate
27893121,18213990,87875179,Driver,48,45-54,N,N,Y,Minor,N,N,N,Moped/scooter,moped_scooter,2018,2018,2018-12,Ward 2,reportdate
24405504,13006029,84847763,Driver,42,35-44,N,N,N,None,N,N,N,Moped/scooter,moped_scooter,2013,2013,2013-01,Ward 2,reportdate
27438703,17163866,86199582,Driver,39,35-44,N,N,N,None,N,N,N,Moped/scooter,moped_scooter,2017,2017,2017-09,Ward 5,reportdate
28814070,21085302,91038906,Driver,47,45-54,N,N,Y,Minor,N,N,N,Moped/scooter,moped_scooter,2021,2021,2021-06,Ward 2,reportdate
27702830,18094076,87152578,Driver,35,35-44,N,N,Y,Minor,N,N,Y,Moped/scooter,moped_scooter,2018,2018,2018-06,Ward 1,reportdate
27895966,18215841,87887376,Driver,23,16-24,N,N,N,None,N,N,Y,Moped/scooter,moped_scooter,2018,2018,2018-12,Ward 2,reportdate
27458778,17175642,86273821,Driver,40,35-44,N,N,Y,Minor,N,N,Y,Moped/scooter,moped_scooter,2017,2017,2017-10,Ward 3,reportdate
27442853,17166712,86214816,Driver,21,16-24,N,N,Y,Minor,N,N,N,Moped/scooter,moped_scooter,2017,2017,2017-09,Ward 2,reportdate
28741629,21046452,90814124,Bicyclist,27,25-34,N,N,N,None,N,N,N,Moped/scooter,moped_scooter,2021,2021,2021-04,Ward 5,reportdate
26636566,11109273,84694125,Driver,20,16-24,N,N,Y,Minor,N,N,N,Moped/scooter,moped_scooter,2011,2011,2011-07,Ward 8,reportdate
28117953,19133254,88721694,Driver,13,<16,N,N,N,None,N,N,N,Moped/scooter,moped_scooter,2019,2019,2019-07,Ward 7,reportdate
28374823,20057837,89704372,Driver,35,35-44,N,N,Y,Minor,N,N,N,Moped/scooter,moped_scooter,2020,2020,2020-04,Ward 1,reportdate
28223735,19202626,89137511,Driver,50,45-54,N,N,Y,Minor,N,N,N,Moped/scooter,moped_scooter,2019,2019,2019-11,Ward 2,reportdate
25009855,14079314,84759665,Passenger,0,<16,N,Y,N,Major,N,N,N,Moped/scooter,moped_scooter,2014,2014,2014-06,Ward 8,reportdate
25039596,14094946,84967931,Passenger,0,<16,N,N,Y,Minor,N,N,N,Moped/scooter,moped_scooter,2014,2014,2014-06,Ward 2,reportdate
26614614,12014361,84959520,Driver,31,25-34,N,N,Y,Minor,N,N,N,Moped/scooter,moped_scooter,2012,2012,2012-01,Ward 1,reportdate
26642606,10133479,84942645,Driver,19,16-24,N,N,N,None,N,N,N,Moped/scooter,moped_scooter,2010,2010,2010-09,Ward 8,reportdate
28413868,20074887,89822649,Driver,51,45-54,N,N,N,None,N,N,N,Moped/scooter,moped_scooter,2020,2020,2020-05,Ward 1,reportdate
27991160,19050236,88234917,Driver,48,45-54,N,N,N,None,N,N,Y,Moped/scooter,moped_scooter,2019,2019,2019-03,Ward 7,reportdate
24084338,12094232,84895596,Driver,65,65+,N,Y,N,Major,N,N,N,Moped/scooter,moped_scooter,2012,2012,2012-07,Ward 2,reportdate
28236062,19210675,89184315,Driver,30,25-34,N,N,N,None,N,N,Y,Moped/scooter,moped_scooter,2019,2019,2019-11,Ward 8,reportdate
26864685,16029886,84914652,Driver,56,55-64,N,N,N,None,N,N,Y,Moped/scooter,moped_scooter,2016,2016,2016-02,Ward 4,reportdate
28198894,19186438,89040732,Driver,22,16-24,N,N,N,None,N,N,N,Moped/scooter,moped_scooter,2019,2019,2019-10,Ward 2,reportdate
25152437,14153022,84674878,Driver,23,16-24,N,N,N,None,N,N,N,Moped/scooter,moped_scooter,2014,2014,2014-10,Ward 2,reportdate
28483705,20108179,90035237,Driver,51,45-54,N,N,Y,Minor,N,N,N,Moped/scooter,moped_scooter,2020,2020,2020-07,Ward 8,reportdate
27742781,18119395,87309063,Driver,33,25-34,N,N,N,None,N,N,N,Moped/scooter,moped_scooter,2018,2018,2018-07,Ward 1,reportdate
28502864,20117615,90090924,Driver,21,16-24,N,N,Y,Minor,N,N,Y,Moped/scooter,moped_scooter,2020,2020,2020-08,Ward 4,reportdate
28394950,20066252,89765199,Driver,49,45-54,N,N,Y,Minor,N,N,Y,Moped/scooter,moped_scooter,2020,2020,2020-05,Ward 5,reportdate
25024034,13177710,84702321,Driver,0,<16,N,N,N,None,N,N,N,Moped/scooter,moped_scooter,2013,2013,2013-12,Ward 2,reportdate
28241933,19213952,89204056,Driver,16,16-24,N,N,Y,Minor,N,N,N,Moped/scooter,moped_scooter,2019,2019,2019-12,Ward 8,reportdate
28447759,20091904,89926771,Driver,24,16-24,N,N,Y,Minor,N,N,N,Moped/scooter,moped_scooter,2020,2020,2020-06,Ward 3,reportdate
25316427,15113972,84709840,Driver,53,45-54,N,N,Y,Minor,N,N,N,Moped/scooter,moped_scooter,2015,2015,2015-07,Ward 5,reportdate
24470030,13027587,84874097,Driver,45,45-54,N,N,N,None,N,N,N,Moped/scooter,moped_scooter,2013,2013,2013-03,Ward 8,reportdate
26588649,09004178,84668412,Driver,29,25-34,N,N,Y,Minor,N,N,N,Moped/scooter,moped_scooter,2009,2009,2009-01,Ward 2,reportdate
25037515,14094203,84587038,Driver,35,35-44,N,N,Y,Minor,N,N,N,Moped/scooter,moped_scooter,2014,2014,2014-06,Ward 7,reportdate
28253688,19221181,89250878,Driver,51,45-54,N,N,Y,Minor,N,N,N,Moped/scooter,moped_scooter,2019,2019,2019-12,Ward 5,reportdate
26606976,09153802,84817929,Driver,25,25-34,N,N,Y,Minor,N,N,N,Moped/scooter,moped_scooter,2009,2009,2009-10,Ward 2,reportdate
27267966,17054920,85557742,Driver,51,45-54,N,Y,N,Major,N,N,N,Moped/scooter,moped_scooter,2017,2017,2017-04,Ward 2,reportdate
28149660,19153219,88847739,Driver,63,55-64,N,N,Y,Minor,N,N,Y,Moped/scooter,moped_scooter,2019,2019,2019-08,Ward 6,reportdate
28210102,19194011,89082047,Driver,24,16-24,N,N,Y,Minor,N,N,N,Moped/scooter,moped_scooter,2019,2019,2019-10,Ward 2,reportdate
28459899,20097404,89962183,Driver,0,<16,N,N,Y,Minor,N,N,Y,Moped/scooter,moped_scooter,2020,2020,2020-07,Ward 1,reportdate
27055470,16149718,85014667,Driver,23,16-24,N,N,N,None,N,N,Y,Moped/scooter,moped_scooter,2016,2016,2016-09,Ward 6,reportdate
25298568,15095003,84996486,Driver,38,35-44,N,N,Y,Minor,N,N,N,Moped/scooter,moped_scooter,2015,2015,2015-06,Ward 2,reportdate
27004930,16117900,85033835,Driver,28,25-34,N,N,Y,Minor,N,N,N,Moped/scooter,moped_scooter,2016,2016,2016-07,Ward 3,reportdate
27118434,16189732,84885351,Driver,37,35-44,N,N,N,None,N,N,Y,Moped/scooter,moped_scooter,2016,2016,2016-11,Ward 6,reportdate
27362548,17115989,85916911,Driver,44,35-44,N,N,Y,Minor,N,N,N,Moped/scooter,moped_scooter,2017,2017,2017-07,Ward 2,reportdate
25295039,15091510,84732372,Driver,18,16-24,N,N,Y,Minor,N,N,N,Moped/scooter,moped_scooter,2015,2015,2015-06,Ward 7,reportdate
26632505,11089064,84647116,Driver,19,16-24,N,N,Y,Minor,N,N,N,Moped/scooter,moped_scooter,2011,2011,2011-06,Ward 7,reportdate
25090395,14121633,84618733,Driver,0,<16,N,Y,N,Major,N,N,N,Moped/scooter,moped_scooter,2014,2014,2014-08,Ward 5,reportdate
28809882,21082977,91026233,Driver,24,16-24,N,N,Y,Minor,N,N,Y,Moped/scooter,moped_scooter,2021,2021,2021-06,Ward 2,reportdate
27404000,17142262,86068576,Driver,27,25-34,N,N,N,None,N,N,Y,Moped/scooter,moped_scooter,2017,2017,2017-08,Ward 1,reportdate
25284092,15080230,84581290,Driver,57,55-64,N,N,N,None,N,N,N,Moped/scooter,moped_scooter,2015,2015,2015-05,Ward 3,reportdate
27750016,18124199,87329996,Driver,42,35-44,N,N,Y,Minor,N,N,N,Moped/scooter,moped_scooter,2018,2018,2018-07,Ward 7,reportdate
27323843,17090664,85769395,Driver,35,35-44,N,Y,N,Major,N,N,N,Moped/scooter,moped_scooter,2017,2017,2017-05,Ward 8,reportdate
27644580,18058738,86940879,Driver,38,35-44,N,N,Y,Minor,N,N,N,Moped/scooter,moped_scooter,2018,2018,2018-04,Ward 3,reportdate
27790784,18149890,87487036,Driver,40,35-44,N,N,Y,Minor,N,N,N,Moped/scooter,moped_scooter,2018,2018,2018-09,Ward 3,reportdate
26721695,15160416,84826312,Driver,34,25-34,N,N,Y,Minor,N,N,Y,Moped/scooter,moped_scooter,2015,2015,2015-10,Ward 6,reportdate
28273689,20000155,89321935,Driver,62,55-64,N,N,N,None,N,N,Y,Moped/scooter,moped_scooter,2020,2020,2020-01,Ward 5,reportdate
26606174,09145847,84929249,Driver,14,<16,N,N,N,None,N,N,N,Moped/scooter,moped_scooter,2009,2009,2009-10,Ward 4,reportdate
28588562,20161328,90353471,Driver,23,16-24,N,N,N,None,N,N,Y,Moped/scooter,moped_scooter,2020,2020,2020-11,Ward 1,reportdate
26647186,11169069,84768768,Driver,49,45-54,N,N,Y,Minor,N,N,N,Moped/scooter,moped_scooter,2011,2011,2011-11,Ward 2,reportdate
28772574,21062352,90910543,Driver,41,35-44,N,N,Y,Minor,N,N,Y,Moped/scooter,moped_scooter,2021,2021,2021-05,Ward 3,reportdate
26968904,16094526,84960570,Driver,52,45-54,N,N,Y,Minor,N,N,Y,Moped/scooter,moped_scooter,2016,2016,2016-06,Ward 2,reportdate
28808599,21082165,91022711,Driver,29,25-34,N,N,Y,Minor,N,N,N,Moped/scooter,moped_scooter,2021,2021,2021-06,Ward 6,reportdate
26595904,08082603,84813834,Driver,42,35-44,N,N,N,None,N,N,N,Moped/scooter,moped_scooter,2008,2008,2008-06,Ward 2,reportdate
27142786,16203552,85117423,Driver,41,35-44,N,N,Y,Minor,N,N,Y,Moped/scooter,moped_scooter,2016,2016,2016-12,Ward 3,reportdate
26644169,10145332,84828316,Driver,46,45-54,N,Y,N,Major,N,N,N,Moped/scooter,moped_scooter,2010,2010,2010-10,Ward 7,reportdate
28807024,21081433,91017366,Driver,21,16-24,N,Y,N,Major,N,N,N,Moped/scooter,moped_scooter,2021,2021,2021-06,Ward 7,reportdate
27676997,18078394,87056256,Driver,9,<16,N,N,N,None,N,N,N,Moped/scooter,moped_scooter,2018,2018,2018-05,Ward 8,reportdate
27994084,19052346,88246342,Driver,34,25-34,N,N,N,None,N,N,N,Moped/scooter,moped_scooter,2019,2019,2019-03,Ward 2,reportdate
26720710,15159824,84659821,Driver,38,35-44,N,N,N,None,N,N,N,Moped/scooter,moped_scooter,2015,2015,2015-10,Ward 4,reportdate
26903445,16052568,84601169,Driver,22,16-24,N,N,N,None,Y,N,Y,Moped/scooter,moped_scooter,2016,2016,2016-04,Ward 1,reportdate
27502434,17202577,86438257,Driver,27,25-34,N,N,Y,Minor,N,N,N,Moped/scooter,moped_scooter,2017,2017,2017-11,Ward 2,reportdate
26651013,10178630,84585970,Driver,43,35-44,N,N,Y,Minor,N,Y,N,Moped/scooter,moped_scooter,2010,2010,2010-12,Ward 4,reportdate
25195031,14189342,85054553,Driver,57,55-64,N,N,N,None,N,N,N,Moped/scooter,moped_scooter,2014,2014,2014-12,Ward 2,reportdate
28287749,20008747,89375139,Driver,34,25-34,N,N,Y,Minor,N,N,Y,Moped/scooter,moped_scooter,2020,2020,2020-01,Ward 2,reportdate
28833692,21096570,91106020,Passenger,14,<16,N,N,N,None,N,N,N,Moped/scooter,moped_scooter,2021,2021,2021-07,Ward 1,reportdate
27296495,17072467,85662999,Driver,22,16-24,N,N,Y,Minor,N,N,Y,Moped/scooter,moped_scooter,2017,2017,2017-05,Ward 1,reportdate
26631296,10082839,84819081,Driver,0,<16,N,N,Y,Minor,N,N,N,Moped/scooter,moped_scooter,2010,2010,,,ccn_year_fallback
26644464,11148589,84869827,Driver,46,45-54,N,N,Y,Minor,N,N,N,Moped/scooter,moped_scooter,2011,2011,2011-10,Ward 6,reportdate
28657657,21008356,90559869,Driver,30,25-34,N,N,N,None,N,N,N,Moped/scooter,moped_scooter,2021,2021,2021-01,Ward 6,reportdate
26598408,09073738,84612425,Passenger,0,<16,N,Y,N,Major,N,N,N,Moped/scooter,moped_scooter,2009,2009,2009-05,Ward 1,reportdate
25309991,15106987,84785024,Driver,44,35-44,N,N,Y,Minor,N,N,N,Moped/scooter,moped_scooter,2015,2015,2015-07,Ward 6,reportdate
28332739,20036549,89544507,Driver,29,25-34,N,N,N,None,N,N,N,Moped/scooter,moped_scooter,2020,2020,2020-02,Ward 1,reportdate
26618852,10034703,84974230,Driver,49,45-54,N,N,Y,Minor,N,N,N,Moped/scooter,moped_scooter,2010,2010,2010-03,Ward 2,reportdate
28753731,21052630,90851002,Driver,49,45-54,N,N,Y,Minor,N,N,Y,Moped/scooter,moped_scooter,2021,2021,2021-04,Ward 1,reportdate
28336893,20039051,89557523,Driver,46,45-54,N,N,Y,Minor,N,N,N,Moped/scooter,moped_scooter,2020,2020,2020-03,Ward 2,reportdate
28103950,19123981,88667001,Driver,0,<16,N,N,Y,Minor,N,N,Y,Moped/scooter,moped_scooter,2019,2019,2019-07,Ward 4,reportdate
27915724,19005087,87957970,Driver,35,35-44,N,N,Y,Minor,N,N,N,Moped/scooter,moped_scooter,2019,2019,2019-01,Ward 1,reportdate
27075775,16162344,84830636,Driver,40,35-44,N,N,Y,Minor,N,N,N,Moped/scooter,moped_scooter,2016,2016,2016-09,Ward 2,reportdate
28580920,20157487,90330534,Driver,24,16-24,N,N,Y,Minor,N,N,N,Moped/scooter,moped_scooter,2020,2020,2020-11,Ward 2,reportdate
26921581,16063952,84962481,Driver,29,25-34,N,N,Y,Minor,N,N,Y,Moped/scooter,moped_scooter,2016,2016,2016-04,Ward 1,reportdate
27347881,17106537,85859818,Driver,59,55-64,N,Y,N,Major,N,N,N,Moped/scooter,moped_scooter,2017,2017,2017-06,Ward 2,reportdate
25256598,15051624,84629018,Driver,56,55-64,N,N,N,None,N,N,N,Moped/scooter,moped_scooter,2015,2015,2015-04,Ward 7,reportdate
25152177,14152875,84925847,Driver,33,25-34,N,N,N,None,N,N,N,Moped/scooter,moped_scooter,2014,2014,2014-10,Ward 5,reportdate
26679351,15139462,84606762,Driver,22,16-24,N,N,N,None,N,N,Y,Moped/scooter,moped_scooter,2015,2015,2015-09,Ward 4,reportdate
25005664,14077503,85055260,Driver,26,25-34,N,N,N,None,N,N,N,Moped/scooter,moped_scooter,2014,2014,2014-05,Ward 5,reportdate
27080834,16166314,84754857,Driver,49,45-54,N,N,N,None,N,N,N,Moped/scooter,moped_scooter,2016,2016,2016-10,Ward 4,reportdate
24213112,12130495,84676015,Driver,43,35-44,N,N,N,None,N,N,N,Moped/scooter,moped_scooter,2012,2012,2012-09,Ward 7,reportdate
27031574,16134696,84695131,Driver,25,25-34,N,N,Y,Minor,N,N,N,Moped/scooter,moped_scooter,2016,2016,2016-08,Ward 2,reportdate
25304244,15101039,84736733,Driver,51,45-54,N,N,Y,Minor,N,N,N,Moped/scooter,moped_scooter,2015,2015,2015-07,Ward 4,reportdate
27049065,16145864,84623707,Driver,50,45-54,N,N,Y,Minor,N,N,Y,Moped/scooter,moped_scooter,2016,2016,2016-08,Ward 2,reportdate
26631927,12069355,84718622,Driver,27,25-34,N,N,N,None,N,N,N,Moped/scooter,moped_scooter,2012,2012,2012-05,Null,reportdate
24977705,13153250,84702410,Driver,23,16-24,N,N,N,None,N,N,N,Moped/scooter,moped_scooter,2013,2013,2013-10,Ward 2,reportdate
28814105,21085457,91039439,Driver,56,55-64,N,Y,N,Major,N,N,N,Moped/scooter,moped_scooter,2021,2021,2021-06,Ward 1,reportdate
28229618,19206302,89160041,Driver,39,35-44,N,N,Y,Minor,N,N,N,Moped/scooter,moped_scooter,2019,2019,2019-11,Ward 8,reportdate
28449962,20093065,89932258,Driver,23,16-24,N,N,Y,Minor,N,N,N,Moped/scooter,moped_scooter,2020,2020,2020-06,Ward 2,reportdate
27753894,18126623,87345886,Driver,56,55-64,N,N,Y,Minor,N,N,N,Moped/scooter,moped_scooter,2018,2018,2018-08,Ward 6,reportdate
26768693,15187935,85033578,Driver,46,45-54,N,Y,N,Major,N,N,N,Moped/scooter,moped_scooter,2015,2015,2015-11,Ward 8,reportdate
27009932,16121010,84566975,Driver,16,16-24,N,N,N,None,N,N,Y,Moped/scooter,moped_scooter,2016,2016,2016-07,Ward 5,reportdate
26437586,11009456,84647582,Driver,40,35-44,N,N,N,None,N,N,N,Moped/scooter,moped_scooter,2011,2011,2011-02,Ward 1,reportdate
27018828,16126751,84970574,Passenger,18,16-24,N,N,N,None,N,N,N,Moped/scooter,moped_scooter,2016,2016,2016-07,Ward 5,reportdate
26651395,10178676,84783413,Driver,52,45-54,N,N,N,None,N,N,N,Moped/scooter,moped_scooter,2010,2010,2010-12,Ward 2,reportdate
27430751,17158790,86168830,Passenger,24,16-24,N,N,N,None,N,N,N,Moped/scooter,moped_scooter,2017,2017,2017-09,Ward 7,reportdate
28449962,20093065,89932932,Passenger,24,16-24,N,N,N,None,N,N,N,Moped/scooter,moped_scooter,2020,2020,2020-06,Ward 2,reportdate
28185224,19177437,88989040,Driver,23,16-24,N,N,Y,Minor,N,N,N,Moped/scooter,moped_scooter,2019,2019,2019-10,Ward 1,reportdate
27455841,17174117,86264673,Driver,47,45-54,N,N,Y,Minor,N,N,N,Moped/scooter,moped_scooter,2017,2017,2017-10,Ward 5,reportdate
26884740,16041536,84716952,Driver,61,55-64,N,N,N,None,N,N,N,Moped/scooter,moped_scooter,2016,2016,2016-03,Ward 8,reportdate
28037117,19080706,88407036,Driver,34,25-34,N,N,Y,Minor,N,N,Y,Moped/scooter,moped_scooter,2019,2019,2019-05,Ward 2,reportdate
27729478,18110926,87252875,Driver,18,16-24,N,N,Y,Minor,N,N,N,Moped/scooter,moped_scooter,2018,2018,2018-07,Ward 4,reportdate
27293690,17070700,85653641,Driver,30,25-34,N,N,N,None,N,N,N,Moped/scooter,moped_scooter,2017,2017,2017-04,Ward 6,reportdate
27353568,17110062,85883646,Driver,43,35-44,N,N,Y,Minor,N,N,N,Moped/scooter,moped_scooter,2017,2017,2017-06,Ward 2,reportdate
27761919,18131547,87381702,Driver,47,45-54,N,N,N,None,N,N,N,Moped/scooter,moped_scooter,2018,2018,2018-08,Ward 8,reportdate
28133547,19143110,88783649,Driver,23,16-24,N,N,N,None,N,N,N,Moped/scooter,moped_scooter,2019,2019,2019-08,Ward 4,reportdate
27517736,17211708,86496802,Driver,27,25-34,N,N,Y,Minor,N,N,N,Moped/scooter,moped_scooter,2017,2017,2017-12,Ward 6,reportdate
28244859,19215502,89214971,Driver,27,25-34,N,N,Y,Minor,N,N,Y,Moped/scooter,moped_scooter,2019,2019,2019-12,Ward 7,reportdate
28014912,19065910,88324844,Driver,24,16-24,N,N,Y,Minor,N,N,Y,Moped/scooter,moped_scooter,2019,2019,2019-04,Ward 5,reportdate
28268919,19230256,89303946,Driver,55,55-64,N,N,N,None,N,N,N,Moped/scooter,moped_scooter,2019,2019,2019-12,Ward 8,reportdate
24980278,14064255,84870245,Passenger,0,<16,N,N,Y,Minor,N,N,N,Moped/scooter,moped_scooter,2014,2014,2014-05,Ward 1,reportdate
28501814,20117165,90088523,Driver,57,55-64,N,N,Y,Minor,N,N,N,Moped/scooter,moped_scooter,2020,2020,2020-08,Ward 5,reportdate
28722726,21037791,90756466,Driver,51,45-54,N,N,Y,Minor,N,N,N,Moped/scooter,moped_scooter,2021,2021,2021-03,Ward 2,reportdate
28458558,20096636,89959195,Passenger,0,<16,N,N,Y,Minor,N,N,N,Moped/scooter,moped_scooter,2020,2020,2020-07,Ward 7,reportdate
26766147,15186223,84960440,Driver,18,16-24,N,N,Y,Minor,N,N,N,Moped/scooter,moped_scooter,2015,2015,2015-11,Ward 7,reportdate
26592218,09038873,84783228,Driver,31,25-34,N,N,N,None,N,N,N,Moped/scooter,moped_scooter,2009,2009,2009-03,Ward 2,reportdate
27155866,16211220,85162925,Driver,45,45-54,N,N,Y,Minor,N,N,Y,Moped/scooter,moped_scooter,2016,2016,2016-12,Ward 5,reportdate
28162942,19162507,88897285,Driver,28,25-34,N,N,Y,Minor,N,N,Y,Moped/scooter,moped_scooter,2019,2019,2019-09,Ward 5,reportdate
27805133,18159260,87546337,Passenger,20,16-24,N,Y,N,Major,N,N,N,Moped/scooter,moped_scooter,2018,2018,2018-09,Ward 2,reportdate
28594890,20164602,90371804,Driver,25,25-34,N,N,N,None,N,N,N,Moped/scooter,moped_scooter,2020,2020,2020-11,Ward 5,reportdate
28560934,20147202,90268155,Driver,18,16-24,N,N,N,None,N,N,Y,Moped/scooter,moped_scooter,2020,2020,2020-10,Ward 4,reportdate
27729784,18110847,87254546,Driver,45,45-54,N,N,N,None,N,N,N,Moped/scooter,moped_scooter,2018,2018,2018-07,Ward 8,reportdate
28211603,19194769,89090624,Driver,26,25-34,N,N,Y,Minor,N,N,Y,Moped/scooter,moped_scooter,2019,2019,2019-10,Ward 6,reportdate
27450651,17170682,86243968,Driver,31,25-34,N,N,Y,Minor,N,N,Y,Moped/scooter,moped_scooter,2017,2017,2017-10,Ward 2,reportdate
28845021,21103460,91141062,Driver,15,<16,N,Y,N,Major,N,N,N,Moped/scooter,moped_scooter,2021,2021,2021-07,Ward 6,reportdate
27782499,18144496,87456067,Driver,24,16-24,N,Y,N,Major,N,N,Y,Moped/scooter,moped_scooter,2018,2018,2018-08,Ward 2,reportdate
28127878,19139703,88761863,Passenger,16,16-24,N,N,Y,Minor,N,N,N,Moped/scooter,moped_scooter,2019,2019,2019-08,Ward 1,reportdate
27806898,18160402,87549784,Driver,35,35-44,N,N,Y,Minor,N,N,N,Moped/scooter,moped_scooter,2018,2018,2018-09,Ward 2,reportdate
28313995,20025094,89473223,Driver,26,25-34,N,N,N,None,N,N,N,Moped/scooter,moped_scooter,2020,2020,2020-02,Ward 2,reportdate
27396898,17137718,86040863,Driver,45,45-54,N,N,Y,Minor,N,N,N,Moped/scooter,moped_scooter,2017,2017,2017-08,Ward 3,reportdate
25296776,15092779,84906226,Passenger,0,<16,N,Y,N,Major,N,N,N,Moped/scooter,moped_scooter,2015,2015,2015-06,Ward 8,reportdate
26592351,09039616,84583801,Passenger,0,<16,N,N,Y,Minor,N,N,N,Moped/scooter,moped_scooter,2009,2012,2012-06,Ward 8,reportdate
27959565,19030890,88116129,Driver,16,16-24,N,N,N,None,N,N,N,Moped/scooter,moped_scooter,2019,2019,2019-02,Ward 7,reportdate
28287855,20008712,89375803,Driver,50,45-54,N,N,Y,Minor,N,N,Y,Moped/scooter,moped_scooter,2020,2020,2020-01,Ward 8,reportdate
28204763,19190284,89061928,Driver,35,35-44,N,N,Y,Minor,N,N,Y,Moped/scooter,moped_scooter,2019,2019,2019-10,Ward 7,reportdate
26632712,11092165,84816421,Driver,36,35-44,N,N,Y,Minor,N,N,N,Moped/scooter,moped_scooter,2011,2011,2011-06,Ward 6,reportdate
26808609,16000838,84601174,Passenger,23,16-24,N,N,Y,Minor,N,N,N,Moped/scooter,moped_scooter,2016,2016,2016-01,Ward 6,reportdate
27075508,16162832,84617542,Driver,37,35-44,N,N,Y,Minor,N,N,N,Moped/scooter,moped_scooter,2016,2016,2016-09,Ward 1,reportdate
28802068,21078492,91002606,Driver,24,16-24,N,N,Y,Minor,N,N,Y,Moped/scooter,moped_scooter,2021,2021,2021-06,Ward 4,reportdate
28491545,20112017,90059091,Driver,27,25-34,N,N,Y,Minor,N,N,Y,Moped/scooter,moped_scooter,2020,2020,2020-08,Ward 4,reportdate
28318001,20027687,89488687,Driver,51,45-54,N,N,N,None,N,N,N,Moped/scooter,moped_scooter,2020,2020,2020-02,Ward 1,reportdate
27116762,16188864,84700599,Driver,28,25-34,N,N,N,None,N,N,N,Moped/scooter,moped_scooter,2016,2016,2016-11,Ward 5,reportdate
28779581,21065606,90932156,Passenger,22,16-24,N,N,Y,Minor,N,N,N,Moped/scooter,moped_scooter,2021,2021,2021-05,Ward 2,reportdate
27556652,18008299,86628126,Driver,50,45-54,N,N,Y,Minor,N,N,Y,Moped/scooter,moped_scooter,2018,2018,2018-01,Ward 3,reportdate
28458558,20096636,89959542,Driver,29,25-34,N,N,Y,Minor,N,N,Y,Moped/scooter,moped_scooter,2020,2020,2020-07,Ward 7,reportdate
28437871,20087653,89896423,Driver,24,16-24,N,N,N,None,N,N,Y,Moped/scooter,moped_scooter,2020,2020,2020-06,Ward 2,reportdate
26616198,11030708,84652588,Driver,48,45-54,N,N,Y,Minor,N,N,N,Moped/scooter,moped_scooter,2011,2011,2011-03,Ward 8,reportdate
28091692,19115852,88621339,Passenger,20,16-24,N,N,Y,Minor,N,N,N,Moped/scooter,moped_scooter,2019,2019,2019-07,Ward 2,reportdate
27219554,17026679,85385609,Driver,19,16-24,N,N,Y,Minor,N,N,Y,Moped/scooter,moped_scooter,2017,2017,2017-02,Ward 6,reportdate
27535760,17221856,86559300,Driver,38,35-44,N,N,Y,Minor,N,N,Y,Moped/scooter,moped_scooter,2017,2017,2017-12,Ward 2,reportdate
28114735,19130950,88708618,Driver,44,35-44,N,N,N,None,N,N,Y,Moped/scooter,moped_scooter,2019,2019,2019-07,Ward 6,reportdate
27027954,16132461,84975411,Driver,40,35-44,N,N,N,None,N,N,N,Moped/scooter,moped_scooter,2016,2016,2016-08,Ward 1,reportdate
28446562,20091309,89922912,Driver,30,25-34,N,N,N,None,N,N,N,Moped/scooter,moped_scooter,2020,2020,2020-06,Ward 3,reportdate
28366860,20054532,89680408,Driver,25,25-34,N,N,Y,Minor,N,N,N,Moped/scooter,moped_scooter,2020,2020,2020-04,Ward 2,reportdate
28107615,19126265,88683461,Driver,26,25-34,N,Y,N,Major,N,N,N,Moped/scooter,moped_scooter,2019,2019,2019-07,Ward 3,reportdate
27560847,18010992,86644631,Driver,0,<16,N,N,N,None,N,N,N,Moped/scooter,moped_scooter,2018,2018,2018-01,Ward 6,reportdate
27527777,17217591,86530825,Driver,0,<16,N,N,Y,Minor,N,N,Y,Moped/scooter,moped_scooter,2017,2017,2017-12,Ward 8,reportdate
27232793,17033915,85428471,Driver,25,25-34,N,N,Y,Minor,N,N,N,Moped/scooter,moped_scooter,2017,2017,2017-02,Ward 3,reportdate
27192865,17011260,85287635,Driver,48,45-54,N,N,N,None,N,N,Y,Moped/scooter,moped_scooter,2017,2017,2017-01,Ward 2,reportdate
27209859,17021175,85349838,Driver,33,25-34,N,N,Y,Minor,N,N,Y,Moped/scooter,moped_scooter,2017,2017,2017-02,Ward 5,reportdate
27035807,16137238,85044700,Driver,41,35-44,N,N,Y,Minor,N,N,Y,Moped/scooter,moped_scooter,2016,2016,2016-08,Ward 2,reportdate
28251777,19220030,89241857,Driver,24,16-24,N,N,Y,Minor,N,N,Y,Moped/scooter,moped_scooter,2019,2019,2019-12,Ward 2,reportdate
26965533,16092035,84692840,Driver,25,25-34,N,N,Y,Minor,N,N,Y,Moped/scooter,moped_scooter,2016,2016,2016-06,Ward 4,reportdate
26631076,10083903,84728659,Driver,0,<16,N,N,Y,Minor,N,N,N,Moped/scooter,moped_scooter,2010,2010,2010-06,Ward 2,reportdate
27445850,17168612,86228520,Driver,23,16-24,N,N,Y,Minor,N,N,N,Moped/scooter,moped_scooter,2017,2017,2017-09,Ward 3,reportdate
27865035,18197088,87771354,Driver,0,<16,N,N,Y,Minor,N,N,N,Moped/scooter,moped_scooter,2018,2018,2018-11,Ward 2,reportdate
26912942,16058504,84789364,Driver,61,55-64,N,N,Y,Minor,N,N,N,Moped/scooter,moped_scooter,2016,2016,2016-04,Ward 2,reportdate
28158920,19159874,88881404,Driver,28,25-34,N,N,N,None,N,N,N,Moped/scooter,moped_scooter,2019,2019,2019-09,Ward 6,reportdate
28835704,21097906,91119371,Driver,21,16-24,N,N,N,None,N,N,N,Moped/scooter,moped_scooter,2021,2021,2021-07,Ward 1,reportdate
28090650,19115125,88616171,Driver,31,25-34,N,N,N,None,N,N,N,Moped/scooter,moped_scooter,2019,2019,2019-07,Ward 6,reportdate
26597907,09073872,84867540,Driver,46,45-54,N,N,Y,Minor,N,N,N,Moped/scooter,moped_scooter,2009,2009,2009-05,Ward 5,reportdate
25159939,14156730,84875691,Driver,67,65+,N,N,N,None,N,N,N,Moped/scooter,moped_scooter,2014,2014,2014-10,Ward 5,reportdate
27002883,16116589,84629500,Driver,35,35-44,N,N,Y,Minor,N,N,N,Moped/scooter,moped_scooter,2016,2016,2016-07,Ward 2,reportdate
28797985,21076386,90989527,Driver,18,16-24,N,N,Y,Minor,N,N,N,Moped/scooter,moped_scooter,2021,2021,2021-06,Ward 8,reportdate
28524795,20128459,90158558,Driver,36,35-44,N,N,N,None,N,N,N,Moped/scooter,moped_scooter,2020,2020,2020-09,Ward 8,reportdate
27845148,18184446,87694643,Passenger,17,16-24,N,N,Y,Minor,N,N,N,Moped/scooter,moped_scooter,2018,2018,2018-10,Ward 8,reportdate
28099748,19121158,88650940,Driver,10,<16,N,N,Y,Minor,N,N,N,Moped/scooter,moped_scooter,2019,2019,2019-07,Ward 7,reportdate
28017971,19067886,88336290,Driver,27,25-34,N,Y,N,Major,N,N,N,Moped/scooter,moped_scooter,2019,2019,2019-04,Ward 2,reportdate
25087967,14023389,84827558,Driver,43,35-44,N,N,Y,Minor,N,N,N,Moped/scooter,moped_scooter,2014,2014,2014-02,Ward 1,reportdate
28207618,19192218,89074283,Passenger,29,25-34,N,N,Y,Minor,N,N,N,Moped/scooter,moped_scooter,2019,2019,2019-10,Ward 2,reportdate
27521548,17213753,86507306,Driver,42,35-44,N,N,Y,Minor,N,N,N,Moped/scooter,moped_scooter,2017,2017,2017-12,Ward 6,reportdate
27050630,16146703,84611427,Driver,25,25-34,N,N,N,None,N,N,Y,Moped/scooter,moped_scooter,2016,2016,2016-08,Ward 2,reportdate
26627098,10064808,84994446,Driver,18,16-24,N,Y,N,Major,N,N,N,Moped/scooter,moped_scooter,2010,2010,2010-05,Ward 1,reportdate
27842999,18183112,87686450,Driver,33,25-34,N,N,Y,Minor,N,N,N,Moped/scooter,moped_scooter,2018,2018,2018-10,Ward 2,reportdate
24662775,13096747,84947977,Driver,42,35-44,N,N,N,None,N,N,N,Moped/scooter,moped_scooter,2013,2013,2013-07,Ward 1,reportdate
24139536,12110206,84786731,Driver,50,45-54,N,N,Y,Minor,N,N,N,Moped/scooter,moped_scooter,2012,2012,2012-08,Ward 6,reportdate
28484932,20108983,90037563,Driver,57,55-64,N,N,Y,Minor,N,N,N,Moped/scooter,moped_scooter,2020,2020,2020-07,Ward 6,reportdate
27000603,16115012,84704247,Driver,30,25-34,N,N,N,None,N,N,Y,Moped/scooter,moped_scooter,2016,2016,2016-07,Ward 5,reportdate
28842631,21101528,91135427,Driver,30,25-34,N,N,Y,Minor,N,N,Y,Moped/scooter,moped_scooter,2021,2021,2021-07,Ward 1,reportdate
27262067,17051466,85540098,Driver,31,25-34,N,N,Y,Minor,N,N,Y,Moped/scooter,moped_scooter,2017,2017,2017-03,Ward 4,reportdate
28000961,19056804,88272859,Driver,16,16-24,N,N,N,None,N,N,Y,Moped/scooter,moped_scooter,2019,2019,2019-04,Ward 6,reportdate
27221812,17028115,85391436,Driver,0,<16,N,N,N,None,N,N,N,Moped/scooter,moped_scooter,2017,2017,2017-02,Ward 6,reportdate
28176907,19171407,88953766,Driver,49,45-54,N,N,Y,Minor,N,N,Y,Moped/scooter,moped_scooter,2019,2019,2019-09,Ward 6,reportdate
24709383,13119386,84741640,Driver,59,55-64,N,N,N,None,N,N,N,Moped/scooter,moped_scooter,2013,2013,2013-08,Ward 7,reportdate
28806845,21081218,91016126,Driver,23,16-24,N,N,Y,Minor,N,N,N,Moped/scooter,moped_scooter,2021,2021,2021-06,Ward 7,reportdate
28474682,20103981,90007583,Driver,26,25-34,N,N,Y,Minor,N,N,Y,Moped/scooter,moped_scooter,2020,2020,2020-07,Ward 5,reportdate
25264871,15061037,84955803,Driver,52,45-54,N,Y,N,Major,N,N,N,Moped/scooter,moped_scooter,2015,2015,2015-04,Ward 5,reportdate
26633375,10086479,84880573,Driver,25,25-34,N,N,N,None,N,N,N,Moped/scooter,moped_scooter,2010,2010,2010-06,Ward 2,reportdate
28039763,19082113,88419483,Driver,38,35-44,N,N,N,None,N,N,N,Moped/scooter,moped_scooter,2019,2019,2019-05,Ward 1,reportdate
27072646,16160908,84667855,Driver,37,35-44,N,N,Y,Minor,N,N,N,Moped/scooter,moped_scooter,2016,2016,2016-09,Ward 3,reportdate
26981828,16102891,84784868,Driver,25,25-34,N,N,N,None,N,N,Y,Moped/scooter,moped_scooter,2016,2016,2016-06,Ward 4,reportdate
27726787,18109355,87242877,Driver,45,45-54,N,N,Y,Minor,N,N,N,Moped/scooter,moped_scooter,2018,2018,2018-07,Ward 5,reportdate
28127878,19139703,88760803,Driver,15,<16,N,N,N,None,N,N,Y,Moped/scooter,moped_scooter,2019,2019,2019-08,Ward 1,reportdate
28201651,19188123,89051275,Driver,30,25-34,N,N,N,None,N,N,Y,Moped/scooter,moped_scooter,2019,2019,2019-10,Ward 3,reportdate
28766771,21059264,90891183,Driver,28,25-34,N,N,Y,Minor,N,N,N,Moped/scooter,moped_scooter,2021,2021,2021-05,Ward 6,reportdate
24615209,13071826,85034621,Driver,49,45-54,N,N,Y,Minor,N,N,N,Moped/scooter,moped_scooter,2013,2013,2013-05,Ward 5,reportdate
26893637,16047005,84609311,Driver,41,35-44,N,N,N,None,N,N,Y,Moped/scooter,moped_scooter,2016,2016,2016-03,Ward 6,reportdate
27007555,16119325,84672290,Driver,46,45-54,N,N,Y,Minor,N,N,N,Moped/scooter,moped_scooter,2016,2016,2016-07,Ward 1,reportdate
25311310,15109025,84933837,Driver,51,45-54,N,Y,N,Major,N,N,N,Moped/scooter,moped_scooter,2015,2015,2015-07,Ward 7,reportdate
27529962,17218898,86538780,Driver,46,45-54,N,N,Y,Minor,N,N,Y,Moped/scooter,moped_scooter,2017,2017,2017-12,Ward 2,reportdate
28081633,19109342,88581669,Driver,45,45-54,N,N,Y,Minor,N,N,N,Moped/scooter,moped_scooter,2019,2019,2019-06,Ward 4,reportdate
28318598,20027867,89493036,Driver,36,35-44,N,N,Y,Minor,N,N,N,Moped/scooter,moped_scooter,2020,2020,2020-02,Ward 4,reportdate
28375655,20058078,89707458,Passenger,14,<16,N,N,N,None,N,N,N,Moped/scooter,moped_scooter,2020,2020,2020-04,Ward 6,reportdate
28151802,19155129,88855936,Driver,54,45-54,N,N,Y,Minor,N,N,N,Moped/scooter,moped_scooter,2019,2019,2019-09,Ward 2,reportdate
26621558,11049743,84607732,Driver,26,25-34,N,N,Y,Minor,N,Y,N,Moped/scooter,moped_scooter,2011,2011,2011-04,Ward 4,reportdate
26756886,15181139,84754365,Driver,28,25-34,N,N,Y,Minor,N,N,N,Moped/scooter,moped_scooter,2015,2015,2015-11,Ward 2,reportdate
28846784,21104266,91147287,Driver,46,45-54,N,N,N,None,N,N,Y,Moped/scooter,moped_scooter,2021,2021,2021-07,Ward 1,reportdate
28531697,20131904,90179765,Driver,22,16-24,N,N,N,None,N,N,N,Moped/scooter,moped_scooter,2020,2020,2020-09,Ward 3,reportdate
28584789,20159388,90351217,Driver,31,25-34,N,N,Y,Minor,N,N,Y,Moped/scooter,moped_scooter,2020,2020,2020-11,Ward 4,reportdate
28840657,21100712,91128923,Driver,0,<16,N,N,N,None,N,N,N,Moped/scooter,moped_scooter,2021,2021,2021-07,Ward 1,reportdate
27220712,17027430,85387625,Driver,38,35-44,N,N,Y,Minor,N,N,N,Moped/scooter,moped_scooter,2017,2017,2017-02,Ward 2,reportdate
28443699,20090170,89914128,Driver,43,35-44,N,N,Y,Minor,N,N,N,Moped/scooter,moped_scooter,2020,2020,2020-06,Ward 1,reportdate
28710729,21032192,90719935,Driver,57,55-64,N,N,Y,Minor,N,N,Y,Moped/scooter,moped_scooter,2021,2021,2021-03,Ward 6,reportdate
26918470,16062009,84628994,Driver,25,25-34,N,N,Y,Minor,N,N,Y,Moped/scooter,moped_scooter,2016,2016,2016-04,Ward 1,reportdate
26609312,09175885,84822369,Driver,27,25-34,N,N,N,None,N,N,N,Moped/scooter,moped_scooter,2009,2009,2009-12,Ward 2,reportdate
26722614,15160757,84652835,Driver,30,25-34,N,N,Y,Minor,N,N,Y,Moped/scooter,moped_scooter,2015,2015,2015-10,Ward 2,reportdate
27705778,18095820,87164162,Driver,22,16-24,N,N,Y,Minor,N,N,N,Moped/scooter,moped_scooter,2018,2018,2018-06,Ward 4,reportdate
28636689,20183853,90497848,Driver,33,25-34,N,N,Y,Minor,N,N,N,Moped/scooter,moped_scooter,2020,2020,2020-12,Ward 7,reportdate
27933720,19015438,88020925,Driver,35,35-44,N,N,N,None,N,N,N,Moped/scooter,moped_scooter,2019,2019,2019-01,Ward 1,reportdate
27974074,19039780,88167956,Driver,43,35-44,N,N,Y,Minor,N,N,N,Moped/scooter,moped_scooter,2019,2019,2019-03,Ward 2,reportdate
28514890,20123574,90131232,Driver,29,25-34,N,N,N,None,N,N,N,Moped/scooter,moped_scooter,2020,2020,2020-08,Ward 1,reportdate
26624988,12049685,84820028,Driver,20,16-24,N,N,Y,Minor,N,N,N,Moped/scooter,moped_scooter,2012,2012,2012-04,Null,reportdate
28076183,19105784,88559034,Driver,23,16-24,N,N,Y,Minor,N,N,N,Moped/scooter,moped_scooter,2019,2019,2019-06,Ward 5,reportdate
28005838,19058645,88291696,Driver,39,35-44,N,N,N,None,N,N,N,Moped/scooter,moped_scooter,2019,2019,2019-04,Ward 4,reportdate
26686781,15142295,84861254,Driver,28,25-34,N,Y,N,Major,N,N,Y,Moped/scooter,moped_scooter,2015,2015,2015-09,Ward 7,reportdate
25016903,14083155,84966148,Driver,18,16-24,N,N,N,None,N,N,N,Moped/scooter,moped_scooter,2014,2014,2014-06,Ward 8,reportdate
25225521,15019966,84646049,Driver,39,35-44,N,N,N,None,N,N,N,Moped/scooter,moped_scooter,2015,2015,2015-02,Ward 5,reportdate
27707794,18097256,87171335,Driver,28,25-34,N,N,Y,Minor,N,N,Y,Moped/scooter,moped_scooter,2018,2018,2018-06,Ward 1,reportdate
28515827,20124013,90130759,Driver,17,16-24,N,N,Y,Minor,N,N,N,Moped/scooter,moped_scooter,2020,2020,2020-08,Ward 3,reportdate
26489956,11096920,84612805,Driver,27,25-34,N,Y,N,Major,N,Y,N,Moped/scooter,moped_scooter,2011,2011,2011-06,Ward 5,reportdate
28314993,20025732,89477996,Driver,40,35-44,N,N,N,None,N,N,Y,Moped/scooter,moped_scooter,2020,2020,2020-02,Ward 3,reportdate
28840017,21100513,91125424,Driver,31,25-34,N,Y,N,Major,N,N,N,Moped/scooter,moped_scooter,2021,2021,2021-07,Ward 5,reportdate
28479943,20106523,90022954,Driver,23,16-24,N,N,Y,Minor,Y,N,Y,Moped/scooter,moped_scooter,2020,2020,2020-07,Ward 1,reportdate
26639122,11123566,84571673,Driver,27,25-34,N,N,N,None,N,N,N,Moped/scooter,moped_scooter,2011,2011,2011-08,Ward 5,reportdate
26973665,16097035,84922157,Driver,26,25-34,N,N,Y,Minor,N,N,N,Moped/scooter,moped_scooter,2016,2016,2016-06,Ward 3,reportdate
27307083,17079451,85706631,Driver,18,16-24,N,N,Y,Minor,N,N,Y,Moped/scooter,moped_scooter,2017,2017,2017-05,Ward 6,reportdate
28167902,19165840,88916120,Driver,21,16-24,N,N,N,None,N,N,Y,Moped/scooter,moped_scooter,2019,2019,2019-09,Ward 1,reportdate
24974181,13149720,84621991,Driver,47,45-54,N,Y,N,Major,N,N,N,Moped/scooter,moped_scooter,2013,2013,2013-10,Ward 6,reportdate
28175564,19170720,88952591,Driver,29,25-34,N,Y,N,Major,N,N,N,Moped/scooter,moped_scooter,2019,2019,2019-09,Ward 5,reportdate
27081902,16166990,84650003,Driver,19,16-24,N,N,N,None,N,N,N,Moped/scooter,moped_scooter,2016,2016,2016-10,Ward 7,reportdate
26623726,11056874,84611030,Driver,54,45-54,N,N,Y,Minor,N,Y,N,Moped/scooter,moped_scooter,2011,2011,2011-04,Ward 7,reportdate
27890776,18212553,87867996,Driver,45,45-54,N,N,N,None,N,N,N,Moped/scooter,moped_scooter,2018,2018,2018-12,Ward 5,reportdate
25024881,14087476,85025429,Driver,43,35-44,N,N,N,None,N,N,N,Moped/scooter,moped_scooter,2014,2014,2014-06,Ward 6,reportdate
24654858,13091957,84759203,Driver,26,25-34,N,N,N,None,N,N,N,Moped/scooter,moped_scooter,2013,2013,2013-07,Ward 5,reportdate
24215473,12131514,84789567,Driver,49,45-54,N,N,N,None,N,N,N,Moped/scooter,moped_scooter,2012,2012,2012-09,Ward 7,reportdate
27437651,17163245,86197076,Driver,64,55-64,N,N,Y,Minor,N,N,N,Moped/scooter,moped_scooter,2017,2017,2017-09,Ward 6,reportdate
28349944,20047130,89629315,Driver,25,25-34,N,N,Y,Minor,N,N,Y,Moped/scooter,moped_scooter,2020,2020,2020-03,Ward 6,reportdate
27764782,18133409,87388154,Driver,20,16-24,N,N,Y,Minor,N,N,N,Moped/scooter,moped_scooter,2018,2018,2018-08,Ward 1,reportdate
27599710,18032293,86780765,Driver,18,16-24,N,N,N,None,N,N,Y,Moped/scooter,moped_scooter,2018,2018,2018-02,Ward 8,reportdate
27703443,18094355,87156924,Driver,31,25-34,N,N,Y,Minor,N,N,N,Moped/scooter,moped_scooter,2018,2018,2018-06,Ward 2,reportdate
24358990,12174904,84938743,Driver,20,16-24,N,N,N,None,N,N,N,Moped/scooter,moped_scooter,2012,2012,2012-12,Ward 6,reportdate
26813809,16003689,85015091,Driver,38,35-44,N,N,Y,Minor,N,N,Y,Moped/scooter,moped_scooter,2016,2016,2016-01,Ward 2,reportdate
26643666,10145658,85033854,Driver,56,55-64,N,N,Y,Minor,N,N,N,Moped/scooter,moped_scooter,2010,2010,2010-10,Ward 6,reportdate
27572972,18017610,86689641,Driver,38,35-44,N,N,Y,Minor,N,N,N,Moped/scooter,moped_scooter,2018,2018,2018-02,Ward 1,reportdate
28552932,20143018,90245229,Pedestrian,18,16-24,N,N,N,None,N,N,Y,Moped/scooter,moped_scooter,2020,2020,2020-10,Ward 3,reportdate
27111883,16185787,84955577,Driver,40,35-44,N,N,N,None,N,N,Y,Moped/scooter,moped_scooter,2016,2016,2016-10,Ward 2,reportdate
26934848,16072425,84863303,Driver,54,45-54,N,N,Y,Minor,N,N,Y,Moped/scooter,moped_scooter,2016,2016,2016-05,Ward 5,reportdate
28070146,19101944,88535039,Driver,34,25-34,N,Y,N,Major,N,N,N,Moped/scooter,moped_scooter,2019,2019,2019-06,Ward 5,reportdate
25133207,14143106,84810812,Driver,40,35-44,N,N,N,None,N,N,N,Moped/scooter,moped_scooter,2014,2014,2014-09,Ward 6,reportdate
28306771,20020494,89446255,Driver,35,35-44,N,N,Y,Minor,N,N,N,Moped/scooter,moped_scooter,2020,2020,2020-02,Ward 1,reportdate
24690222,13109406,84939954,Driver,28,25-34,N,N,N,None,N,N,N,Moped/scooter,moped_scooter,2013,2013,2013-08,Ward 4,reportdate
27551039,18005370,86612397,Driver,24,16-24,N,N,Y,Minor,N,N,N,Moped/scooter,moped_scooter,2018,2018,2018-01,Ward 2,reportdate
28277919,20002911,89337407,Driver,28,25-34,N,N,N,None,N,N,N,Moped/scooter,moped_scooter,2020,2020,2020-01,Ward 2,reportdate
26621278,10044997,84907621,Driver,32,25-34,N,N,Y,Minor,N,N,N,Moped/scooter,moped_scooter,2010,2010,2010-04,Ward 4,reportdate
28795894,21075178,90982685,Driver,39,35-44,N,N,N,None,N,N,N,Moped/scooter,moped_scooter,2021,2021,2021-06,Ward 2,reportdate
27893121,18213990,87876448,Passenger,46,45-54,N,Y,N,Major,N,N,N,Moped/scooter,moped_scooter,2018,2018,2018-12,Ward 2,reportdate
27414665,17148003,86109624,Driver,39,35-44,Y,N,N,Fatal,N,N,N,Moped/scooter,moped_scooter,2017,2017,2017-08,Ward 5,reportdate
28003737,19058572,88284521,Driver,33,25-34,N,N,Y,Minor,N,N,N,Moped/scooter,moped_scooter,2019,2019,2019-04,Ward 5,reportdate
27424652,17154863,86227202,Driver,24,16-24,N,Y,N,Major,N,N,Y,Moped/scooter,moped_scooter,2017,2017,2017-09,Ward 7,reportdate
26643127,11141800,85041031,Driver,49,45-54,N,N,Y,Minor,N,N,N,Moped/scooter,moped_scooter,2011,2011,2011-09,Null,reportdate
28421938,20079016,89845638,Driver,50,45-54,N,N,Y,Minor,N,N,N,Moped/scooter,moped_scooter,2020,2020,2020-05,Ward 8,reportdate
26992543,16110067,84942896,Driver,53,45-54,N,N,Y,Minor,N,N,N,Moped/scooter,moped_scooter,2016,2016,2016-07,Ward 5,reportdate
27694511,18088931,87122592,Driver,53,45-54,N,N,N,None,N,N,N,Moped/scooter,moped_scooter,2018,2018,2018-06,Ward 1,reportdate
27251687,17044729,85505238,Driver,16,16-24,N,N,Y,Minor,N,N,Y,Moped/scooter,moped_scooter,2017,2017,2017-03,Ward 6,reportdate
26997512,16113129,84644654,Driver,0,<16,N,N,N,None,N,N,N,Moped/scooter,moped_scooter,2016,2016,2016-07,Ward 5,reportdate
27761798,18131126,87377366,Driver,27,25-34,N,N,Y,Minor,N,N,N,Moped/scooter,moped_scooter,2018,2018,2018-08,Ward 1,reportdate
26631947,12071858,84690190,Driver,49,45-54,N,Y,N,Major,N,N,N,Moped/scooter,moped_scooter,2012,2012,2012-05,Ward 1,reportdate
27719850,18104928,87218690,Driver,22,16-24,N,N,Y,Minor,N,N,N,Moped/scooter,moped_scooter,2018,2018,2018-06,Ward 6,reportdate
26711449,15154145,84714155,Driver,81,65+,N,N,N,None,N,N,N,Moped/scooter,moped_scooter,2015,2015,2015-09,Ward 4,reportdate
25098514,14125511,84605597,Driver,26,25-34,N,N,N,None,N,N,N,Moped/scooter,moped_scooter,2014,2014,2014-08,Ward 7,reportdate
25314767,15112175,84874752,Driver,22,16-24,N,N,N,None,N,N,N,Moped/scooter,moped_scooter,2015,2015,2015-07,Ward 7,reportdate
28372881,20057042,89699213,Driver,44,35-44,N,N,Y,Minor,N,N,N,Moped/scooter,moped_scooter,2020,2020,2020-04,Ward 7,reportdate
28793958,21074207,90977236,Driver,0,<16,N,N,N,None,N,N,N,Moped/scooter,moped_scooter,2021,2021,2021-06,Ward 1,reportdate
28432962,20085095,89881498,Driver,39,35-44,N,N,Y,Minor,N,N,N,Moped/scooter,moped_scooter,2020,2020,2020-06,Ward 8,reportdate
26926434,16067047,84903043,Driver,23,16-24,N,N,N,None,N,N,N,Moped/scooter,moped_scooter,2016,2016,2016-04,Ward 2,reportdate
27439716,17164551,86204436,Driver,27,25-34,N,N,N,None,N,N,N,Moped/scooter,moped_scooter,2017,2017,2017-09,Ward 6,reportdate
27872843,18201375,87799000,Driver,37,35-44,N,Y,N,Major,N,N,N,Moped/scooter,moped_scooter,2018,2018,2018-11,Ward 5,reportdate
27790784,18149890,87485990,Passenger,22,16-24,N,N,Y,Minor,N,N,N,Moped/scooter,moped_scooter,2018,2018,2018-09,Ward 3,reportdate
26621981,11053129,84914622,Driver,19,16-24,N,N,Y,Minor,N,N,N,Moped/scooter,moped_scooter,2011,2011,2011-04,Ward 8,reportdate
27380788,17127734,85983627,Passenger,20,16-24,N,N,Y,Minor,N,N,N,Moped/scooter,moped_scooter,2017,2017,2017-07,Ward 3,reportdate
28813004,21084792,91035888,Driver,37,35-44,N,N,Y,Minor,N,N,Y,Moped/scooter,moped_scooter,2021,2021,2021-06,Ward 2,reportdate
28056707,19092715,88483708,Passenger,19,16-24,N,N,N,None,N,N,N,Moped/scooter,moped_scooter,2019,2019,2019-05,Ward 4,reportdate
24215473,12131514,84629825,Passenger,0,<16,N,N,N,None,N,N,N,Moped/scooter,moped_scooter,2012,2012,2012-09,Ward 7,reportdate
28294694,20011353,89400048,Driver,66,65+,N,N,Y,Minor,N,N,N,Moped/scooter,moped_scooter,2020,2020,2020-01,Ward 5,reportdate
26623123,10052808,84828407,Driver,36,35-44,N,N,N,None,N,N,N,Moped/scooter,moped_scooter,2010,2010,2010-04,Ward 5,reportdate
28620905,20176937,90449870,Driver,34,25-34,N,N,Y,Minor,N,N,N,Moped/scooter,moped_scooter,2020,2020,2020-12,Ward 1,reportdate
26698794,15147827,84810669,Passenger,31,25-34,N,N,Y,Minor,N,N,N,Moped/scooter,moped_scooter,2015,2015,2015-09,Ward 5,reportdate
28497940,20115401,90076240,Driver,63,55-64,N,Y,N,Major,N,N,N,Moped/scooter,moped_scooter,2020,2020,2020-08,Ward 7,reportdate
28500980,20116736,90085109,Driver,17,16-24,N,N,N,None,N,N,N,Moped/scooter,moped_scooter,2020,2020,2020-08,Ward 4,reportdate
28023932,19071890,88359975,Driver,60,55-64,N,N,N,None,N,N,N,Moped/scooter,moped_scooter,2019,2019,2019-04,Ward 5,reportdate
27745823,18121459,87313875,Driver,48,45-54,N,N,N,None,N,N,N,Moped/scooter,moped_scooter,2018,2018,2018-07,Ward 2,reportdate
26895921,16048411,84867026,Driver,30,25-34,N,N,N,None,N,N,N,Moped/scooter,moped_scooter,2016,2016,2016-03,Ward 2,reportdate
28463928,20099304,89974436,Driver,14,<16,N,N,Y,Minor,N,N,N,Moped/scooter,moped_scooter,2020,2020,2020-07,Ward 5,reportdate
28474686,20103964,90008115,Driver,31,25-34,N,N,Y,Minor,N,N,N,Moped/scooter,moped_scooter,2020,2020,2020-07,Ward 7,reportdate
27963045,19033137,88125983,Driver,16,16-24,N,N,Y,Minor,N,N,Y,Moped/scooter,moped_scooter,2019,2019,2019-02,Ward 5,reportdate
27323808,17090617,85768932,Driver,24,16-24,N,N,Y,Minor,N,N,N,Moped/scooter,moped_scooter,2017,2017,2017-05,Ward 5,reportdate
28519941,20126046,90142822,Driver,48,45-54,N,N,N,None,N,N,N,Moped/scooter,moped_scooter,2020,2020,2020-09,Ward 5,reportdate
28064826,19098247,88514036,Driver,0,<16,N,N,N,None,N,N,N,Moped/scooter,moped_scooter,2019,2019,2019-06,Ward 5,reportdate
28475590,20104242,90010718,Driver,0,<16,N,N,N,None,N,N,N,Moped/scooter,moped_scooter,2020,2020,2020-07,Ward 1,reportdate
27493606,17197085,86405149,Driver,0,<16,N,N,N,None,N,N,Y,Moped/scooter,moped_scooter,2017,2017,2017-11,Ward 1,reportdate
27345021,17104651,85848918,Driver,0,<16,N,N,N,None,N,N,N,Moped/scooter,moped_scooter,2017,2017,2017-06,Ward 8,reportdate
28109891,19127792,88690588,Driver,0,<16,N,N,N,None,N,N,Y,Moped/scooter,moped_scooter,2019,2019,2019-07,Ward 6,reportdate
28787594,21070623,90959307,Driver,32,25-34,N,Y,N,Major,N,N,N,Moped/scooter,moped_scooter,2021,2021,2021-05,Ward 1,reportdate
27216797,17025157,85373709,Driver,0,<16,N,N,N,None,N,N,N,Moped/scooter,moped_scooter,2017,2017,2017-02,Ward 8,reportdate
26704328,15150350,84670209,Driver,0,<16,N,N,N,None,N,N,N,Moped/scooter,moped_scooter,2015,2015,2015-09,Ward 8,reportdate
27045965,16143860,84847848,Driver,0,<16,N,N,N,None,N,N,N,Moped/scooter,moped_scooter,2016,2016,2016-08,Ward 2,reportdate
25315698,15112473,84576937,Passenger,0,<16,N,N,N,None,N,N,N,Moped/scooter,moped_scooter,2015,2015,2015-07,Ward 8,reportdate
26637502,10107555,84868519,Passenger,0,<16,N,N,N,None,N,N,N,Moped/scooter,moped_scooter,2010,2010,2010-07,Ward 8,reportdate
27715669,18102287,87203711,Driver,0,<16,N,N,N,None,N,N,N,Moped/scooter,moped_scooter,2018,2018,2018-06,Ward 8,reportdate
27768839,18135731,87401689,Driver,0,<16,N,N,N,None,N,N,N,Moped/scooter,moped_scooter,2018,2018,2018-08,Ward 2,reportdate
28187806,19179090,88995314,Driver,0,<16,N,N,N,None,N,N,Y,Moped/scooter,moped_scooter,2019,2019,2019-10,Ward 4,reportdate
26625238,12054569,85048942,Passenger,0,<16,N,N,Y,Minor,N,N,N,Moped/scooter,moped_scooter,2012,2012,2012-04,Ward 5,reportdate
24655211,13092243,85046032,Driver,49,45-54,N,N,N,None,N,N,N,Moped/scooter,moped_scooter,2013,2013,2013-07,Ward 7,reportdate
28236843,19211011,89190910,Driver,0,<16,N,N,N,None,N,N,N,Moped/scooter,moped_scooter,2019,2019,2019-11,Ward 2,reportdate
27831157,18175692,87638883,Passenger,14,<16,N,N,Y,Minor,N,N,N,Moped/scooter,moped_scooter,2018,2018,2018-10,Ward 4,reportdate
28510018,20121162,90113033,Driver,0,<16,N,N,N,None,N,N,N,Moped/scooter,moped_scooter,2020,2020,2020-08,Ward 7,reportdate
28047794,19087399,88458301,Driver,0,<16,N,N,N,None,N,N,Y,Moped/scooter,moped_scooter,2019,2019,2019-05,Ward 8,reportdate
27307923,17080279,85706890,Driver,0,<16,N,N,N,None,N,N,Y,Moped/scooter,moped_scooter,2017,2017,2017-05,Ward 1,reportdate
25039596,14094946,84817446,Driver,26,25-34,N,N,N,None,N,N,N,Moped/scooter,moped_scooter,2014,2014,2014-06,Ward 2,reportdate
27984212,19045943,88206541,Driver,0,<16,N,N,N,None,N,N,N,Moped/scooter,moped_scooter,2019,2019,2019-03,Ward 8,reportdate
28486545,20109486,90043709,Driver,0,<16,N,N,N,None,N,N,N,Moped/scooter,moped_scooter,2020,2020,2020-08,Ward 3,reportdate
28724824,21038862,90761427,Driver,0,<16,N,N,Y,Minor,N,N,N,Moped/scooter,moped_scooter,2021,2021,2021-03,Ward 6,reportdate
28789917,21071924,90965166,Driver,0,<16,N,N,N,None,N,N,N,Moped/scooter,moped_scooter,2021,2021,2021-05,Ward 2,reportdate
27521910,17214020,86508692,Driver,51,45-54,N,Y,N,Major,N,N,N,Moped/scooter,moped_scooter,2017,2017,2017-12,Ward 6,reportdate
27759922,18130430,87369331,Driver,26,25-34,N,N,Y,Minor,N,N,Y,Moped/scooter,moped_scooter,2018,2018,2018-08,Ward 5,reportdate
27306820,17079442,85701852,Driver,66,65+,N,N,Y,Minor,N,N,N,Moped/scooter,moped_scooter,2017,2017,2017-05,Ward 2,reportdate
27149466,16207447,85142376,Driver,0,<16,N,N,Y,Minor,N,N,Y,Moped/scooter,moped_scooter,2016,2016,2016-12,Ward 2,reportdate
28306701,20020444,89447306,Driver,34,25-34,N,N,Y,Minor,N,N,N,Moped/scooter,moped_scooter,2020,2020,2020-02,Ward 2,reportdate
27257445,17048306,85520643,Driver,25,25-34,N,N,N,None,N,N,Y,Moped/scooter,moped_scooter,2017,2017,2017-03,Ward 1,reportdate
27773815,18138896,87420567,Driver,27,25-34,N,N,Y,Minor,N,N,N,Moped/scooter,moped_scooter,2018,2018,2018-08,Ward 8,reportdate
25033621,14091489,84865174,Driver,30,25-34,N,N,N,None,N,N,N,Moped/scooter,moped_scooter,2014,2014,2014-06,Ward 5,reportdate
27475989,17186840,86337116,Driver,38,35-44,N,N,N,None,Y,N,N,Moped/scooter,moped_scooter,2017,2017,2017-10,Ward 6,reportdate
25291747,15088410,84950648,Driver,48,45-54,N,N,N,None,N,N,N,Moped/scooter,moped_scooter,2015,2015,2015-06,Ward 2,reportdate
28817955,21087593,91051839,Driver,44,35-44,N,Y,N,Major,N,N,N,Moped/scooter,moped_scooter,2021,2021,2021-06,Ward 2,reportdate
28006923,19060708,88295891,Driver,39,35-44,N,Y,N,Major,N,N,Y,Moped/scooter,moped_scooter,2019,2019,2019-04,Ward 7,reportdate
27739903,18116945,87293986,Driver,23,16-24,N,N,N,None,N,N,N,Moped/scooter,moped_scooter,2018,2018,2018-07,Ward 1,reportdate
27887553,18210405,87856897,Driver,35,35-44,N,N,Y,Minor,N,N,N,Moped/scooter,moped_scooter,2018,2018,2018-12,Ward 2,reportdate
28548862,20140842,90232615,Driver,39,35-44,N,N,Y,Minor,N,N,N,Moped/scooter,moped_scooter,2020,2020,2020-10,Ward 8,reportdate
25013281,14081540,85015930,Driver,23,16-24,N,N,Y,Minor,N,N,N,Moped/scooter,moped_scooter,2014,2014,2014-06,Ward 2,reportdate
28533932,20133272,90186949,Driver,25,25-34,N,N,N,None,N,N,Y,Moped/scooter,moped_scooter,2020,2020,2020-09,Ward 7,reportdate
28380715,20060059,89722124,Driver,49,45-54,N,N,Y,Minor,N,N,N,Moped/scooter,moped_scooter,2020,2020,2020-04,Ward 1,reportdate
26606174,09145847,85054240,Passenger,0,<16,N,N,N,None,N,N,N,Moped/scooter,moped_scooter,2009,2009,2009-10,Ward 4,reportdate
28831785,21095511,91098672,Driver,32,25-34,N,N,Y,Minor,N,N,Y,Moped/scooter,moped_scooter,2021,2021,2021-07,Ward 3,reportdate
27255688,17047309,85513790,Driver,33,25-34,N,Y,N,Major,N,N,N,Moped/scooter,moped_scooter,2017,2017,2017-03,Ward 5,reportdate
27083540,16167786,84558307,Driver,43,35-44,N,N,Y,Minor,N,N,N,Moped/scooter,moped_scooter,2016,2016,2016-10,Ward 1,reportdate
28749621,21050575,90838827,Driver,39,35-44,N,N,Y,Minor,N,N,Y,Moped/scooter,moped_scooter,2021,2021,2021-04,Ward 4,reportdate
27768763,18135646,87400761,Driver,33,25-34,N,N,Y,Minor,N,N,Y,Moped/scooter,moped_scooter,2018,2018,2018-08,Ward 2,reportdate
28348780,20046482,89626388,Pedestrian,42,35-44,N,N,Y,Minor,N,N,N,Moped/scooter,moped_scooter,2020,2020,2020-03,Ward 3,reportdate
26951610,16082900,84822873,Driver,61,55-64,N,N,N,None,N,N,Y,Moped/scooter,moped_scooter,2016,2016,2016-05,Ward 5,reportdate
24206101,12128509,84567935,Driver,54,45-54,N,Y,N,Major,N,N,N,Moped/scooter,moped_scooter,2012,2012,2012-09,Ward 6,reportdate
26975569,16098769,84744906,Driver,32,25-34,N,N,N,None,N,N,Y,Moped/scooter,moped_scooter,2016,2016,2016-06,Ward 1,reportdate
28450902,20093440,89935944,Driver,34,25-34,N,N,N,None,N,N,Y,Moped/scooter,moped_scooter,2020,2020,2020-06,Ward 2,reportdate
27762023,18131577,87377362,Driver,41,35-44,N,N,Y,Minor,N,N,Y,Moped/scooter,moped_scooter,2018,2018,2018-08,Ward 5,reportdate
27081006,16166495,85004608,Driver,19,16-24,N,N,N,None,N,N,N,Moped/scooter,moped_scooter,2016,2016,2016-10,Ward 3,reportdate
24165944,12117571,84564586,Driver,46,45-54,N,Y,N,Major,N,N,N,Moped/scooter,moped_scooter,2012,2012,2012-08,Ward 7,reportdate
27895966,18215841,87891073,Passenger,22,16-24,N,N,Y,Minor,N,N,N,Moped/scooter,moped_scooter,2018,2018,2018-12,Ward 2,reportdate
27141001,16202674,85109610,Driver,55,55-64,N,N,Y,Minor,N,N,N,Moped/scooter,moped_scooter,2016,2016,2016-11,Ward 2,reportdate
28495909,20114271,90074137,Driver,60,55-64,N,N,Y,Minor,N,N,N,Moped/scooter,moped_scooter,2020,2020,2020-08,Ward 7,reportdate
28012905,19064592,88318343,Passenger,26,25-34,N,N,N,None,N,N,N,Moped/scooter,moped_scooter,2019,2019,2019-04,Ward 6,reportdate
26631910,12071905,84774600,Driver,45,45-54,N,N,Y,Minor,N,N,N,Moped/scooter,moped_scooter,2012,2012,2012-05,Ward 3,reportdate
25024034,13177710,84995804,Driver,29,25-34,N,N,N,None,N,N,N,Moped/scooter,moped_scooter,2013,2013,2013-12,Ward 2,reportdate
27890613,18212385,87869782,Driver,29,25-34,N,Y,N,Major,N,N,Y,Moped/scooter,moped_scooter,2018,2018,2018-12,Ward 5,reportdate
27723441,18107142,87232618,Driver,29,25-34,N,N,N,None,N,N,N,Moped/scooter,moped_scooter,2018,2018,2018-07,Ward 1,reportdate
28073116,19103636,88546025,Driver,29,25-34,N,N,Y,Minor,N,N,N,Moped/scooter,moped_scooter,2019,2019,2019-06,Ward 6,reportdate
27339006,17100545,85826778,Driver,0,<16,N,N,N,None,N,N,N,Moped/scooter,moped_scooter,2017,2017,2017-06,Ward 6,reportdate
25265239,15060511,84664322,Driver,47,45-54,N,N,N,None,N,N,N,Moped/scooter,moped_scooter,2015,2015,2015-04,Ward 7,reportdate
27135553,16198710,85092841,Driver,56,55-64,N,N,Y,Minor,N,N,N,Moped/scooter,moped_scooter,2016,2016,2016-11,Ward 6,reportdate
28832670,21096116,91102043,Driver,0,<16,N,N,N,None,N,N,N,Moped/scooter,moped_scooter,2021,2021,2021-07,Ward 1,reportdate
28007877,19061431,88300237,Driver,0,<16,N,N,N,None,N,N,N,Moped/scooter,moped_scooter,2019,2019,2019-04,Ward 1,reportdate
25049674,14004520,84915089,Driver,69,65+,N,N,Y,Minor,N,N,N,Moped/scooter,moped_scooter,2014,2014,2014-01,Ward 4,reportdate
26752788,15179325,84597083,Driver,33,25-34,N,N,Y,Minor,N,N,N,Moped/scooter,moped_scooter,2015,2015,2015-11,Ward 4,reportdate
28448875,20092487,89929636,Driver,45,45-54,N,N,Y,Minor,N,N,N,Moped/scooter,moped_scooter,2020,2020,2020-06,Ward 1,reportdate
28150000,19154074,88847010,Driver,50,45-54,N,N,Y,Minor,N,N,N,Moped/scooter,moped_scooter,2019,2019,2019-08,Ward 5,reportdate
26589827,09010684,85003162,Driver,26,25-34,N,N,N,None,N,N,N,Moped/scooter,moped_scooter,2009,2009,2009-01,Ward 1,reportdate
27392713,17135059,86027618,Driver,0,<16,N,N,N,None,N,N,N,Moped/scooter,moped_scooter,2017,2017,2017-08,Ward 8,reportdate
26635395,12087762,84849859,Passenger,0,<16,N,N,N,None,N,N,N,Moped/scooter,moped_scooter,2012,2012,2012-06,Ward 8,reportdate
28474597,20103911,90007024,Driver,0,<16,N,N,N,None,N,N,N,Moped/scooter,moped_scooter,2020,2020,2020-07,Ward 7,reportdate
26703642,15150140,84849693,Driver,0,<16,N,N,N,None,N,N,N,Moped/scooter,moped_scooter,2015,2015,2015-09,Ward 1,reportdate
26744547,15174072,84839029,Passenger,33,25-34,N,N,Y,Minor,N,N,N,Moped/scooter,moped_scooter,2015,2015,2015-11,Ward 1,reportdate
28540692,20136397,90208343,Driver,0,<16,N,N,N,None,N,N,Y,Moped/scooter,moped_scooter,2020,2020,2020-09,Ward 5,reportdate
27817614,18167119,87592952,Driver,0,<16,N,N,N,None,N,N,N,Moped/scooter,moped_scooter,2018,2018,2018-10,Ward 7,reportdate
26761313,15184360,84610210,Driver,0,<16,N,N,N,None,N,N,N,Moped/scooter,moped_scooter,2015,2015,2015-11,Ward 2,reportdate
28146044,19151552,88832132,Driver,0,<16,N,N,N,None,N,N,N,Moped/scooter,moped_scooter,2019,2019,2019-08,Ward 8,reportdate
28534794,20133554,90189196,Driver,56,55-64,N,Y,N,Major,N,N,N,Moped/scooter,moped_scooter,2020,2020,2020-09,Ward 2,reportdate
26745751,15174979,85039876,Driver,66,65+,N,Y,N,Major,N,N,N,Moped/scooter,moped_scooter,2015,2015,2015-11,Ward 2,reportdate
28620774,20176884,90449424,Driver,0,<16,N,N,N,None,N,N,N,Moped/scooter,moped_scooter,2020,2020,2020-12,Ward 4,reportdate
28030740,19076282,88385115,Driver,0,<16,N,N,N,None,N,N,Y,Moped/scooter,moped_scooter,2019,2019,2019-05,Ward 4,reportdate
27480668,17189474,86356403,Passenger,19,16-24,N,N,N,None,N,N,N,Moped/scooter,moped_scooter,2017,2017,2017-11,Ward 4,reportdate
27854999,18190730,87732918,Driver,54,45-54,N,N,N,None,N,N,Y,Moped/scooter,moped_scooter,2018,2018,2018-11,Ward 6,reportdate
27376032,17124667,85965925,Driver,30,25-34,N,N,Y,Minor,N,N,N,Moped/scooter,moped_scooter,2017,2017,2017-07,Ward 7,reportdate
26988832,16107521,84890831,Driver,54,45-54,N,N,Y,Minor,Y,N,Y,Moped/scooter,moped_scooter,2016,2016,2016-06,Ward 7,reportdate
28138016,19146472,88800143,Driver,32,25-34,N,N,Y,Minor,N,N,N,Moped/scooter,moped_scooter,2019,2019,2019-08,Ward 2,reportdate
24737019,13132548,84560963,Driver,69,65+,N,N,Y,Minor,N,N,N,Moped/scooter,moped_scooter,2013,2013,2013-09,Ward 1,reportdate
26879557,16038528,84740127,Driver,19,16-24,N,N,N,None,N,N,N,Moped/scooter,moped_scooter,2016,2016,2016-03,Ward 4,reportdate
26814787,16004173,84708114,Driver,55,55-64,N,N,N,None,N,N,N,Moped/scooter,moped_scooter,2016,2016,2016-01,Ward 2,reportdate
25304244,15101039,84766817,Passenger,0,<16,N,N,Y,Minor,N,N,N,Moped/scooter,moped_scooter,2015,2015,2015-07,Ward 4,reportdate
28724575,21038590,90762067,Driver,28,25-34,N,N,Y,Minor,N,N,N,Moped/scooter,moped_scooter,2021,2021,2021-03,Ward 1,reportdate
26645963,11155788,84644657,Driver,22,16-24,N,N,N,None,N,N,N,Moped/scooter,moped_scooter,2011,2011,2011-10,Ward 7,reportdate
28176694,19171551,88953617,Driver,26,25-34,N,N,Y,Minor,N,N,N,Moped/scooter,moped_scooter,2019,2019,2019-09,Ward 3,reportdate
27245871,17041655,85476826,Passenger,67,65+,N,N,Y,Minor,N,N,N,Moped/scooter,moped_scooter,2017,2017,2017-03,Ward 6,reportdate
28522843,20127333,90151600,Driver,31,25-34,N,N,Y,Minor,N,N,N,Moped/scooter,moped_scooter,2020,2020,2020-09,Ward 1,reportdate
27459897,17176509,86278101,Driver,52,45-54,N,N,Y,Minor,N,N,N,Moped/scooter,moped_scooter,2017,2017,2017-10,Ward 2,reportdate
28512020,20122138,90119213,Bicyclist,32,25-34,N,N,Y,Minor,N,N,Y,Moped/scooter,moped_scooter,2020,2020,2020-08,Ward 1,reportdate
27879891,18205814,87825941,Driver,48,45-54,N,N,Y,Minor,N,N,Y,Moped/scooter,moped_scooter,2018,2018,2018-12,Ward 8,reportdate
24544298,13049784,85042584,Passenger,0,<16,N,N,Y,Minor,N,N,N,Moped/scooter,moped_scooter,2013,2013,2013-04,Ward 5,reportdate
27274980,17059463,85584278,Driver,34,25-34,N,N,Y,Minor,N,N,N,Moped/scooter,moped_scooter,2017,2017,2017-04,Ward 2,reportdate
27252691,17045232,85528245,Driver,49,45-54,N,N,N,None,N,N,N,Moped/scooter,moped_scooter,2017,2017,2017-03,Ward 4,reportdate
27930186,19013218,88005304,Driver,52,45-54,N,N,N,None,N,N,Y,Moped/scooter,moped_scooter,2019,2019,2019-01,Ward 6,reportdate
27710598,18098958,87184080,Driver,58,55-64,N,Y,N,Major,N,N,N,Moped/scooter,moped_scooter,2018,2018,2018-06,Ward 6,reportdate
24299268,12156772,85042013,Driver,36,35-44,N,N,N,None,N,N,N,Moped/scooter,moped_scooter,2012,2012,2012-11,Ward 2,reportdate
26644169,10145332,84975509,Passenger,0,<16,N,N,N,None,N,N,N,Moped/scooter,moped_scooter,2010,2010,2010-10,Ward 7,reportdate
27631872,18051301,86892342,Driver,27,25-34,N,N,Y,Minor,N,N,N,Moped/scooter,moped_scooter,2018,2018,2018-04,Ward 1,reportdate
28179100,19173290,88961569,Driver,62,55-64,N,N,Y,Minor,N,N,N,Moped/scooter,moped_scooter,2019,2019,2019-09,Ward 5,reportdate
27042904,16141846,84810076,Driver,0,<16,N,N,N,None,N,N,N,Moped/scooter,moped_scooter,2016,2016,2016-08,Ward 4,reportdate
27392819,17135182,86027483,Driver,24,16-24,N,N,Y,Minor,N,N,N,Moped/scooter,moped_scooter,2017,2017,2017-08,Ward 7,reportdate
26873485,16032168,84576896,Driver,0,<16,N,N,N,None,N,N,Y,Moped/scooter,moped_scooter,2016,2016,2016-03,Ward 5,reportdate
28512947,20122630,90121850,Driver,0,<16,N,N,N,None,N,N,N,Moped/scooter,moped_scooter,2020,2020,2020-08,Ward 8,reportdate
27911089,19002427,87940446,Driver,0,<16,N,N,N,None,N,Y,N,Moped/scooter,moped_scooter,2019,2019,2019-01,Ward 5,reportdate
28097626,19119710,88642084,Driver,24,16-24,N,N,Y,Minor,N,N,N,Moped/scooter,moped_scooter,2019,2019,2019-07,Ward 4,reportdate
28399618,20068178,89779527,Driver,0,<16,N,N,N,None,N,N,Y,Moped/scooter,moped_scooter,2020,2020,2020-05,Ward 6,reportdate
27031781,16134918,84936435,Driver,0,<16,N,N,N,None,N,N,Y,Moped/scooter,moped_scooter,2016,2016,2016-08,Ward 8,reportdate
27741052,18117588,87297042,Driver,32,25-34,N,N,Y,Minor,N,N,N,Moped/scooter,moped_scooter,2018,2018,2018-07,Ward 1,reportdate
28080864,19108861,88582235,Driver,0,<16,N,N,N,None,N,N,Y,Moped/scooter,moped_scooter,2019,2019,2019-06,Ward 1,reportdate
28007795,19061177,88299840,Driver,0,<16,N,N,N,None,N,N,N,Moped/scooter,moped_scooter,2019,2019,2019-04,Ward 1,reportdate
26593172,09045089,84908969,Passenger,0,<16,N,N,N,None,N,N,N,Moped/scooter,moped_scooter,2009,2009,2009-04,Ward 6,reportdate
27715005,18101414,87197876,Passenger,0,<16,N,N,N,None,N,N,N,Moped/scooter,moped_scooter,2018,2018,2018-06,Ward 8,reportdate
28468987,20101410,89988877,Driver,0,<16,N,N,N,None,N,N,N,Moped/scooter,moped_scooter,2020,2020,2020-07,Ward 1,reportdate
28756696,21053996,90860274,Driver,0,<16,N,N,N,None,N,N,N,Moped/scooter,moped_scooter,2021,2021,2021-04,Ward 6,reportdate
27479934,17189042,86353995,Driver,0,<16,N,N,N,None,N,N,N,Moped/scooter,moped_scooter,2017,2017,2017-11,Ward 5,reportdate
26936028,16073188,84972024,Driver,116,65+,N,N,N,None,N,N,Y,Moped/scooter,moped_scooter,2016,2016,2016-05,Ward 8,reportdate
27363916,17117089,85919384,Driver,0,<16,N,N,N,None,N,N,N,Moped/scooter,moped_scooter,2017,2017,2017-07,Ward 6,reportdate
27820777,18169400,87603698,Driver,0,<16,N,N,N,None,N,N,N,Moped/scooter,moped_scooter,2018,2018,2018-10,Ward 2,reportdate
28446873,20091635,89924258,Driver,0,<16,N,N,N,None,N,N,N,Moped/scooter,moped_scooter,2020,2020,2020-06,Ward 7,reportdate
28155067,19157343,88865194,Driver,0,<16,N,N,N,None,N,N,N,Moped/scooter,moped_scooter,2019,2019,2019-09,Ward 8,reportdate
28497847,20115227,90076745,Driver,0,<16,N,N,N,None,N,N,N,Moped/scooter,moped_scooter,2020,2020,2020-08,Ward 8,reportdate
27295871,17072213,85660197,Driver,25,25-34,N,N,Y,Minor,N,N,Y,Moped/scooter,moped_scooter,2017,2017,2017-05,Ward 3,reportdate
27730592,18111686,87257344,Driver,0,<16,N,N,N,None,N,N,Y,Moped/scooter,moped_scooter,2018,2018,2018-07,Ward 1,reportdate
26637754,11112882,84629767,Driver,51,45-54,N,N,Y,Minor,N,N,N,Moped/scooter,moped_scooter,2011,2011,2011-08,Ward 2,reportdate
27116712,16188808,84812621,Driver,53,45-54,N,N,Y,Minor,N,N,Y,Moped/scooter,moped_scooter,2016,2016,2016-11,Ward 8,reportdate
27914851,19004662,87952581,Driver,32,25-34,N,N,N,None,N,N,Y,Moped/scooter,moped_scooter,2019,2019,2019-01,Ward 5,reportdate
28596852,20165530,90377448,Driver,19,16-24,N,N,Y,Minor,N,N,N,Moped/scooter,moped_scooter,2020,2020,2020-11,Ward 3,reportdate
27351944,17109137,85875267,Driver,26,25-34,N,N,Y,Minor,N,N,Y,Moped/scooter,moped_scooter,2017,2017,2017-06,Ward 3,reportdate
26790810,15199941,84923743,Driver,0,<16,N,N,N,None,N,N,N,Moped/scooter,moped_scooter,2015,2015,2015-12,Ward 5,reportdate
26625811,11070446,84781534,Driver,43,35-44,N,N,N,None,N,N,N,Moped/scooter,moped_scooter,2011,2011,2011-05,Ward 2,reportdate
28507992,20120170,90106902,Driver,27,25-34,N,N,Y,Minor,N,N,N,Moped/scooter,moped_scooter,2020,2020,2020-08,Ward 2,reportdate
28814674,21085677,91042354,Driver,0,<16,N,N,N,None,N,N,N,Moped/scooter,moped_scooter,2021,2021,2021-06,Ward 7,reportdate
28779581,21065606,90932534,Driver,24,16-24,N,N,N,None,N,N,N,Moped/scooter,moped_scooter,2021,2021,2021-05,Ward 2,reportdate
26698794,15147827,84652918,Driver,30,25-34,N,N,Y,Minor,N,N,N,Moped/scooter,moped_scooter,2015,2015,2015-09,Ward 5,reportdate
26724519,15162032,84838464,Driver,30,25-34,N,N,Y,Minor,N,N,Y,Moped/scooter,moped_scooter,2015,2015,2015-10,Ward 7,reportdate
28265978,19228811,89295933,Driver,24,16-24,N,N,N,None,N,N,N,Moped/scooter,moped_scooter,2019,2019,2019-12,Ward 7,reportdate
26640267,11131175,84775285,Driver,18,16-24,N,N,N,None,N,N,N,Moped/scooter,moped_scooter,2011,2011,2011-09,Ward 3,reportdate
25312766,15109507,84859316,Driver,53,45-54,N,N,N,None,N,N,N,Moped/scooter,moped_scooter,2015,2015,2015-07,Ward 1,reportdate
27845148,18184446,87693151,Driver,18,16-24,N,N,Y,Minor,N,N,N,Moped/scooter,moped_scooter,2018,2018,2018-10,Ward 8,reportdate
28375655,20058078,89707761,Driver,15,<16,N,N,N,None,N,N,Y,Moped/scooter,moped_scooter,2020,2020,2020-04,Ward 6,reportdate
28836128,21098314,91115094,Driver,26,25-34,N,N,Y,Minor,N,N,N,Moped/scooter,moped_scooter,2021,2021,2021-07,Ward 7,reportdate
27278041,17061527,85596339,Driver,0,<16,N,N,Y,Minor,N,N,Y,Moped/scooter,moped_scooter,2017,2017,2017-04,Ward 5,reportdate
28747834,21049797,90832837,Driver,22,16-24,N,N,Y,Minor,N,N,N,Moped/scooter,moped_scooter,2021,2021,2021-04,Ward 3,reportdate
24249486,12141515,84668780,Driver,46,45-54,N,N,Y,Minor,N,N,N,Moped/scooter,moped_scooter,2012,2012,2012-10,Ward 2,reportdate
27808869,18161637,87557072,Driver,28,25-34,N,N,N,None,N,N,Y,Moped/scooter,moped_scooter,2018,2018,2018-09,Ward 6,reportdate
27216849,17025192,85374047,Driver,31,25-34,N,N,N,None,N,N,Y,Moped/scooter,moped_scooter,2017,2017,2017-02,Ward 5,reportdate
25267230,15063073,84716474,Driver,25,25-34,N,N,Y,Minor,N,N,N,Moped/scooter,moped_scooter,2015,2015,2015-05,Ward 6,reportdate
26598408,09073738,84771881,Driver,16,16-24,N,N,N,None,N,N,N,Moped/scooter,moped_scooter,2009,2009,2009-05,Ward 1,reportdate
28813668,21085077,91040421,Passenger,22,16-24,N,N,N,None,N,N,N,Moped/scooter,moped_scooter,2021,2021,2021-06,Ward 6,reportdate
26731664,15166346,84680286,Driver,51,45-54,N,Y,N,Major,N,N,N,Moped/scooter,moped_scooter,2015,2015,2015-10,Ward 2,reportdate
28265978,19228811,89295514,Passenger,30,25-34,N,N,N,None,N,N,N,Moped/scooter,moped_scooter,2019,2019,2019-12,Ward 7,reportdate
27009467,16120561,84937450,Driver,29,25-34,N,Y,N,Major,N,N,Y,Moped/scooter,moped_scooter,2016,2016,2016-07,Ward 8,reportdate
28056707,19092715,88484044,Driver,19,16-24,N,N,Y,Minor,N,N,Y,Moped/scooter,moped_scooter,2019,2019,2019-05,Ward 4,reportdate
28830611,21094845,91095513,Driver,26,25-34,N,N,Y,Minor,N,N,N,Moped/scooter,moped_scooter,2021,2021,2021-07,Ward 7,reportdate
27106680,16182449,84999048,Driver,23,16-24,N,N,Y,Minor,N,N,N,Moped/scooter,moped_scooter,2016,2016,2016-10,Ward 7,reportdate
27339006,17100545,85826865,Passenger,20,16-24,N,N,Y,Minor,N,N,N,Moped/scooter,moped_scooter,2017,2017,2017-06,Ward 6,reportdate
27768749,18135632,87401368,Driver,37,35-44,N,N,Y,Minor,N,N,N,Moped/scooter,moped_scooter,2018,2018,2018-08,Ward 5,reportdate
27086759,16169874,84675533,Driver,23,16-24,N,N,Y,Minor,N,N,Y,Moped/scooter,moped_scooter,2016,2016,2016-10,Ward 3,reportdate
27681527,18080886,87075296,Driver,28,25-34,N,N,N,None,N,N,Y,Moped/scooter,moped_scooter,2018,2018,2018-05,Ward 5,reportdate
28699653,21026846,90686092,Driver,0,<16,N,N,N,None,N,N,N,Moped/scooter,moped_scooter,2021,2021,2021-03,Ward 5,reportdate
28513590,20122788,90124656,Driver,43,35-44,Y,N,N,Fatal,N,N,Y,Moped/scooter,moped_scooter,2020,2020,2020-08,Ward 6,reportdate
25068350,14109793,84687305,Passenger,0,<16,N,Y,N,Major,N,N,N,Moped/scooter,moped_scooter,2014,2014,2014-07,Ward 7,reportdate
28091692,19115852,88620878,Passenger,19,16-24,N,N,Y,Minor,N,N,N,Moped/scooter,moped_scooter,2019,2019,2019-07,Ward 2,reportdate
26623530,10046633,84659403,Driver,33,25-34,N,N,Y,Minor,N,Y,N,Moped/scooter,moped_scooter,2010,2010,2010-04,Ward 5,reportdate
27248809,17042963,85486204,Passenger,19,16-24,N,N,N,None,N,N,N,Moped/scooter,moped_scooter,2017,2017,2017-03,Ward 3,reportdate
27649588,18061783,86957772,Driver,31,25-34,N,N,Y,Minor,N,N,N,Moped/scooter,moped_scooter,2018,2018,2018-04,Ward 5,reportdate
28152068,19155399,88855731,Driver,21,16-24,N,Y,N,Major,N,Y,Y,Moped/scooter,moped_scooter,2019,2019,2019-09,Ward 7,reportdate
24689784,13109591,84856486,Driver,21,16-24,N,N,N,None,N,N,N,Moped/scooter,moped_scooter,2013,2013,2013-08,Ward 5,reportdate
28447857,20092015,89926723,Driver,39,35-44,N,N,Y,Minor,N,N,N,Moped/scooter,moped_scooter,2020,2020,2020-06,Ward 2,reportdate
28137133,19145820,88794961,Driver,30,25-34,N,N,Y,Minor,N,N,N,Moped/scooter,moped_scooter,2019,2019,2019-08,Ward 6,reportdate
28130634,19141432,88772978,Driver,26,25-34,N,N,N,None,N,N,N,Moped/scooter,moped_scooter,2019,2019,2019-08,Ward 5,reportdate
28618647,20175724,90443178,Driver,33,25-34,N,N,Y,Minor,N,N,Y,Moped/scooter,moped_scooter,2020,2020,2020-12,Ward 3,reportdate
26592645,09039751,84886741,Driver,42,35-44,N,N,N,None,N,N,N,Moped/scooter,moped_scooter,2009,2012,2012-06,Ward 6,reportdate
28139028,19147143,88803076,Driver,31,25-34,N,N,Y,Minor,N,N,N,Moped/scooter,moped_scooter,2019,2019,2019-08,Ward 2,reportdate
27381650,17128145,85987075,Driver,49,45-54,N,Y,N,Major,N,N,N,Moped/scooter,moped_scooter,2017,2017,2017-07,Ward 2,reportdate
26625474,12051312,84869203,Driver,32,25-34,N,N,Y,Minor,N,N,N,Moped/scooter,moped_scooter,2012,2012,2012-04,Ward 2,reportdate
26853882,16023891,84621214,Driver,20,16-24,N,N,N,None,N,N,Y,Moped/scooter,moped_scooter,2016,2016,2016-02,Ward 5,reportdate
26601813,09105025,84562379,Driver,38,35-44,N,N,Y,Minor,N,N,N,Moped/scooter,moped_scooter,2009,2009,2009-07,Ward 2,reportdate
26670309,15136542,84984614,Driver,45,45-54,N,N,Y,Minor,N,N,Y,Moped/scooter,moped_scooter,2015,2015,2015-08,Ward 2,reportdate
26954843,16085183,84810095,Driver,18,16-24,N,N,Y,Minor,N,N,N,Moped/scooter,moped_scooter,2016,2016,2016-05,Ward 5,reportdate
28154188,19156797,88866714,Driver,36,35-44,N,Y,N,Major,N,N,N,Moped/scooter,moped_scooter,2019,2019,2019-09,Ward 7,reportdate
24598133,13064995,84848384,Driver,23,16-24,N,N,N,None,N,N,N,Moped/scooter,moped_scooter,2013,2013,2013-05,Ward 1,reportdate
26740350,15171526,84973342,Driver,19,16-24,N,N,N,None,N,N,N,Moped/scooter,moped_scooter,2015,2015,2015-10,Ward 1,reportdate
28501663,20117012,90088185,Driver,20,16-24,N,N,Y,Minor,N,N,N,Moped/scooter,moped_scooter,2020,2020,2020-08,Ward 7,reportdate
28714854,21034197,90731469,Driver,63,55-64,N,N,Y,Minor,N,N,N,Moped/scooter,moped_scooter,2021,2021,2021-03,Ward 2,reportdate
25266347,15061671,84901185,Driver,60,55-64,N,N,N,None,N,N,N,Moped/scooter,moped_scooter,2015,2015,2015-04,Ward 3,reportdate
27430751,17158790,86168866,Passenger,1,<16,N,N,N,None,N,N,N,Moped/scooter,moped_scooter,2017,2017,2017-09,Ward 7,reportdate
27002962,16116566,85008863,Driver,46,45-54,N,Y,N,Major,N,N,Y,Moped/scooter,moped_scooter,2016,2016,2016-07,Ward 5,reportdate
28247627,19216848,89226547,Driver,49,45-54,N,Y,N,Major,N,N,Y,Moped/scooter,moped_scooter,2019,2019,2019-12,Ward 5,reportdate
26613106,12012077,84915452,Driver,45,45-54,N,Y,N,Major,N,N,N,Moped/scooter,moped_scooter,2012,2012,2012-01,Ward 1,reportdate
25143777,14052417,84691886,Driver,42,35-44,N,N,N,None,N,N,N,Moped/scooter,moped_scooter,2014,2014,2014-04,Ward 2,reportdate
28245683,19216046,89218497,Driver,0,<16,N,N,N,None,N,N,Y,Moped/scooter,moped_scooter,2019,2019,2019-12,Ward 2,reportdate
28308068,20021449,89451303,Driver,25,25-34,N,N,N,None,N,N,Y,Moped/scooter,moped_scooter,2020,2020,2020-02,Ward 1,reportdate
28440816,20088950,89905872,Driver,17,16-24,N,N,Y,Minor,N,N,N,Moped/scooter,moped_scooter,2020,2020,2020-06,Ward 4,reportdate
27091534,16172615,84864195,Driver,69,65+,N,N,Y,Minor,N,N,N,Moped/scooter,moped_scooter,2016,2016,2016-10,Ward 2,reportdate
25293770,15089825,85024894,Driver,0,<16,N,N,N,None,N,N,N,Moped/scooter,moped_scooter,2015,2015,2015-06,Ward 7,reportdate
27323944,17090655,85769390,Driver,19,16-24,N,N,Y,Minor,N,N,N,Moped/scooter,moped_scooter,2017,2017,2017-05,Ward 4,reportdate
24993746,13162901,84920237,Driver,46,45-54,N,N,Y,Minor,N,N,N,Moped/scooter,moped_scooter,2013,2013,2013-11,Ward 2,reportdate
26612213,11012873,84646001,Passenger,0,<16,N,N,Y,Minor,N,N,N,Moped/scooter,moped_scooter,2011,2011,2011-01,Ward 8,reportdate
28187751,19179033,88996705,Driver,20,16-24,N,N,N,None,N,N,N,Moped/scooter,moped_scooter,2019,2019,2019-10,Ward 3,reportdate
28669615,21013730,90596562,Driver,18,16-24,N,N,Y,Minor,N,N,N,Moped/scooter,moped_scooter,2021,2021,2021-01,Ward 6,reportdate
26879908,16038869,85049941,Driver,46,45-54,N,N,Y,Minor,N,N,Y,Moped/scooter,moped_scooter,2016,2016,2016-03,Ward 8,reportdate
27482531,17190377,86390846,Driver,40,35-44,N,N,N,None,N,N,N,Moped/scooter,moped_scooter,2017,2017,2017-11,Ward 5,reportdate
28846930,21104463,91148146,Driver,21,16-24,N,N,Y,Minor,N,N,N,Moped/scooter,moped_scooter,2021,2021,2021-07,Ward 5,reportdate
27072893,16161201,85009218,Driver,50,45-54,N,N,Y,Minor,N,N,N,Moped/scooter,moped_scooter,2016,2016,2016-09,Ward 6,reportdate
28817926,21087486,91051161,Driver,64,55-64,N,N,Y,Minor,N,N,N,Moped/scooter,moped_scooter,2021,2021,2021-06,Ward 4,reportdate
24992129,14070779,85003541,Driver,38,35-44,N,N,N,None,N,N,N,Moped/scooter,moped_scooter,2014,2014,2014-05,Ward 4,reportdate
27734895,18114398,87271895,Driver,18,16-24,N,N,Y,Minor,N,N,N,Moped/scooter,moped_scooter,2018,2018,2018-07,Ward 5,reportdate
28156826,19158525,88878147,Driver,23,16-24,N,N,N,None,N,N,N,Moped/scooter,moped_scooter,2019,2019,2019-09,Ward 4,reportdate
28069726,19101494,88533214,Driver,22,16-24,N,N,Y,Minor,N,N,Y,Moped/scooter,moped_scooter,2019,2019,2019-06,Ward 7,reportdate
27245871,17041655,85477296,Driver,48,45-54,N,N,Y,Minor,N,N,N,Moped/scooter,moped_scooter,2017,2017,2017-03,Ward 6,reportdate
28177809,19172233,88957475,Driver,27,25-34,N,N,Y,Minor,N,N,N,Moped/scooter,moped_scooter,2019,2019,2019-09,Ward 4,reportdate
28233980,19209350,89176377,Driver,0,<16,N,N,N,None,N,N,N,Moped/scooter,moped_scooter,2019,2019,2019-11,Ward 1,reportdate
24537712,13048207,84810443,Driver,47,45-54,N,N,N,None,N,N,N,Moped/scooter,moped_scooter,2013,2013,2013-04,Ward 7,reportdate
28035838,19079706,88403569,Driver,19,16-24,N,N,Y,Minor,N,N,N,Moped/scooter,moped_scooter,2019,2019,2019-05,Ward 4,reportdate
25296776,15092779,84623453,Driver,18,16-24,N,N,N,None,N,N,N,Moped/scooter,moped_scooter,2015,2015,2015-06,Ward 8,reportdate
25031437,13181733,84899763,Driver,26,25-34,N,Y,N,Major,N,N,N,Moped/scooter,moped_scooter,2013,2013,2013-12,Ward 2,reportdate
26631296,10082839,84706512,Driver,33,25-34,N,N,N,None,N,N,N,Moped/scooter,moped_scooter,2010,2010,,,ccn_year_fallback
26626918,10061794,84929829,Driver,25,25-34,N,N,N,None,N,N,N,Moped/scooter,moped_scooter,2010,2010,2010-05,Ward 2,reportdate
27685779,18083683,87090412,Driver,25,25-34,N,N,N,None,N,N,Y,Moped/scooter,moped_scooter,2018,2018,2018-05,Ward 7,reportdate
27012972,16123058,84939006,Driver,20,16-24,N,N,N,None,N,N,Y,Moped/scooter,moped_scooter,2016,2016,2016-07,Ward 5,reportdate
26699791,15148510,85047767,Driver,30,25-34,N,N,N,None,N,N,Y,Moped/scooter,moped_scooter,2015,2015,2015-09,Ward 6,reportdate
25325722,15124013,84649305,Driver,30,25-34,N,N,N,None,N,N,N,Moped/scooter,moped_scooter,2015,2015,2015-08,Ward 1,reportdate
25173729,14167063,84768247,Driver,17,16-24,N,N,N,None,N,N,N,Moped/scooter,moped_scooter,2014,2014,2014-10,Ward 8,reportdate
27353909,17110424,85881968,Driver,43,35-44,N,N,Y,Minor,N,N,Y,Moped/scooter,moped_scooter,2017,2017,2017-06,Ward 3,reportdate
25214672,15008444,85039232,Driver,57,55-64,N,N,N,None,N,N,N,Moped/scooter,moped_scooter,2015,2015,2015-01,Ward 2,reportdate
27708670,18097797,87176018,Driver,19,16-24,N,N,Y,Minor,N,N,N,Moped/scooter,moped_scooter,2018,2018,2018-06,Ward 6,reportdate
27227749,17030842,85414160,Driver,21,16-24,N,N,Y,Minor,N,N,N,Moped/scooter,moped_scooter,2017,2017,2017-02,Ward 1,reportdate
26605699,09143987,84680273,Driver,27,25-34,N,N,N,None,N,N,N,Moped/scooter,moped_scooter,2009,2009,2009-10,Ward 2,reportdate
28162558,19162002,88897066,Driver,27,25-34,N,N,N,None,N,N,N,Moped/scooter,moped_scooter,2019,2019,2019-09,Ward 4,reportdate
28376572,20058291,89710953,Driver,24,16-24,N,Y,N,Major,N,N,N,Moped/scooter,moped_scooter,2020,2020,2020-04,Ward 3,reportdate
27380788,17127734,85983060,Driver,21,16-24,N,N,Y,Minor,N,N,Y,Moped/scooter,moped_scooter,2017,2017,2017-07,Ward 3,reportdate
27278753,17061876,85600243,Driver,21,16-24,N,N,Y,Minor,N,N,Y,Moped/scooter,moped_scooter,2017,2017,2017-04,Ward 2,reportdate
28052940,19091018,88469552,Driver,64,55-64,N,N,Y,Minor,N,N,N,Moped/scooter,moped_scooter,2019,2019,2019-05,Ward 2,reportdate
26838858,16016176,85034082,Driver,24,16-24,N,N,Y,Minor,N,N,Y,Moped/scooter,moped_scooter,2016,2016,2016-02,Ward 2,reportdate
28803699,21079429,91008020,Driver,42,35-44,N,Y,N,Major,N,N,Y,Moped/scooter,moped_scooter,2021,2021,2021-06,Ward 7,reportdate
28118865,19133738,88725712,Driver,0,<16,N,N,N,None,N,N,N,Moped/scooter,moped_scooter,2019,2019,2019-07,Ward 2,reportdate
28283890,20006396,89359570,Driver,31,25-34,N,N,Y,Minor,N,N,N,Moped/scooter,moped_scooter,2020,2020,2020-01,Ward 7,reportdate
26665845,15134121,84941439,Driver,43,35-44,N,N,Y,Minor,N,N,N,Moped/scooter,moped_scooter,2015,2015,2015-08,Ward 5,reportdate
25295039,15091510,84898595,Passenger,0,<16,N,Y,N,Major,N,N,N,Moped/scooter,moped_scooter,2015,2015,2015-06,Ward 7,reportdate
28724943,21038974,90761273,Driver,28,25-34,N,N,N,None,N,N,N,Moped/scooter,moped_scooter,2021,2021,2021-03,Ward 4,reportdate
28061767,19096067,88502989,Driver,0,<16,N,N,N,None,N,N,Y,Moped/scooter,moped_scooter,2019,2019,2019-06,Ward 2,reportdate
24344351,12170392,85017299,Driver,36,35-44,N,N,N,None,N,N,N,Moped/scooter,moped_scooter,2012,2012,2012-12,Ward 1,reportdate
28445548,20090770,89921153,Driver,36,35-44,N,N,Y,Minor,N,N,N,Moped/scooter,moped_scooter,2020,2020,2020-06,Ward 7,reportdate
26622926,10050767,84716546,Driver,38,35-44,N,Y,N,Major,N,Y,N,Moped/scooter,moped_scooter,2010,2010,2010-04,Ward 7,reportdate
24975271,13151069,85050685,Driver,47,45-54,N,N,Y,Minor,N,N,N,Moped/scooter,moped_scooter,2013,2013,2013-10,Ward 6,reportdate
26642830,10131966,84694421,Driver,50,45-54,N,N,Y,Minor,N,N,N,Moped/scooter,moped_scooter,2010,2010,2010-09,Ward 1,reportdate
27890035,18212226,87864932,Driver,41,35-44,N,N,N,None,N,N,N,Moped/scooter,moped_scooter,2018,2018,2018-12,Ward 2,reportdate
27932676,19014327,88017297,Driver,54,45-54,N,Y,N,Major,N,N,Y,Moped/scooter,moped_scooter,2019,2019,2019-01,Ward 5,reportdate
28335069,20037813,89550931,Bicyclist,28,25-34,N,N,Y,Minor,N,N,N,Moped/scooter,moped_scooter,2020,2020,2020-03,Ward 7,reportdate
26706752,15151403,84564897,Driver,30,25-34,N,N,Y,Minor,N,N,Y,Moped/scooter,moped_scooter,2015,2015,2015-09,Ward 6,reportdate
28588871,20161653,90353054,Driver,20,16-24,N,N,Y,Minor,N,N,N,Moped/scooter,moped_scooter,2020,2020,2020-11,Ward 2,reportdate
28116206,19132135,88716793,Driver,23,16-24,N,N,Y,Minor,N,N,N,Moped/scooter,moped_scooter,2019,2019,2019-07,Ward 8,reportdate
28761577,21056533,90875782,Driver,31,25-34,N,N,N,None,N,N,N,Moped/scooter,moped_scooter,2021,2021,2021-05,Ward 1,reportdate
27453858,17172856,86256257,Driver,18,16-24,N,N,N,None,N,N,N,Moped/scooter,moped_scooter,2017,2017,2017-10,Ward 7,reportdate
24960615,13143120,85009425,Driver,39,35-44,N,N,Y,Minor,N,N,N,Moped/scooter,moped_scooter,2013,2013,2013-10,Ward 6,reportdate
27832122,18176337,87642956,Driver,19,16-24,N,N,Y,Minor,N,N,N,Moped/scooter,moped_scooter,2018,2018,2018-10,Ward 5,reportdate
28679020,21018034,90626059,Driver,17,16-24,N,N,Y,Minor,N,N,Y,Moped/scooter,moped_scooter,2021,2021,2021-02,Ward 5,reportdate
28763979,21057908,90881583,Driver,24,16-24,N,Y,N,Major,N,N,N,Moped/scooter,moped_scooter,2021,2021,2021-05,Ward 2,reportdate
28190168,19180708,89007714,Driver,32,25-34,N,N,N,None,N,N,N,Moped/scooter,moped_scooter,2019,2019,2019-10,Ward 6,reportdate
27706171,18096235,87167729,Driver,54,45-54,N,N,Y,Minor,N,N,Y,Moped/scooter,moped_scooter,2018,2018,2018-06,Ward 5,reportdate
28824886,21091310,91073900,Bicyclist,23,16-24,N,N,Y,Minor,N,N,N,Moped/scooter,moped_scooter,2021,2021,2021-07,Ward 5,reportdate
25027107,13180512,84564165,Driver,23,16-24,N,Y,N,Major,N,N,N,Moped/scooter,moped_scooter,2013,2013,2013-12,Ward 1,reportdate
28117756,19133004,88721792,Driver,30,25-34,N,N,Y,Minor,N,N,N,Moped/scooter,moped_scooter,2019,2019,2019-07,Ward 5,reportdate
28470998,20102507,89998085,Driver,36,35-44,N,N,Y,Minor,N,N,N,Moped/scooter,moped_scooter,2020,2020,2020-07,Ward 7,reportdate
27116885,16189013,84707556,Driver,38,35-44,N,Y,N,Major,N,N,N,Moped/scooter,moped_scooter,2016,2016,2016-11,Ward 2,reportdate
28125064,19137958,88748957,Driver,17,16-24,N,N,Y,Minor,N,N,N,Moped/scooter,moped_scooter,2019,2019,2019-08,Ward 1,reportdate
26972738,16096847,84584457,Driver,37,35-44,N,Y,N,Major,N,N,N,Moped/scooter,moped_scooter,2016,2016,2016-06,Ward 7,reportdate
28408749,20072430,89807251,Driver,23,16-24,N,N,Y,Minor,N,N,Y,Moped/scooter,moped_scooter,2020,2020,2020-05,Ward 4,reportdate
26787922,15197535,84997717,Driver,36,35-44,N,N,Y,Minor,N,Y,Y,Moped/scooter,moped_scooter,2015,2015,2015-12,Ward 8,reportdate
27959016,19030656,88110994,Driver,25,25-34,N,N,Y,Minor,N,N,N,Moped/scooter,moped_scooter,2019,2019,2019-02,Ward 2,reportdate
28175949,19171193,88949433,Driver,16,16-24,N,N,N,None,N,N,Y,Moped/scooter,moped_scooter,2019,2019,2019-09,Ward 5,reportdate
27976981,19041305,88178769,Driver,23,16-24,N,N,Y,Minor,N,N,N,Moped/scooter,moped_scooter,2019,2019,2019-03,Ward 5,reportdate
24172399,12119029,84911224,Driver,61,55-64,N,N,Y,Minor,N,N,N,Moped/scooter,moped_scooter,2012,2012,2012-08,Ward 2,reportdate
26817485,16005440,84707280,Passenger,24,16-24,N,N,N,None,N,N,N,Moped/scooter,moped_scooter,2016,2016,2016-01,Ward 1,reportdate
25239232,15034448,84903631,Driver,64,55-64,N,N,N,None,N,N,N,Moped/scooter,moped_scooter,2015,2015,2015-03,Ward 3,reportdate
26697622,15146981,84601559,Driver,31,25-34,N,N,Y,Minor,N,N,N,Moped/scooter,moped_scooter,2015,2015,2015-09,Ward 1,reportdate
28046658,19086134,88447377,Driver,0,<16,N,N,Y,Minor,N,N,N,Moped/scooter,moped_scooter,2019,2019,2019-05,Ward 2,reportdate
25006207,13169236,85032315,Driver,39,35-44,N,N,Y,Minor,N,N,N,Moped/scooter,moped_scooter,2013,2013,2013-11,Ward 1,reportdate
27257459,17048319,85520576,Driver,0,<16,N,N,N,None,N,N,Y,Moped/scooter,moped_scooter,2017,2017,2017-03,Ward 1,reportdate
27892051,18213460,87872588,Driver,31,25-34,N,N,Y,Minor,N,N,Y,Moped/scooter,moped_scooter,2018,2018,2018-12,Ward 1,reportdate
28493001,20112887,90061831,Driver,58,55-64,N,N,Y,Minor,N,N,N,Moped/scooter,moped_scooter,2020,2020,2020-08,Ward 4,reportdate
26707776,15152093,84851692,Driver,32,25-34,N,N,Y,Minor,N,N,Y,Moped/scooter,moped_scooter,2015,2015,2015-09,Ward 1,reportdate
26650455,11187099,84574750,Driver,35,35-44,N,N,N,None,N,N,N,Moped/scooter,moped_scooter,2011,2011,2011-12,Ward 2,reportdate
28468635,20100955,89989201,Driver,60,55-64,N,N,N,None,N,N,Y,Moped/scooter,moped_scooter,2020,2020,2020-07,Ward 5,reportdate
27408862,17145073,86087820,Driver,50,45-54,N,N,Y,Minor,N,N,Y,Moped/scooter,moped_scooter,2017,2017,2017-08,Ward 7,reportdate
28789922,21071908,90964731,Driver,14,<16,N,N,Y,Minor,N,N,N,Moped/scooter,moped_scooter,2021,2021,2021-05,Ward 6,reportdate
28211603,19194769,89091909,Passenger,26,25-34,N,N,Y,Minor,N,N,N,Moped/scooter,moped_scooter,2019,2019,2019-10,Ward 6,reportdate
28146796,19151902,88835591,Driver,56,55-64,N,N,Y,Minor,N,N,N,Moped/scooter,moped_scooter,2019,2019,2019-08,Ward 4,reportdate
28133065,19143135,88779629,Driver,53,45-54,N,N,Y,Minor,N,N,N,Moped/scooter,moped_scooter,2019,2019,2019-08,Ward 8,reportdate
27343485,17103530,85844839,Driver,25,25-34,N,N,Y,Minor,N,N,N,Moped/scooter,moped_scooter,2017,2017,2017-06,Ward 8,reportdate
26725428,15162536,84595497,Driver,19,16-24,N,N,Y,Minor,N,N,N,Moped/scooter,moped_scooter,2015,2015,2015-10,Ward 6,reportdate
27432959,17160397,86177577,Driver,64,55-64,N,N,Y,Minor,N,N,N,Moped/scooter,moped_scooter,2017,2017,2017-09,Ward 6,reportdate
25028632,14089021,84891182,Driver,23,16-24,N,Y,N,Major,N,N,N,Moped/scooter,moped_scooter,2014,2014,2014-06,Ward 3,reportdate
27281018,17063314,85607457,Driver,23,16-24,N,N,N,None,N,N,N,Moped/scooter,moped_scooter,2017,2017,2017-04,Ward 4,reportdate
27107806,16183198,85030778,Driver,26,25-34,N,N,N,None,N,N,N,Moped/scooter,moped_scooter,2016,2016,2016-10,Ward 4,reportdate
27045021,16143223,84781342,Driver,19,16-24,N,N,N,None,N,N,N,Moped/scooter,moped_scooter,2016,2016,2016-08,Ward 2,reportdate
28183894,19176503,88980245,Driver,24,16-24,N,N,Y,Minor,N,N,N,Moped/scooter,moped_scooter,2019,2019,2019-10,Ward 2,reportdate
25127886,14139480,84978968,Driver,16,16-24,N,N,N,None,N,N,N,Moped/scooter,moped_scooter,2014,2014,2014-09,Ward 6,reportdate
27359768,17114181,85904284,Driver,29,25-34,N,Y,N,Major,N,N,N,Moped/scooter,moped_scooter,2017,2017,2017-07,Ward 8,reportdate
27797008,18153912,87509326,Driver,37,35-44,N,N,Y,Minor,N,N,Y,Moped/scooter,moped_scooter,2018,2018,2018-09,Ward 5,reportdate
28168925,19166542,88921098,Driver,24,16-24,N,N,Y,Minor,N,N,N,Moped/scooter,moped_scooter,2019,2019,2019-09,Ward 8,reportdate
27276469,17060302,85591852,Driver,52,45-54,N,Y,N,Major,N,N,Y,Moped/scooter,moped_scooter,2017,2017,2017-04,Ward 6,reportdate
25075788,14113026,84747331,Driver,27,25-34,N,N,N,None,N,N,N,Moped/scooter,moped_scooter,2014,2014,2014-07,Ward 4,reportdate
26890740,16044971,84629516,Driver,24,16-24,N,N,N,None,N,N,N,Moped/scooter,moped_scooter,2016,2016,2016-03,Ward 8,reportdate
23962048,12051520,84575389,Driver,38,35-44,N,N,N,None,N,N,N,Moped/scooter,moped_scooter,2012,2011,2011-04,Ward 6,reportdate
28752852,21052266,90848154,Driver,18,16-24,N,N,N,None,N,N,Y,Moped/scooter,moped_scooter,2021,2021,2021-04,Ward 1,reportdate
27406688,17143827,86080942,Driver,32,25-34,N,N,N,None,N,N,N,Moped/scooter,moped_scooter,2017,2017,2017-08,Ward 2,reportdate
28140936,19148292,88812385,Driver,36,35-44,N,N,Y,Minor,N,N,N,Moped/scooter,moped_scooter,2019,2019,2019-08,Ward 1,reportdate
26982115,16103239,84862969,Driver,45,45-54,N,N,N,None,N,N,N,Moped/scooter,moped_scooter,2016,2016,2016-06,Ward 6,reportdate
26593432,09052915,84594209,Driver,24,16-24,N,N,N,None,N,N,N,Moped/scooter,moped_scooter,2009,2009,2009-04,Ward 2,reportdate
28175785,19171001,88948900,Driver,54,45-54,N,Y,N,Major,N,N,Y,Moped/scooter,moped_scooter,2019,2019,2019-09,Ward 2,reportdate
28817925,21087618,91051994,Driver,45,45-54,N,Y,N,Major,N,N,Y,Moped/scooter,moped_scooter,2021,2021,2021-06,Ward 5,reportdate
27742812,18119498,87343209,Driver,26,25-34,N,N,Y,Minor,N,N,N,Moped/scooter,moped_scooter,2018,2018,2018-07,Ward 6,reportdate
27840723,18181531,87678044,Driver,32,25-34,N,N,N,None,N,N,N,Moped/scooter,moped_scooter,2018,2018,2018-10,Ward 3,reportdate
28169136,19166602,88925105,Driver,34,25-34,N,N,N,None,N,N,N,Moped/scooter,moped_scooter,2019,2019,2019-09,Ward 6,reportdate
28230668,19205306,89163087,Driver,51,45-54,N,N,N,None,N,N,N,Moped/scooter,moped_scooter,2019,2019,2019-11,Ward 1,reportdate
27357857,17113008,85899992,Driver,37,35-44,N,N,Y,Minor,N,N,N,Moped/scooter,moped_scooter,2017,2017,2017-07,Ward 5,reportdate
28601897,20167934,90393462,Driver,35,35-44,N,N,Y,Minor,N,N,N,Moped/scooter,moped_scooter,2020,2020,2020-11,Ward 3,reportdate
28490980,20111922,90055279,Driver,23,16-24,N,N,Y,Minor,N,N,Y,Moped/scooter,moped_scooter,2020,2020,2020-08,Ward 5,reportdate
28450902,20093440,89936315,Driver,43,35-44,N,Y,N,Major,N,N,Y,Moped/scooter,moped_scooter,2020,2020,2020-06,Ward 2,reportdate
28206004,19191283,89068010,Driver,22,16-24,N,Y,N,Major,N,N,N,Moped/scooter,moped_scooter,2019,2019,2019-10,Ward 2,reportdate
26665683,15133892,84932878,Driver,61,55-64,N,N,Y,Minor,N,N,N,Moped/scooter,moped_scooter,2015,2015,2015-08,Ward 5,reportdate
27404709,17142603,86073349,Driver,47,45-54,N,N,Y,Minor,N,N,N,Moped/scooter,moped_scooter,2017,2017,2017-08,Ward 8,reportdate
28469820,20101806,89996063,Passenger,16,16-24,N,N,Y,Minor,N,N,N,Moped/scooter,moped_scooter,2020,2020,2020-07,Ward 7,reportdate
27455735,17173995,86266631,Driver,25,25-34,N,N,Y,Minor,N,N,Y,Moped/scooter,moped_scooter,2017,2017,2017-10,Ward 6,reportdate
26987710,16106823,84661315,Driver,22,16-24,N,N,Y,Minor,N,N,N,Moped/scooter,moped_scooter,2016,2016,2016-06,Ward 1,reportdate
28154152,19156775,88862749,Driver,25,25-34,N,N,Y,Minor,N,N,N,Moped/scooter,moped_scooter,2019,2019,2019-09,Ward 6,reportdate
28180002,19173857,88965584,Driver,0,<16,N,N,Y,Minor,N,N,N,Moped/scooter,moped_scooter,2019,2019,2019-09,Ward 4,reportdate
28345870,20044673,89615027,Driver,22,16-24,N,N,Y,Minor,N,N,N,Moped/scooter,moped_scooter,2020,2020,2020-03,Ward 4,reportdate
27056604,16150469,84774946,Driver,36,35-44,N,N,N,None,N,N,Y,Moped/scooter,moped_scooter,2016,2016,2016-09,Ward 1,reportdate
27846910,18185477,87706839,Driver,33,25-34,N,N,Y,Minor,N,N,Y,Moped/scooter,moped_scooter,2018,2018,2018-11,Ward 1,reportdate
27373593,17123047,85957680,Driver,0,<16,N,N,Y,Minor,N,N,Y,Moped/scooter,moped_scooter,2017,2017,2017-07,Ward 3,reportdate
24081592,12093603,84930453,Driver,49,45-54,N,Y,N,Major,N,N,N,Moped/scooter,moped_scooter,2012,2012,2012-07,Ward 2,reportdate
27013726,16123383,84735551,Driver,28,25-34,N,N,Y,Minor,N,N,N,Moped/scooter,moped_scooter,2016,2016,2016-07,Ward 4,reportdate
27876056,18203470,87812472,Driver,26,25-34,N,N,N,None,N,N,N,Moped/scooter,moped_scooter,2018,2018,2018-12,Ward 6,reportdate
27852690,18189081,87726107,Driver,19,16-24,N,N,Y,Minor,N,N,N,Moped/scooter,moped_scooter,2018,2018,2018-11,Ward 2,reportdate
28284069,20006594,89359639,Driver,36,35-44,N,N,Y,Minor,N,N,N,Moped/scooter,moped_scooter,2020,2020,2020-01,Ward 1,reportdate
25272210,15068367,84898418,Driver,19,16-24,N,N,Y,Minor,N,Y,N,Moped/scooter,moped_scooter,2015,2015,2015-05,Ward 7,reportdate
27715005,18101414,87199914,Driver,0,<16,N,N,N,None,N,N,N,Moped/scooter,moped_scooter,2018,2018,2018-06,Ward 8,reportdate
27017828,16126107,84773209,Driver,0,<16,N,N,N,None,N,Y,N,Moped/scooter,moped_scooter,2016,2016,2016-07,Ward 7,reportdate
27331154,17095685,85795977,Driver,0,<16,N,N,N,None,N,N,N,Moped/scooter,moped_scooter,2017,2017,2017-06,Ward 8,reportdate
27852630,18189030,87726113,Driver,0,<16,N,N,N,None,N,N,N,Moped/scooter,moped_scooter,2018,2018,2018-11,Ward 5,reportdate
26786621,15197299,84559110,Driver,0,<16,N,N,N,None,N,N,N,Moped/scooter,moped_scooter,2015,2015,2015-12,Ward 8,reportdate
26902907,16052476,84792908,Driver,0,<16,N,N,N,None,N,N,Y,Moped/scooter,moped_scooter,2016,2016,2016-04,Ward 4,reportdate
27042904,16141846,84921377,Passenger,0,<16,N,N,N,None,N,N,N,Moped/scooter,moped_scooter,2016,2016,2016-08,Ward 4,reportdate
28779955,21066588,90932892,Driver,0,<16,N,N,N,None,N,N,N,Moped/scooter,moped_scooter,2021,2021,2021-05,Ward 2,reportdate
27714531,18101532,87199854,Driver,0,<16,N,N,N,None,N,N,N,Moped/scooter,moped_scooter,2018,2018,2018-06,Ward 8,reportdate
27694089,18088851,87137626,Driver,0,<16,N,N,N,None,N,N,N,Moped/scooter,moped_scooter,2018,2018,2018-06,Ward 8,reportdate
28740937,21046653,90810276,Driver,0,<16,N,N,N,None,N,N,Y,Moped/scooter,moped_scooter,2021,2021,2021-04,Ward 6,reportdate
27713920,18101097,87195605,Driver,0,<16,N,N,N,None,N,N,N,Moped/scooter,moped_scooter,2018,2018,2018-06,Ward 5,reportdate
27067667,16157730,84786424,Driver,0,<16,N,N,N,None,N,N,Y,Moped/scooter,moped_scooter,2016,2016,2016-09,Ward 7,reportdate
27983085,19045374,88202646,Driver,0,<16,N,N,N,None,N,N,N,Moped/scooter,moped_scooter,2019,2019,2019-03,Ward 7,reportdate
28185224,19177437,88988082,Passenger,23,16-24,N,N,N,None,N,N,N,Moped/scooter,moped_scooter,2019,2019,2019-10,Ward 1,reportdate
28707845,21030818,90710947,Driver,0,<16,N,N,N,None,N,N,N,Moped/scooter,moped_scooter,2021,2021,2021-03,Ward 2,reportdate
28130781,19141585,88775335,Driver,0,<16,N,N,N,None,N,N,N,Moped/scooter,moped_scooter,2019,2019,2019-08,Ward 7,reportdate
27310669,17081750,85716785,Driver,0,<16,N,N,N,None,N,N,Y,Moped/scooter,moped_scooter,2017,2017,2017-05,Ward 5,reportdate
27348739,17107045,85932132,Driver,0,<16,N,N,N,None,N,N,Y,Moped/scooter,moped_scooter,2017,2017,2017-06,Ward 5,reportdate
24760744,13136942,84909102,Passenger,0,<16,N,N,N,None,N,N,N,Moped/scooter,moped_scooter,2013,2013,2013-09,Ward 1,reportdate
26612213,11012873,84605481,Passenger,0,<16,N,N,Y,Minor,N,N,N,Moped/scooter,moped_scooter,2011,2011,2011-01,Ward 8,reportdate
26893637,16047005,84857266,Passenger,36,35-44,N,N,Y,Minor,N,N,N,Moped/scooter,moped_scooter,2016,2016,2016-03,Ward 6,reportdate
28198095,19185933,89036484,Driver,0,<16,N,N,N,None,N,N,N,Moped/scooter,moped_scooter,2019,2019,2019-10,Ward 6,reportdate
27014831,16124123,84616622,Driver,57,55-64,N,N,Y,Minor,N,N,N,Moped/scooter,moped_scooter,2016,2016,2016-07,Ward 7,reportdate
28395736,20066480,89767120,Driver,0,<16,N,N,N,None,N,N,N,Moped/scooter,moped_scooter,2020,2020,2020-05,Ward 8,reportdate
26600644,09090507,84752127,Driver,34,25-34,N,N,N,None,N,N,N,Moped/scooter,moped_scooter,2009,2009,2009-06,Ward 1,reportdate
24309688,12159178,84812824,Driver,53,45-54,N,N,Y,Minor,N,N,N,Moped/scooter,moped_scooter,2012,2012,2012-11,Ward 1,reportdate
27983586,19045566,88206597,Driver,35,35-44,N,N,Y,Minor,N,N,N,Moped/scooter,moped_scooter,2019,2019,2019-03,Ward 4,reportdate
28824568,21091354,91074928,Driver,0,<16,N,N,N,None,N,N,N,Moped/scooter,moped_scooter,2021,2021,2021-07,Ward 5,reportdate
26592351,09039616,84768239,Driver,1,<16,N,N,N,None,N,N,N,Moped/scooter,moped_scooter,2009,2012,2012-06,Ward 8,reportdate
28081677,19109261,88582909,Driver,26,25-34,N,N,N,None,N,N,Y,Moped/scooter,moped_scooter,2019,2019,2019-06,Ward 2,reportdate
28574601,20154053,90312560,Driver,25,25-34,N,N,Y,Minor,N,N,Y,Moped/scooter,moped_scooter,2020,2020,2020-10,Ward 4,reportdate
28317942,20027585,89488030,Driver,39,35-44,N,N,Y,Minor,N,N,Y,Moped/scooter,moped_scooter,2020,2020,2020-02,Ward 2,reportdate
28203891,19189700,89059136,Driver,27,25-34,N,N,Y,Minor,N,N,N,Moped/scooter,moped_scooter,2019,2019,2019-10,Ward 6,reportdate
27887723,18210548,87856245,Driver,45,45-54,N,N,N,None,N,N,Y,Moped/scooter,moped_scooter,2018,2018,2018-12,Ward 1,reportdate
26039737285,21007759,26039737284,Driver,19,16-24,N,N,Y,Minor,N,N,N,Moped/Scooter,moped_scooter,2021,2021,2021-01,Ward 6,reportdate
25240220,15035018,84688880,Driver,29,25-34,N,N,N,None,N,N,N,Moped/scooter,moped_scooter,2015,2015,2015-03,Ward 3,reportdate
26997740858,21117426,26997789546,Driver,29,25-34,N,N,Y,Minor,N,N,N,Moped/Scooter,moped_scooter,2021,2021,2021-08,Ward 2,reportdate
26990524584,21116551,26990632948,Driver,53,45-54,N,N,Y,Minor,N,N,Y,Moped/Scooter,moped_scooter,2021,2021,2021-08,Ward 4,reportdate
26724970153,21110065,26726390700,Driver,30,25-34,N,N,Y,Minor,N,N,N,Moped/Scooter,moped_scooter,2021,2021,2021-08,Ward 1,reportdate
26808106073,21110735,26808315386,Driver,39,35-44,N,N,Y,Minor,N,N,N,Moped/Scooter,moped_scooter,2021,2021,2021-08,Ward 5,reportdate
27106863182,21120358,27109687064,Driver,39,35-44,N,N,N,None,N,N,N,Moped/Scooter,moped_scooter,2021,2021,2021-08,Ward 8,reportdate
27229273393,21125128,27229364961,Driver,78,65+,N,N,Y,Minor,N,N,N,Moped/Scooter,moped_scooter,2021,2021,2021-09,Ward 3,reportdate
27123215226,21120634,27147570809,Driver,55,55-64,N,Y,N,Major,N,N,Y,Moped/Scooter,moped_scooter,2021,2021,2021-08,Ward 5,reportdate
29943135918,21171873,29967245954,Driver,51,45-54,N,N,N,None,N,N,N,Moped/Scooter,moped_scooter,2021,2021,2021-11,Ward 6,reportdate
29963702429,21173883,29963757616,Driver,42,35-44,N,N,N,None,N,N,N,Moped/Scooter,moped_scooter,2021,2021,2021-11,Ward 5,reportdate
29731010903,21168295,29731453483,Driver,63,55-64,N,N,Y,Minor,N,N,N,Moped/Scooter,moped_scooter,2021,2021,2021-11,Ward 1,reportdate
32973927307,22055791,32973987200,Other,50,45-54,N,N,Y,Minor,N,N,N,Moped/Scooter,moped_scooter,2022,2022,2022-04,Ward 2,reportdate
33782728192,22067168,33783387599,Driver,35,35-44,N,N,N,None,N,N,Y,Moped/Scooter,moped_scooter,2022,2022,2022-05,Ward 1,reportdate
34093131003,22077053,34093329291,Driver,23,16-24,N,Y,N,Major,N,N,Y,Moped/Scooter,moped_scooter,2022,2022,2022-06,Ward 2,reportdate
34138478111,22079665,34138554433,Bicyclist,52,45-54,N,N,Y,Minor,N,N,N,Moped/Scooter,moped_scooter,2022,2022,2022-06,Ward 1,reportdate
34211697310,22084409,34211841588,Driver,31,25-34,N,N,Y,Minor,N,N,Y,Moped/Scooter,moped_scooter,2022,2022,2022-06,Ward 3,reportdate
34544638565,22091999,34544786478,Driver,17,16-24,N,Y,N,Major,N,Y,N,Moped/Scooter,moped_scooter,2022,2022,2022-06,Ward 5,reportdate
35409607638,22115216,35410731931,Driver,72,65+,N,Y,N,Major,N,N,N,Moped/Scooter,moped_scooter,2022,2022,2022-08,Ward 8,reportdate
35716362624,22118160,35716451723,Driver,0,<16,N,N,N,None,N,N,Y,Moped/Scooter,moped_scooter,2022,2022,2022-08,Ward 2,reportdate
35716362624,22118160,35716451735,Passenger,0,<16,N,N,N,None,N,N,N,Moped/Scooter,moped_scooter,2022,2022,2022-08,Ward 2,reportdate
35776283894,22119997,35777424487,Driver,21,16-24,N,N,Y,Minor,N,N,N,Moped/Scooter,moped_scooter,2022,2022,2022-08,Ward 2,reportdate
35776283894,22119997,35777619100,Passenger,24,16-24,N,N,Y,Minor,N,N,N,Moped/Scooter,moped_scooter,2022,2022,2022-08,Ward 2,reportdate
35752711107,22119071,35754806867,Driver,0,<16,N,N,N,None,N,N,N,Moped/Scooter,moped_scooter,2022,2022,2022-08,Ward 1,reportdate
35805493503,22122090,35806252619,Driver,49,45-54,N,N,Y,Minor,N,N,N,Moped/Scooter,moped_scooter,2022,2022,2022-08,Ward 2,reportdate
35794098041,22121330,35794191001,Driver,31,25-34,N,N,N,None,N,N,N,Moped/Scooter,moped_scooter,2022,2022,2022-08,Ward 6,reportdate
35794098041,22121330,35828068198,Passenger,0,<16,N,N,Y,Minor,N,N,N,Moped/Scooter,moped_scooter,2022,2022,2022-08,Ward 6,reportdate
35799563114,22121785,35800153865,Driver,25,25-34,N,N,N,None,N,N,N,Moped/Scooter,moped_scooter,2022,2022,2022-08,Ward 5,reportdate
35828267087,22123277,35828320725,Driver,16,16-24,N,N,Y,Minor,N,N,N,Moped/Scooter,moped_scooter,2022,2022,2022-08,Ward 7,reportdate
35868497370,22126322,35869110737,Driver,29,25-34,N,N,Y,Minor,N,N,N,Moped/Scooter,moped_scooter,2022,2022,2022-08,Ward 1,reportdate
35876033853,22126934,35876135601,Driver,31,25-34,N,N,N,None,N,N,N,Moped/Scooter,moped_scooter,2022,2022,2022-09,Ward 3,reportdate
36237957055,22131463,36237998677,Driver,29,25-34,N,N,Y,Minor,N,N,Y,Moped/Scooter,moped_scooter,2022,2022,2022-09,Ward 1,reportdate
36241203237,22131731,36242652527,Driver,27,25-34,N,N,Y,Minor,N,N,Y,Moped/Scooter,moped_scooter,2022,2022,2022-09,Ward 5,reportdate
36571283080,22137549,36571792365,Driver,28,25-34,N,N,Y,Minor,N,N,N,Moped or motorized bicycle,moped_or_motorized_bicycle,2022,2022,2022-09,Ward 4,reportdate
36573631299,22135840,36573710330,Other,50,45-54,N,N,Y,Minor,N,N,Y,Moped/Scooter,moped_scooter,2022,2022,2022-09,Ward 6,reportdate
36802186148,22140106,36808484221,Driver,70,65+,N,Y,N,Major,N,N,N,Moped/Scooter,moped_scooter,2022,2022,2022-09,Ward 5,reportdate
36619295097,22137860,36619313740,Driver,50,45-54,N,N,Y,Minor,N,N,Y,Moped/Scooter,moped_scooter,2022,2022,2022-09,Ward 2,reportdate
36623790036,22135486,37102249475,Driver,37,35-44,N,N,Y,Minor,N,N,N,Moped/Scooter,moped_scooter,2022,2022,2022-09,Ward 1,reportdate
37098822371,22139804,37098861485,Driver,52,45-54,N,N,N,None,N,N,N,Moped/Scooter,moped_scooter,2022,2022,2022-09,Ward 5,reportdate
37106709657,22143012,37107055513,Passenger,12,<16,N,N,N,None,N,N,N,Moped/Scooter,moped_scooter,2022,2022,2022-10,Ward 4,reportdate
37106709657,22143012,37106802628,Driver,46,45-54,N,N,Y,Minor,N,N,N,Moped/Scooter,moped_scooter,2022,2022,2022-10,Ward 4,reportdate
37095625759,22140648,37095885505,Driver,0,<16,N,N,Y,Minor,N,N,N,Moped/Scooter,moped_scooter,2022,2022,2022-09,Ward 2,reportdate
37095625759,22140648,37096159207,Passenger,36,35-44,N,N,Y,Minor,N,N,N,Moped/Scooter,moped_scooter,2022,2022,2022-09,Ward 2,reportdate
37160956611,22146602,37161005120,Driver,36,35-44,N,N,N,None,N,N,N,Moped/Scooter,moped_scooter,2022,2022,2022-10,Ward 1,reportdate
37295287686,22150211,37295421361,Driver,27,25-34,N,N,N,None,N,N,N,Moped/Scooter,moped_scooter,2022,2022,2022-10,Ward 2,reportdate
37319831624,22151103,37319960708,Driver,0,<16,N,N,Y,Minor,N,N,N,Moped or motorized bicycle,moped_or_motorized_bicycle,2022,2022,2022-10,Ward 1,reportdate
37270474787,22149460,37274058324,Driver,56,55-64,N,Y,N,Major,N,N,N,Moped/Scooter,moped_scooter,2022,2022,2022-10,Ward 4,reportdate
37291187057,22149909,37291550346,Driver,57,55-64,N,N,Y,Minor,N,N,N,Moped/Scooter,moped_scooter,2022,2022,2022-10,Ward 7,reportdate
37349628542,22153031,37349758663,Driver,0,<16,N,N,N,None,N,N,N,Moped/Scooter,moped_scooter,2022,2022,2022-10,Ward 7,reportdate
37337821016,22152279,37337993091,Driver,18,16-24,N,N,Y,Minor,N,N,N,Moped/Scooter,moped_scooter,2022,2022,2022-10,Ward 6,reportdate
37342180777,22152506,37342609860,Driver,0,<16,N,N,N,None,N,N,N,Moped/Scooter,moped_scooter,2022,2022,2022-10,Ward 5,reportdate
37812816625,22155699,37813395875,Driver,41,35-44,N,N,Y,Minor,N,Y,N,Moped/Scooter,moped_scooter,2022,2022,2022-10,Ward 8,reportdate
37851041488,22156468,37852235212,Driver,20,16-24,N,N,Y,Minor,N,N,N,Moped/Scooter,moped_scooter,2022,2022,2022-10,Ward 2,reportdate
37775514189,22155159,37776137847,Driver,32,25-34,N,N,Y,Minor,N,N,N,Moped/Scooter,moped_scooter,2022,2022,2022-10,Ward 4,reportdate
37974107367,22157870,37974369809,Driver,0,<16,N,N,N,None,N,N,N,Moped/Scooter,moped_scooter,2022,2022,2022-10,Ward 5,reportdate
37976041961,22158022,37976073763,Driver,18,16-24,N,N,Y,Minor,N,N,N,Moped/Scooter,moped_scooter,2022,2022,2022-10,Ward 7,reportdate
38006183857,22160116,38006269836,Driver,25,25-34,N,N,Y,Minor,N,N,N,Moped/Scooter,moped_scooter,2022,2022,2022-11,Ward 3,reportdate
38008028820,22159627,38008061300,Driver,25,25-34,N,N,Y,Minor,N,N,N,Moped/Scooter,moped_scooter,2022,2022,2022-11,Ward 5,reportdate
38009723609,22160470,38009756599,Driver,0,<16,N,N,Y,Minor,N,N,Y,Moped/Scooter,moped_scooter,2022,2022,2022-11,Ward 2,reportdate
38016988298,22160640,38017452196,Other,0,<16,N,N,Y,Minor,N,N,N,Moped/Scooter,moped_scooter,2022,2022,2022-11,Ward 4,reportdate
38035378174,22162338,38035579193,Driver,56,55-64,N,Y,N,Major,N,N,Y,Moped/Scooter,moped_scooter,2022,2022,2022-11,Ward 5,reportdate
38051588116,22163120,38056935993,Passenger,35,35-44,N,N,N,None,N,N,N,Moped/Scooter,moped_scooter,2022,2022,2022-11,Ward 8,reportdate
38051588116,22163120,38056329815,Driver,32,25-34,N,N,N,None,N,N,Y,Moped/Scooter,moped_scooter,2022,2022,2022-11,Ward 8,reportdate
38686620189,22172103,38687059289,Driver,54,45-54,N,Y,N,Major,N,N,N,Moped/Scooter,moped_scooter,2022,2022,2022-11,Ward 2,reportdate
38755671984,22175472,38759178258,Driver,0,<16,N,Y,N,Major,N,N,N,Moped/Scooter,moped_scooter,2022,2022,2022-12,Ward 1,reportdate
38689332139,22172361,38786767554,Driver,28,25-34,Y,N,N,Fatal,N,N,N,Moped/Scooter,moped_scooter,2022,2022,2022-11,Ward 7,reportdate
38786705521,22177081,38786728587,Driver,18,16-24,N,N,Y,Minor,N,N,N,Moped/Scooter,moped_scooter,2022,2022,2022-12,Ward 7,reportdate
38934592238,22181427,38934936875,Driver,47,45-54,N,N,Y,Minor,N,N,N,Moped/Scooter,moped_scooter,2022,2022,2022-12,Ward 2,reportdate
39164800535,22187697,39164973169,Driver,0,<16,N,N,N,None,N,N,Y,Moped or motorized bicycle,moped_or_motorized_bicycle,2022,2022,2022-12,Ward 2,reportdate
39165048643,22187692,39278511931,Driver,54,45-54,N,N,Y,Minor,N,N,Y,Moped or motorized bicycle,moped_or_motorized_bicycle,2022,2022,2022-12,Ward 4,reportdate
40983903409,23010847,40984047133,Driver,65,65+,N,N,N,None,N,N,N,Moped or motorized bicycle,moped_or_motorized_bicycle,2023,2023,2023-01,Ward 6,reportdate
41241410799,23014642,41241478795,Driver,0,<16,N,N,N,None,N,N,N,Moped or motorized bicycle,moped_or_motorized_bicycle,2023,2023,2023-01,Ward 6,reportdate
41153802951,23012870,41154053568,Driver,40,35-44,N,N,N,None,N,N,N,Moped or motorized bicycle,moped_or_motorized_bicycle,2023,2023,2023-01,Ward 2,reportdate
41318503056,23016392,41318521553,Driver,0,<16,N,N,N,None,N,N,N,Moped or motorized bicycle,moped_or_motorized_bicycle,2023,2023,2023-01,Ward 6,reportdate
41493594355,23019556,41493618462,Driver,47,45-54,N,N,N,None,N,N,N,Moped or motorized bicycle,moped_or_motorized_bicycle,2023,2023,2023-02,Ward 6,reportdate
42502748057,23025931,42504342886,Driver,29,25-34,N,N,Y,Minor,N,N,N,Moped or motorized bicycle,moped_or_motorized_bicycle,2023,2023,2023-02,Ward 2,reportdate
42507340107,23026013,42507447054,Other,22,16-24,N,N,N,None,N,N,N,Moped or motorized bicycle,moped_or_motorized_bicycle,2023,2023,2023-02,Ward 4,reportdate
42527870603,23026016,42702608242,Driver,0,<16,N,N,N,None,N,N,N,Moped or motorized bicycle,moped_or_motorized_bicycle,2023,2023,2023-02,Ward 1,reportdate
44059497925,23032206,44059578914,Driver,33,25-34,N,N,Y,Minor,N,N,N,Moped or motorized bicycle,moped_or_motorized_bicycle,2023,2023,2023-02,Ward 1,reportdate
46131234119,23038475,46132828878,Passenger,45,45-54,N,N,N,None,N,N,N,Moped or motorized bicycle,moped_or_motorized_bicycle,2023,2023,2023-03,Ward 5,reportdate
46131234119,23038475,46132779931,Driver,26,25-34,N,N,Y,Minor,N,N,N,Moped or motorized bicycle,moped_or_motorized_bicycle,2023,2023,2023-03,Ward 5,reportdate
45197820665,23033902,45197918950,Driver,0,<16,N,N,N,None,N,N,N,Moped or motorized bicycle,moped_or_motorized_bicycle,2023,2023,2023-03,Ward 5,reportdate
48189222743,23049311,48190936894,Driver,0,<16,N,N,N,None,N,N,N,Moped or motorized bicycle,moped_or_motorized_bicycle,2023,2023,2023-03,Ward 6,reportdate
49008730863,23056230,49008919544,Driver,17,16-24,N,N,N,None,N,Y,Y,Moped or motorized bicycle,moped_or_motorized_bicycle,2023,2023,2023-04,Ward 1,reportdate
48988632838,23055210,48988701887,Passenger,26,25-34,N,N,Y,Minor,N,N,N,Moped or motorized bicycle,moped_or_motorized_bicycle,2023,2023,2023-04,Ward 6,reportdate
48988632838,23055210,48988697466,Driver,31,25-34,N,N,Y,Minor,N,N,N,Moped or motorized bicycle,moped_or_motorized_bicycle,2023,2023,2023-04,Ward 6,reportdate
49228444501,23060375,49228479099,Driver,32,25-34,N,N,Y,Minor,N,N,N,Moped or motorized bicycle,moped_or_motorized_bicycle,2023,2023,2023-04,Ward 6,reportdate
49108134075,23060541,49120882372,Driver,30,25-34,N,N,Y,Minor,N,N,N,Moped or motorized bicycle,moped_or_motorized_bicycle,2023,2023,2023-04,Ward 4,reportdate
49251584361,23063297,49502513188,Bicyclist,38,35-44,N,N,N,None,N,N,N,Moped or motorized bicycle,moped_or_motorized_bicycle,2023,2023,2023-04,Ward 2,reportdate
49272395565,23062074,49272417126,Driver,61,55-64,N,N,Y,Minor,N,N,N,Moped or motorized bicycle,moped_or_motorized_bicycle,2023,2021,2021-04,Ward 6,reportdate
49304696132,23066347,49304839125,Pedestrian,61,55-64,N,N,Y,Minor,N,N,N,Moped or motorized bicycle,moped_or_motorized_bicycle,2023,2023,2023-04,Ward 1,reportdate
49306031234,23065880,49306122605,Driver,0,<16,N,N,N,None,N,N,N,Moped or motorized bicycle,moped_or_motorized_bicycle,2023,2023,2023-04,Ward 7,reportdate
49364684342,23071671,49364732469,Bicyclist,24,16-24,N,N,N,None,N,N,Y,Moped or motorized bicycle,moped_or_motorized_bicycle,2023,2023,2023-05,Ward 1,reportdate
49364684342,23071671,49364732457,Bicyclist,40,35-44,N,N,Y,Minor,N,N,N,Moped or motorized bicycle,moped_or_motorized_bicycle,2023,2023,2023-05,Ward 1,reportdate
49391072301,23072728,49391223395,Driver,43,35-44,N,Y,N,Major,N,N,N,Moped or motorized bicycle,moped_or_motorized_bicycle,2023,2023,2023-05,Ward 2,reportdate
49394683089,23072860,49394771225,Driver,0,<16,N,N,N,None,N,N,N,Moped or motorized bicycle,moped_or_motorized_bicycle,2023,2023,2023-05,Ward 4,reportdate
49404348727,23073623,49404501614,Driver,59,55-64,N,N,Y,Minor,N,N,N,Moped or motorized bicycle,moped_or_motorized_bicycle,2023,2023,2023-05,Ward 3,reportdate
49651092403,23074599,49699994082,Driver,48,45-54,N,N,Y,Minor,N,N,N,Moped or motorized bicycle,moped_or_motorized_bicycle,2023,2023,2023-05,Ward 6,reportdate
50074660738,23082546,50074825170,Driver,74,65+,N,N,Y,Minor,N,N,Y,Moped or motorized bicycle,moped_or_motorized_bicycle,2023,2023,2023-05,Ward 1,reportdate
50077839660,23078577,50077906213,Driver,28,25-34,N,N,N,None,N,N,N,Moped or motorized bicycle,moped_or_motorized_bicycle,2023,2023,2023-05,Ward 6,reportdate
50097639054,23084151,50097848466,Driver,34,25-34,N,N,N,None,N,N,N,Moped or motorized bicycle,moped_or_motorized_bicycle,2023,2023,2023-05,Ward 1,reportdate
50088246049,23080179,50088539348,Passenger,19,16-24,N,N,N,None,N,N,N,Moped or motorized bicycle,moped_or_motorized_bicycle,2023,2023,2023-05,Ward 4,reportdate
50088246049,23080179,50088480384,Driver,41,35-44,N,N,Y,Minor,N,N,N,Moped or motorized bicycle,moped_or_motorized_bicycle,2023,2023,2023-05,Ward 4,reportdate
50867416854,23087030,50867724585,Driver,0,<16,N,N,Y,Minor,N,N,N,Moped or motorized bicycle,moped_or_motorized_bicycle,2023,2023,2023-06,Ward 6,reportdate
50933745964,23088475,50935556168,Driver,24,16-24,N,N,Y,Minor,N,N,N,Moped or motorized bicycle,moped_or_motorized_bicycle,2023,2023,2023-06,Ward 7,reportdate
50968588101,23091446,50976105577,Driver,23,16-24,N,Y,N,Major,N,N,N,Moped or motorized bicycle,moped_or_motorized_bicycle,2023,2023,2023-06,Ward 2,reportdate
51001370572,23094546,51001405559,Driver,24,16-24,N,N,Y,Minor,N,N,N,Moped or motorized bicycle,moped_or_motorized_bicycle,2023,2023,2023-06,Ward 4,reportdate
51010215214,23095182,51010329593,Driver,20,16-24,N,N,Y,Minor,N,N,N,Moped or motorized bicycle,moped_or_motorized_bicycle,2023,2023,2023-06,Ward 5,reportdate
51017152499,23095687,51017272595,Driver,35,35-44,N,N,N,None,N,N,Y,Moped or motorized bicycle,moped_or_motorized_bicycle,2023,2023,2023-06,Ward 3,reportdate
50986734644,23093048,50986777786,Driver,0,<16,N,N,N,None,N,N,N,Moped or motorized bicycle,moped_or_motorized_bicycle,2023,2023,2023-06,Ward 2,reportdate
51055616779,23098264,51055685046,Driver,0,<16,N,N,N,None,N,N,N,Moped or motorized bicycle,moped_or_motorized_bicycle,2023,2023,2023-06,Ward 7,reportdate
51107003212,23101861,51107268665,Driver,49,45-54,N,N,Y,Minor,N,N,Y,Moped or motorized bicycle,moped_or_motorized_bicycle,2023,2023,2023-06,Ward 1,reportdate
51133834721,23103606,51133915020,Driver,19,16-24,N,N,N,None,N,N,Y,Moped or motorized bicycle,moped_or_motorized_bicycle,2023,2023,2023-06,Ward 1,reportdate
51146184155,23104305,51162127584,Driver,0,<16,N,N,N,None,N,N,N,Moped or motorized bicycle,moped_or_motorized_bicycle,2023,2023,2023-06,Ward 2,reportdate
51306702588,23107949,51306873564,Passenger,12,<16,N,N,N,None,N,N,N,Moped or motorized bicycle,moped_or_motorized_bicycle,2023,2023,2023-07,Ward 1,reportdate
51306702588,23107949,51306873542,Driver,28,25-34,N,N,N,None,N,N,N,Moped or motorized bicycle,moped_or_motorized_bicycle,2023,2023,2023-07,Ward 1,reportdate
51362694601,23112208,51362919726,Driver,61,55-64,N,N,Y,Minor,N,N,Y,Moped or motorized bicycle,moped_or_motorized_bicycle,2023,2023,2023-07,Ward 8,reportdate
51365565122,23108377,51366029851,Driver,0,<16,N,N,N,None,N,N,Y,Moped or motorized bicycle,moped_or_motorized_bicycle,2023,2023,2023-07,Ward 2,reportdate
51346640018,23107835,51346711619,Driver,0,<16,N,N,N,None,N,Y,N,Moped or motorized bicycle,moped_or_motorized_bicycle,2023,2023,2023-07,Ward 8,reportdate
51401953742,23115205,51402164851,Driver,0,<16,N,N,N,None,N,N,N,Moped or motorized bicycle,moped_or_motorized_bicycle,2023,2023,2023-07,Ward 3,reportdate
51424810640,23116531,51424886932,Driver,29,25-34,N,N,Y,Minor,N,N,Y,Moped or motorized bicycle,moped_or_motorized_bicycle,2023,2023,2023-07,Ward 4,reportdate
51400969111,23112774,51401081440,Driver,0,<16,N,N,N,None,N,N,N,Moped or motorized bicycle,moped_or_motorized_bicycle,2023,2023,2023-07,Ward 2,reportdate
51383180201,23113780,51383345061,Driver,25,25-34,N,N,Y,Minor,N,N,N,Moped or motorized bicycle,moped_or_motorized_bicycle,2023,2023,2023-07,Ward 2,reportdate
51458306712,23118396,51458365467,Driver,23,16-24,N,N,Y,Minor,N,N,N,Moped or motorized bicycle,moped_or_motorized_bicycle,2023,2023,2023-07,Ward 1,reportdate
51458533782,23118433,51459446029,Driver,33,25-34,N,N,N,None,N,N,N,Moped or motorized bicycle,moped_or_motorized_bicycle,2023,2023,2023-07,Ward 6,reportdate
51458533782,23118433,51459446067,Driver,0,<16,N,N,N,None,N,N,N,Moped or motorized bicycle,moped_or_motorized_bicycle,2023,2023,2023-07,Ward 6,reportdate
51465157155,23118193,51473670388,Driver,0,<16,N,N,N,None,N,N,N,Moped or motorized bicycle,moped_or_motorized_bicycle,2023,2023,2023-07,Ward 8,reportdate
51433494320,23117105,51434211416,Driver,25,25-34,N,N,Y,Minor,N,N,Y,Moped or motorized bicycle,moped_or_motorized_bicycle,2023,2023,2023-07,Ward 1,reportdate
51433494320,23117105,51434211428,Driver,0,<16,N,N,N,None,N,N,N,Moped or motorized bicycle,moped_or_motorized_bicycle,2023,2023,2023-07,Ward 1,reportdate
51456041256,23118214,51456136629,Driver,34,25-34,N,N,N,None,N,N,N,Moped or motorized bicycle,moped_or_motorized_bicycle,2023,2023,2023-07,Ward 4,reportdate
51527686303,23122133,51527843747,Driver,22,16-24,N,N,Y,Minor,N,N,N,Moped or motorized bicycle,moped_or_motorized_bicycle,2023,2023,2023-07,Ward 1,reportdate
51533694638,23122470,51534202178,Driver,22,16-24,N,N,Y,Minor,N,N,Y,Moped or motorized bicycle,moped_or_motorized_bicycle,2023,2023,2023-07,Ward 6,reportdate
51535634736,23122637,51536271323,Driver,27,25-34,N,N,N,None,N,N,N,Moped or motorized bicycle,moped_or_motorized_bicycle,2023,2023,2023-07,Ward 2,reportdate
51536404632,23122716,51536545636,Driver,0,<16,N,N,N,None,N,N,N,Moped or motorized bicycle,moped_or_motorized_bicycle,2023,2023,2023-07,Ward 1,reportdate
51658420464,23125156,51658831210,Driver,20,16-24,N,N,N,None,N,N,N,Moped or motorized bicycle,moped_or_motorized_bicycle,2023,2023,2023-07,Ward 2,reportdate
51709181679,23127803,51709368589,Driver,27,25-34,N,N,Y,Minor,N,N,N,Moped or motorized bicycle,moped_or_motorized_bicycle,2023,2023,2023-08,Ward 2,reportdate
51658642187,23125269,51659245855,Driver,28,25-34,N,N,Y,Minor,N,N,N,Moped or motorized bicycle,moped_or_motorized_bicycle,2023,2023,2023-08,Ward 5,reportdate
51691402828,23126539,51691515842,Driver,24,16-24,N,N,Y,Minor,N,N,N,Moped or motorized bicycle,moped_or_motorized_bicycle,2023,2023,2023-08,Ward 6,reportdate
51736099067,23129795,51736237919,Driver,0,<16,N,N,N,None,N,N,N,Moped or motorized bicycle,moped_or_motorized_bicycle,2023,2023,2023-08,Ward 7,reportdate
51717626862,23128577,51718148564,Driver,28,25-34,N,N,N,None,N,N,Y,Moped or motorized bicycle,moped_or_motorized_bicycle,2023,2023,2023-08,Ward 1,reportdate
51717626862,23128577,51718302993,Other,0,<16,N,N,N,None,N,N,N,Moped or motorized bicycle,moped_or_motorized_bicycle,2023,2023,2023-08,Ward 1,reportdate
51721511800,23128843,51721744937,Driver,28,25-34,N,N,Y,Minor,N,N,N,Moped or motorized bicycle,moped_or_motorized_bicycle,2023,2023,2023-08,Ward 7,reportdate
51714480806,23128246,51714539667,Driver,0,<16,N,N,N,None,N,N,N,Moped or motorized bicycle,moped_or_motorized_bicycle,2023,2023,2023-08,Ward 2,reportdate
51819484482,23132657,51819584990,Driver,28,25-34,N,N,Y,Minor,N,N,N,Moped or motorized bicycle,moped_or_motorized_bicycle,2023,2023,2023-08,Ward 1,reportdate
51821005170,23132761,51821854602,Passenger,23,16-24,N,N,Y,Minor,N,N,N,Moped or motorized bicycle,moped_or_motorized_bicycle,2023,2023,2023-08,Ward 5,reportdate
51931404118,23135572,51931640710,Driver,0,<16,N,N,N,None,N,N,N,Moped or motorized bicycle,moped_or_motorized_bicycle,2023,2023,2023-08,Ward 1,reportdate
51939872651,23132871,51980614125,Driver,0,<16,N,N,Y,Minor,N,N,N,Moped or motorized bicycle,moped_or_motorized_bicycle,2023,2023,2023-08,Ward 4,reportdate
52025445454,23140669,52025581972,Driver,25,25-34,N,N,Y,Minor,N,N,N,Moped or motorized bicycle,moped_or_motorized_bicycle,2023,2023,2023-08,Ward 1,reportdate
51972209469,23138426,51972251869,Driver,22,16-24,N,N,N,None,N,N,N,Moped or motorized bicycle,moped_or_motorized_bicycle,2023,2023,2023-08,Ward 6,reportdate
51978999952,23138887,51979240508,Driver,39,35-44,N,N,Y,Minor,N,N,N,Moped or motorized bicycle,moped_or_motorized_bicycle,2023,2023,2023-08,Ward 7,reportdate
52008573793,23139638,52008682813,Driver,0,<16,N,N,Y,Minor,N,N,N,Moped or motorized bicycle,moped_or_motorized_bicycle,2023,2023,2023-08,Ward 6,reportdate
52073045779,23143074,52073352067,Driver,22,16-24,N,N,Y,Minor,N,N,N,Moped or motorized bicycle,moped_or_motorized_bicycle,2023,2023,2023-08,Ward 2,reportdate
52190077518,23146141,52472375674,Passenger,43,35-44,N,N,Y,Minor,N,N,N,Moped or motorized bicycle,moped_or_motorized_bicycle,2023,2023,2023-09,Ward 2,reportdate
52190077518,23146141,52190241017,Driver,23,16-24,N,N,Y,Minor,N,N,Y,Moped or motorized bicycle,moped_or_motorized_bicycle,2023,2023,2023-09,Ward 2,reportdate
52173188726,23144877,52173264906,Driver,33,25-34,N,N,Y,Minor,N,N,Y,Moped or motorized bicycle,moped_or_motorized_bicycle,2023,2023,2023-09,Ward 5,reportdate
52249797779,23148600,52312354484,Driver,34,25-34,N,N,Y,Minor,N,N,N,Moped or motorized bicycle,moped_or_motorized_bicycle,2023,2023,2023-09,Ward 5,reportdate
52257594234,23150004,52265818747,Driver,20,16-24,N,N,Y,Minor,N,N,N,Moped or motorized bicycle,moped_or_motorized_bicycle,2023,2023,2023-09,Ward 5,reportdate
52220262539,23148021,52220382904,Driver,40,35-44,N,N,Y,Minor,N,N,N,Moped or motorized bicycle,moped_or_motorized_bicycle,2023,2023,2023-09,Ward 2,reportdate
52227745508,23147833,52228568590,Driver,0,<16,N,N,Y,Minor,N,N,N,Moped or motorized bicycle,moped_or_motorized_bicycle,2023,2023,2023-09,Ward 5,reportdate
52228894129,23148401,52229226466,Driver,0,<16,N,N,Y,Minor,N,N,N,Moped or motorized bicycle,moped_or_motorized_bicycle,2023,2023,2023-09,Ward 5,reportdate
52232317632,23148748,52238715498,Driver,35,35-44,N,N,Y,Minor,N,N,N,Moped or motorized bicycle,moped_or_motorized_bicycle,2023,2023,2023-09,Ward 6,reportdate
52236410959,23148905,52236453083,Driver,31,25-34,N,N,Y,Minor,N,N,N,Moped or motorized bicycle,moped_or_motorized_bicycle,2023,2023,2023-09,Ward 6,reportdate
52211682019,23147028,52211802821,Driver,50,45-54,N,N,Y,Minor,N,N,N,Moped or motorized bicycle,moped_or_motorized_bicycle,2023,2023,2023-09,Ward 3,reportdate
52303017482,23152732,52303148924,Driver,32,25-34,N,N,Y,Minor,N,N,N,Moped or motorized bicycle,moped_or_motorized_bicycle,2023,2023,2023-09,Ward 6,reportdate
52303426058,23152777,52303486921,Driver,0,<16,N,N,N,None,N,N,N,Moped or motorized bicycle,moped_or_motorized_bicycle,2023,2023,2023-09,Ward 1,reportdate
52286918532,23151312,52287191630,Driver,52,45-54,N,N,Y,Minor,N,N,N,Moped or motorized bicycle,moped_or_motorized_bicycle,2023,2023,2023-09,Ward 5,reportdate
52293838085,23152022,52293991276,Driver,18,16-24,N,N,Y,Minor,N,N,N,Moped or motorized bicycle,moped_or_motorized_bicycle,2023,2023,2023-09,Ward 1,reportdate
52379050690,23155595,52379099582,Driver,20,16-24,N,N,Y,Minor,N,N,Y,Moped or motorized bicycle,moped_or_motorized_bicycle,2023,2023,2023-09,Ward 2,reportdate
52384119956,23155230,52384942258,Driver,19,16-24,N,N,Y,Minor,N,N,N,Moped or motorized bicycle,moped_or_motorized_bicycle,2023,2023,2023-09,Ward 6,reportdate
52396270078,23156456,52396638794,Driver,26,25-34,N,N,Y,Minor,N,N,N,Moped or motorized bicycle,moped_or_motorized_bicycle,2023,2023,2023-09,Ward 5,reportdate
52398623356,23156703,52398876252,Driver,51,45-54,N,N,N,None,N,N,N,Moped or motorized bicycle,moped_or_motorized_bicycle,2023,2023,2023-09,Ward 2,reportdate
52364508461,23154672,52364711230,Driver,40,35-44,N,N,Y,Minor,N,Y,N,Moped or motorized bicycle,moped_or_motorized_bicycle,2023,2023,2023-09,Ward 2,reportdate
52446631522,23158974,52446767456,Driver,25,25-34,N,N,Y,Minor,N,N,N,Moped or motorized bicycle,moped_or_motorized_bicycle,2023,2023,2023-09,Ward 1,reportdate
52446863840,23158940,52448255545,Driver,26,25-34,N,N,Y,Minor,N,N,N,Moped or motorized bicycle,moped_or_motorized_bicycle,2023,2023,2023-09,Ward 6,reportdate
52446863840,23158940,52448255564,Passenger,14,<16,N,N,Y,Minor,N,N,N,Moped or motorized bicycle,moped_or_motorized_bicycle,2023,2023,2023-09,Ward 6,reportdate
52454415317,23159552,52454507118,Driver,60,55-64,N,N,Y,Minor,N,N,N,Moped or motorized bicycle,moped_or_motorized_bicycle,2023,2023,2023-09,Ward 8,reportdate
52436408799,23158407,52436691766,Driver,25,25-34,N,N,Y,Minor,N,N,N,Moped or motorized bicycle,moped_or_motorized_bicycle,2023,2023,2023-09,Ward 4,reportdate
52487158329,23161784,52487259120,Driver,34,25-34,N,N,Y,Minor,N,N,N,Moped or motorized bicycle,moped_or_motorized_bicycle,2023,2023,2023-09,Ward 1,reportdate
52471709426,23160805,52471891412,Driver,21,16-24,N,N,Y,Minor,N,N,N,Moped or motorized bicycle,moped_or_motorized_bicycle,2023,2023,2023-09,Ward 7,reportdate
52510046946,23164012,52510133064,Bicyclist,9,<16,N,N,Y,Minor,N,N,N,Moped or motorized bicycle,moped_or_motorized_bicycle,2023,2023,2023-10,Ward 6,reportdate
52522582451,23164907,52523324158,Bicyclist,36,35-44,N,N,Y,Minor,N,N,N,Moped or motorized bicycle,moped_or_motorized_bicycle,2023,2023,2023-10,Ward 2,reportdate
52508360181,23163954,52508520111,Driver,48,45-54,N,N,N,None,N,N,N,Moped or motorized bicycle,moped_or_motorized_bicycle,2023,2023,2023-10,Ward 6,reportdate
52509392541,23164013,52509525284,Bicyclist,58,55-64,N,Y,N,Major,N,N,Y,Moped or motorized bicycle,moped_or_motorized_bicycle,2023,2023,2023-10,Ward 5,reportdate
52509693620,23164057,52509767792,Driver,11,<16,N,N,N,None,N,N,N,Moped or motorized bicycle,moped_or_motorized_bicycle,2023,2023,2023-10,Ward 7,reportdate
52558751763,23167514,52558805654,Driver,64,55-64,N,Y,N,Major,N,Y,N,Moped or motorized bicycle,moped_or_motorized_bicycle,2023,2023,2023-10,Ward 5,reportdate
52559731702,23167745,52566438614,Driver,0,<16,N,N,N,None,N,N,Y,Moped or motorized bicycle,moped_or_motorized_bicycle,2023,2023,2023-10,Ward 2,reportdate
52563785951,23167501,52563816056,Driver,0,<16,N,N,N,None,N,N,N,Moped or motorized bicycle,moped_or_motorized_bicycle,2023,2023,2023-10,Ward 2,reportdate
52564121503,23168000,52564215030,Driver,50,45-54,N,N,Y,Minor,N,N,N,Moped or motorized bicycle,moped_or_motorized_bicycle,2023,2023,2023-10,Ward 1,reportdate
52562120289,23167894,52562215787,Driver,27,25-34,N,N,Y,Minor,N,N,N,Moped or motorized bicycle,moped_or_motorized_bicycle,2023,2023,2023-10,Ward 2,reportdate
52562120289,23167894,52562312992,Passenger,19,16-24,N,N,Y,Minor,N,N,N,Moped or motorized bicycle,moped_or_motorized_bicycle,2023,2023,2023-10,Ward 2,reportdate
52536111760,23165590,52536146923,Driver,52,45-54,N,N,N,None,N,N,N,Moped or motorized bicycle,moped_or_motorized_bicycle,2023,2023,2023-10,Ward 1,reportdate
52538739199,23166246,52538803681,Driver,17,16-24,N,N,Y,Minor,N,N,Y,Moped or motorized bicycle,moped_or_motorized_bicycle,2023,2023,2023-10,Ward 2,reportdate
52543750635,23166295,52543794667,Driver,24,16-24,N,N,N,None,N,N,N,Moped or motorized bicycle,moped_or_motorized_bicycle,2023,2023,2023-10,Ward 7,reportdate
52603584505,23170738,52604596171,Driver,0,<16,N,N,N,None,N,N,N,Moped or motorized bicycle,moped_or_motorized_bicycle,2023,2023,2023-10,Ward 4,reportdate
52624021109,23171356,52624067020,Driver,28,25-34,N,N,Y,Minor,N,N,N,Moped or motorized bicycle,moped_or_motorized_bicycle,2023,2023,2023-10,Ward 7,reportdate
52634490187,23171982,52635531731,Driver,25,25-34,N,N,Y,Minor,N,N,N,Moped or motorized bicycle,moped_or_motorized_bicycle,2023,2023,2023-10,Ward 5,reportdate
52595507355,23170182,52595828176,Driver,18,16-24,N,N,Y,Minor,N,N,N,Moped or motorized bicycle,moped_or_motorized_bicycle,2023,2023,2023-10,Ward 2,reportdate
52639709634,23172271,52639899049,Driver,26,25-34,N,N,N,None,N,N,N,Moped or motorized bicycle,moped_or_motorized_bicycle,2023,2023,2023-10,Ward 2,reportdate
52731791729,23173167,52736029918,Driver,24,16-24,N,N,Y,Minor,N,N,N,Moped or motorized bicycle,moped_or_motorized_bicycle,2023,2023,2023-10,Ward 2,reportdate
52731791729,23173167,52740379436,Passenger,26,25-34,N,N,Y,Minor,N,N,N,Moped or motorized bicycle,moped_or_motorized_bicycle,2023,2023,2023-10,Ward 2,reportdate
52757726708,23174161,52757764550,Driver,35,35-44,N,N,Y,Minor,N,N,Y,Moped or motorized bicycle,moped_or_motorized_bicycle,2023,2023,2023-10,Ward 4,reportdate
52635252474,23171901,52635341528,Other,0,<16,N,N,N,None,N,N,N,Moped or motorized bicycle,moped_or_motorized_bicycle,2023,2023,2023-10,Ward 1,reportdate
52635252474,23171901,52635318496,Bicyclist,58,55-64,N,N,N,None,N,N,N,Moped or motorized bicycle,moped_or_motorized_bicycle,2023,2023,2023-10,Ward 1,reportdate
52635600461,23171987,52635816930,Driver,26,25-34,N,N,Y,Minor,N,N,N,Moped or motorized bicycle,moped_or_motorized_bicycle,2023,2023,2023-10,Ward 7,reportdate
52823650430,23177469,52823731936,Driver,25,25-34,N,Y,N,Major,N,N,N,Moped or motorized bicycle,moped_or_motorized_bicycle,2023,2023,2023-10,Ward 4,reportdate
52837284681,23178398,52837364646,Driver,28,25-34,N,N,Y,Minor,N,N,N,Moped or motorized bicycle,moped_or_motorized_bicycle,2023,2023,2023-10,Ward 6,reportdate
52863743177,23178149,52863965836,Driver,21,16-24,N,N,Y,Minor,N,N,Y,Moped or motorized bicycle,moped_or_motorized_bicycle,2023,2023,2023-10,Ward 6,reportdate
52889321960,23180182,52889609190,Driver,3,<16,N,N,Y,Minor,N,N,N,Moped or motorized bicycle,moped_or_motorized_bicycle,2023,2003,2003-11,Ward 2,reportdate
52889855546,23180268,52890291842,Driver,27,25-34,N,N,Y,Minor,N,N,Y,Moped or motorized bicycle,moped_or_motorized_bicycle,2023,2023,2023-11,Ward 1,reportdate
52851286779,23179147,52853244632,Driver,0,<16,N,N,Y,Minor,N,N,N,Moped or motorized bicycle,moped_or_motorized_bicycle,2023,2023,2023-10,Ward 5,reportdate
52855273390,23179383,52855315773,Driver,43,35-44,N,N,N,None,N,N,N,Moped or motorized bicycle,moped_or_motorized_bicycle,2023,2023,2023-10,Ward 2,reportdate
52861585921,23179683,52862306997,Passenger,29,25-34,N,N,Y,Minor,N,N,N,Moped or motorized bicycle,moped_or_motorized_bicycle,2023,2023,2023-11,Ward 7,reportdate
52861585921,23179683,52862306972,Driver,43,35-44,N,N,Y,Minor,N,N,N,Moped or motorized bicycle,moped_or_motorized_bicycle,2023,2023,2023-11,Ward 7,reportdate
52922561062,23163196,52922594361,Driver,0,<16,N,N,N,None,N,N,N,Moped or motorized bicycle,moped_or_motorized_bicycle,2023,2023,2023-09,Ward 4,reportdate
52901824018,23181051,52901981005,Driver,36,35-44,N,N,N,None,N,N,N,Moped or motorized bicycle,moped_or_motorized_bicycle,2023,2023,2023-11,Ward 3,reportdate
53004336012,23185429,53010455242,Driver,0,<16,N,N,N,None,N,N,N,Moped or motorized bicycle,moped_or_motorized_bicycle,2023,2023,2023-11,Ward 2,reportdate
53004711782,23185576,53005403209,Driver,50,45-54,N,N,Y,Minor,N,N,N,Moped or motorized bicycle,moped_or_motorized_bicycle,2023,2023,2023-11,Ward 1,reportdate
53011941351,23185988,53011992707,Driver,32,25-34,N,Y,N,Major,N,N,N,Moped or motorized bicycle,moped_or_motorized_bicycle,2023,2023,2023-11,Ward 5,reportdate
53018057656,23186608,53018165332,Bicyclist,25,25-34,N,Y,N,Major,N,N,N,Moped or motorized bicycle,moped_or_motorized_bicycle,2023,2023,2023-11,Ward 6,reportdate
53043117082,23185979,53043638366,Driver,23,16-24,N,Y,N,Major,N,Y,N,Moped or motorized bicycle,moped_or_motorized_bicycle,2023,2023,2023-11,Ward 5,reportdate
53043117082,23185979,53044087785,Passenger,23,16-24,N,N,Y,Minor,N,N,N,Moped or motorized bicycle,moped_or_motorized_bicycle,2023,2023,2023-11,Ward 5,reportdate
53052260493,23186903,53056317692,Driver,22,16-24,N,N,Y,Minor,N,N,Y,Moped or motorized bicycle,moped_or_motorized_bicycle,2023,2023,2023-11,Ward 2,reportdate
53056019661,23186445,53056552659,Bicyclist,48,45-54,N,Y,N,Major,N,N,N,Moped or motorized bicycle,moped_or_motorized_bicycle,2023,2023,2023-11,Ward 6,reportdate
53098167823,23188623,53098328776,Driver,28,25-34,N,Y,N,Major,N,N,N,Moped or motorized bicycle,moped_or_motorized_bicycle,2023,2023,2023-11,Ward 4,reportdate
53103374090,23189230,53121245656,Driver,0,<16,N,N,N,None,N,N,N,Moped or motorized bicycle,moped_or_motorized_bicycle,2023,2023,2023-11,Ward 5,reportdate
53073397645,23178384,53073497465,Other,0,<16,N,N,N,None,N,N,N,Moped or motorized bicycle,moped_or_motorized_bicycle,2023,2023,2023-11,Ward 1,reportdate
53078038410,23187271,53078103177,Driver,27,25-34,N,N,Y,Minor,N,N,N,Moped or motorized bicycle,moped_or_motorized_bicycle,2023,2023,2023-11,Ward 1,reportdate
53083844253,23188000,53134560348,Driver,31,25-34,N,N,Y,Minor,N,N,N,Moped or motorized bicycle,moped_or_motorized_bicycle,2023,2023,2023-11,Ward 8,reportdate
53088125718,23188216,53088197333,Driver,23,16-24,N,N,Y,Minor,N,N,N,Moped or motorized bicycle,moped_or_motorized_bicycle,2023,2023,2023-11,Ward 6,reportdate
53154440162,23191358,53154511639,Other,0,<16,N,N,Y,Minor,N,N,N,Moped or motorized bicycle,moped_or_motorized_bicycle,2023,2023,2023-11,Ward 2,reportdate
53142775405,23191616,53142843676,Driver,0,<16,N,N,Y,Minor,N,N,Y,Moped or motorized bicycle,moped_or_motorized_bicycle,2023,2023,2023-11,Ward 6,reportdate
53127681043,23188579,53127763351,Driver,29,25-34,N,N,Y,Minor,N,N,N,Moped or motorized bicycle,moped_or_motorized_bicycle,2023,2023,2023-11,Ward 7,reportdate
53260998759,23194484,53261608423,Driver,35,35-44,N,N,Y,Minor,N,N,Y,Moped or motorized bicycle,moped_or_motorized_bicycle,2023,2023,2023-11,Ward 5,reportdate
53239267729,23194042,53239923489,Driver,20,16-24,N,N,Y,Minor,N,N,Y,Moped or motorized bicycle,moped_or_motorized_bicycle,2023,2023,2023-11,Ward 4,reportdate
53241507362,23194186,53242901635,Driver,32,25-34,N,N,N,None,N,N,N,Moped or motorized bicycle,moped_or_motorized_bicycle,2023,2023,2023-11,Ward 6,reportdate
53296448647,23197382,53296555604,Bicyclist,45,45-54,N,N,Y,Minor,N,N,N,Moped or motorized bicycle,moped_or_motorized_bicycle,2023,2023,2023-12,Ward 6,reportdate
53312342275,23197988,53312424867,Driver,36,35-44,N,N,N,None,N,N,N,Moped or motorized bicycle,moped_or_motorized_bicycle,2023,2023,2023-12,Ward 1,reportdate
53319155503,23198885,53319340835,Driver,0,<16,N,N,N,None,N,N,N,Moped or motorized bicycle,moped_or_motorized_bicycle,2023,2023,2023-12,Ward 2,reportdate
53362955601,23193698,53363015888,Driver,57,55-64,N,N,N,None,N,N,N,Moped or motorized bicycle,moped_or_motorized_bicycle,2023,2023,2023-11,Ward 2,reportdate
53330871942,23199185,53342753888,Driver,40,35-44,N,N,Y,Minor,N,N,N,Moped or motorized bicycle,moped_or_motorized_bicycle,2023,2023,2023-12,Ward 1,reportdate
53404385406,23202546,53404464283,Driver,0,<16,N,N,Y,Minor,N,N,N,Moped or motorized bicycle,moped_or_motorized_bicycle,2023,2023,2023-12,Ward 2,reportdate
53410758403,23202994,53410822016,Driver,27,25-34,N,N,N,None,N,N,N,Moped or motorized bicycle,moped_or_motorized_bicycle,2023,2023,2023-12,Ward 2,reportdate
53431699645,23203464,53431851032,Driver,0,<16,N,N,N,None,N,N,N,Moped or motorized bicycle,moped_or_motorized_bicycle,2023,2023,2023-12,Ward 1,reportdate
53384779638,23201884,53388076063,Driver,0,<16,N,N,N,None,N,N,N,Moped or motorized bicycle,moped_or_motorized_bicycle,2023,2023,2023-12,Ward 1,reportdate
53384978272,23201902,53390918057,Driver,0,<16,N,N,N,None,N,N,N,Moped or motorized bicycle,moped_or_motorized_bicycle,2023,2023,2023-12,Ward 1,reportdate
53394640679,23202470,53394704762,Driver,23,16-24,N,N,Y,Minor,N,N,N,Moped or motorized bicycle,moped_or_motorized_bicycle,2023,2023,2023-12,Ward 2,reportdate
53398556379,23202781,53398620768,Driver,26,25-34,N,N,Y,Minor,N,N,N,Moped or motorized bicycle,moped_or_motorized_bicycle,2023,2023,2023-12,Ward 5,reportdate
53398556379,23202781,53398860539,Passenger,0,<16,N,N,N,None,N,N,N,Moped or motorized bicycle,moped_or_motorized_bicycle,2023,2023,2023-12,Ward 5,reportdate
53433577314,23204207,53433643053,Driver,0,<16,N,N,Y,Minor,N,N,N,Moped or motorized bicycle,moped_or_motorized_bicycle,2023,2023,2023-12,Ward 6,reportdate
53449002471,23205373,53449125966,Driver,20,16-24,N,N,Y,Minor,N,N,N,Moped or motorized bicycle,moped_or_motorized_bicycle,2023,2023,2023-12,Ward 6,reportdate
53575379239,23175864,53575425113,Driver,0,<16,N,N,N,None,N,N,N,Moped or motorized bicycle,moped_or_motorized_bicycle,2023,2023,2023-10,Ward 1,reportdate
53543669590,23207881,53543939706,Driver,22,16-24,N,N,Y,Minor,N,N,Y,Moped or motorized bicycle,moped_or_motorized_bicycle,2023,2023,2023-12,Ward 1,reportdate
53608366872,24000454,53608763520,Driver,0,<16,N,N,N,None,N,N,N,Moped or motorized bicycle,moped_or_motorized_bicycle,2024,2024,2024-01,Ward 1,reportdate
53676984037,24003941,53677276472,Driver,20,16-24,N,N,N,None,N,N,N,Moped or motorized bicycle,moped_or_motorized_bicycle,2024,2024,2024-01,Ward 5,reportdate
53650931566,24002360,53666695145,Pedestrian,0,<16,N,N,N,None,N,N,N,Moped or motorized bicycle,moped_or_motorized_bicycle,2024,2024,2024-01,Ward 2,reportdate
53789335441,24006994,53795223458,Driver,18,16-24,N,N,N,None,N,N,N,Moped or motorized bicycle,moped_or_motorized_bicycle,2024,2024,2024-01,Ward 1,reportdate
53792461227,24007234,53792803622,Driver,24,16-24,N,N,N,None,N,N,N,Moped or motorized bicycle,moped_or_motorized_bicycle,2024,2024,2024-01,Ward 1,reportdate
53754966714,23026733,53755023513,Driver,50,45-54,N,Y,N,Major,N,N,N,Moped or motorized bicycle,moped_or_motorized_bicycle,2023,2023,2023-02,Ward 2,reportdate
53724668212,24005339,53724813827,Driver,0,<16,N,N,Y,Minor,N,N,N,Moped or motorized bicycle,moped_or_motorized_bicycle,2024,2024,2024-01,Ward 6,reportdate
53724993144,24005352,53725133138,Driver,27,25-34,N,N,Y,Minor,N,N,N,Moped or motorized bicycle,moped_or_motorized_bicycle,2024,2024,2024-01,Ward 4,reportdate
53725555448,24005400,53725653426,Driver,0,<16,N,N,N,None,N,N,Y,Moped or motorized bicycle,moped_or_motorized_bicycle,2024,2024,2024-01,Ward 3,reportdate
53864657289,24010896,53865096043,Driver,21,16-24,N,N,Y,Minor,N,N,N,Moped or motorized bicycle,moped_or_motorized_bicycle,2024,2024,2024-01,Ward 3,reportdate
53865351749,24010921,53865613971,Driver,25,25-34,N,N,N,None,N,N,Y,Moped or motorized bicycle,moped_or_motorized_bicycle,2024,2024,2024-01,Ward 4,reportdate
53929279826,24013649,53929355865,Driver,21,16-24,N,N,Y,Minor,N,N,N,Moped or motorized bicycle,moped_or_motorized_bicycle,2024,2024,2024-01,Ward 5,reportdate
53876066593,24011533,53876214393,Driver,22,16-24,N,N,Y,Minor,N,N,N,Moped or motorized bicycle,moped_or_motorized_bicycle,2024,2024,2024-01,Ward 1,reportdate
53997947507,24016399,53998413631,Driver,0,<16,N,N,N,None,N,N,N,Moped or motorized bicycle,moped_or_motorized_bicycle,2024,2024,2024-02,Ward 6,reportdate
53997951656,24016328,53998211167,Passenger,20,16-24,N,N,Y,Minor,N,N,N,Moped or motorized bicycle,moped_or_motorized_bicycle,2024,2024,2024-02,Ward 6,reportdate
53997951656,24016328,53998211113,Other,22,16-24,N,N,Y,Minor,N,N,Y,Moped or motorized bicycle,moped_or_motorized_bicycle,2024,2024,2024-02,Ward 6,reportdate
54008365616,24016806,54010473088,Driver,20,16-24,N,N,Y,Minor,N,N,Y,Moped or motorized bicycle,moped_or_motorized_bicycle,2024,2024,2024-02,Ward 1,reportdate
54008365616,24016806,54010473152,Passenger,20,16-24,N,N,Y,Minor,N,N,N,Moped or motorized bicycle,moped_or_motorized_bicycle,2024,2024,2024-02,Ward 1,reportdate
53950149052,24014539,53950833385,Driver,36,35-44,N,Y,N,Major,N,N,N,Moped or motorized bicycle,moped_or_motorized_bicycle,2024,2024,2024-01,Ward 1,reportdate
53953459472,24014768,53954320030,Driver,56,55-64,N,Y,N,Major,N,N,N,Moped or motorized bicycle,moped_or_motorized_bicycle,2024,2024,2024-01,Ward 7,reportdate
53959358553,24014949,54057324384,Driver,23,16-24,N,N,Y,Minor,N,N,Y,Moped or motorized bicycle,moped_or_motorized_bicycle,2024,2024,2024-01,Ward 5,reportdate
54090069230,24019777,54090162234,Driver,36,35-44,N,N,Y,Minor,N,N,N,Moped or motorized bicycle,moped_or_motorized_bicycle,2024,2024,2024-02,Ward 3,reportdate
54090149737,24019804,54090233356,Driver,36,35-44,N,N,Y,Minor,N,N,N,Moped or motorized bicycle,moped_or_motorized_bicycle,2024,2024,2024-02,Ward 2,reportdate
54035950127,24017396,54036057037,Driver,25,25-34,N,N,Y,Minor,N,N,N,Moped or motorized bicycle,moped_or_motorized_bicycle,2024,2024,2024-02,Ward 5,reportdate
54035950127,24017396,54036116855,Passenger,20,16-24,N,N,N,None,N,N,N,Moped or motorized bicycle,moped_or_motorized_bicycle,2024,2024,2024-02,Ward 5,reportdate
54010513457,24016449,54010632232,Driver,25,25-34,N,N,N,None,N,N,N,Moped or motorized bicycle,moped_or_motorized_bicycle,2024,2024,2024-02,Ward 1,reportdate
54099867356,24020089,54100007030,Driver,0,<16,N,N,N,None,N,N,N,Moped or motorized bicycle,moped_or_motorized_bicycle,2024,2024,2024-02,Ward 2,reportdate
54138625316,24022275,54139035102,Passenger,5,<16,N,N,N,None,N,N,N,Moped or motorized bicycle,moped_or_motorized_bicycle,2024,2024,2024-02,Ward 5,reportdate
54138625316,24022275,54139035069,Driver,21,16-24,N,N,N,None,N,N,N,Moped or motorized bicycle,moped_or_motorized_bicycle,2024,2024,2024-02,Ward 5,reportdate
54104871608,24020388,54105178258,Passenger,30,25-34,N,N,N,None,N,N,N,Moped or motorized bicycle,moped_or_motorized_bicycle,2024,2024,2024-02,Ward 2,reportdate
54104871608,24020388,54104970786,Driver,30,25-34,N,N,N,None,N,N,Y,Moped or motorized bicycle,moped_or_motorized_bicycle,2024,2024,2024-02,Ward 2,reportdate
54121812334,24021296,54152343040,Driver,0,<16,N,N,N,None,N,N,N,Moped or motorized bicycle,moped_or_motorized_bicycle,2024,2024,2024-02,Ward 2,reportdate
54251263153,24025678,54251385432,Driver,26,25-34,N,N,Y,Minor,N,N,Y,Moped or motorized bicycle,moped_or_motorized_bicycle,2024,2024,2024-02,Ward 1,reportdate
54227272654,24024978,54227391753,Driver,0,<16,N,N,N,None,N,N,N,Moped or motorized bicycle,moped_or_motorized_bicycle,2024,2024,2024-02,Ward 6,reportdate
54227272654,24024978,54227391755,Passenger,0,<16,N,N,N,None,N,N,N,Moped or motorized bicycle,moped_or_motorized_bicycle,2024,2024,2024-02,Ward 6,reportdate
54162536389,23175056,54162816626,Driver,35,35-44,N,N,N,None,N,N,N,Moped or motorized bicycle,moped_or_motorized_bicycle,2023,2023,2023-10,Ward 6,reportdate
54153718750,24022951,54153791161,Driver,23,16-24,N,N,N,None,N,N,N,Moped or motorized bicycle,moped_or_motorized_bicycle,2024,2024,2024-02,Ward 5,reportdate
54291992462,24026670,54292080859,Pedestrian,28,25-34,N,N,Y,Minor,N,N,N,Moped or motorized bicycle,moped_or_motorized_bicycle,2024,2024,2024-02,Ward 6,reportdate
54361751909,24028917,54377870155,Driver,0,<16,N,N,N,None,N,N,N,Moped or motorized bicycle,moped_or_motorized_bicycle,2024,2024,2024-02,Ward 1,reportdate
54378969977,24029259,54379013355,Driver,27,25-34,N,Y,N,Major,N,N,N,Moped or motorized bicycle,moped_or_motorized_bicycle,2024,2024,2024-02,Ward 5,reportdate
54378969977,24029259,54379013334,Driver,0,<16,N,N,Y,Minor,N,N,N,Moped or motorized bicycle,moped_or_motorized_bicycle,2024,2024,2024-02,Ward 5,reportdate
54306673496,24027233,54306697896,Driver,0,<16,N,N,Y,Minor,N,N,N,Moped or motorized bicycle,moped_or_motorized_bicycle,2024,2024,2024-02,Ward 2,reportdate
54315387829,24027501,54315894096,Driver,25,25-34,N,N,N,None,N,N,Y,Moped or motorized bicycle,moped_or_motorized_bicycle,2024,2024,2024-02,Ward 5,reportdate
54320373964,24027534,54321421810,Driver,24,16-24,N,N,N,None,N,N,Y,Moped or motorized bicycle,moped_or_motorized_bicycle,2024,2024,2024-02,Ward 1,reportdate
54323220910,24027797,54323303267,Driver,21,16-24,N,N,N,None,N,N,N,Moped or motorized bicycle,moped_or_motorized_bicycle,2024,2024,2024-02,Ward 1,reportdate
54340054075,24028179,54347668890,Driver,26,25-34,N,N,Y,Minor,N,N,N,Moped or motorized bicycle,moped_or_motorized_bicycle,2024,2024,2024-02,Ward 5,reportdate
54513689998,24030970,54514254188,Driver,0,<16,N,N,N,None,N,N,N,Moped or motorized bicycle,moped_or_motorized_bicycle,2024,2024,2024-02,Ward 6,reportdate
54513689998,24030970,54543295636,Driver,0,<16,N,N,N,None,N,N,N,Moped or motorized bicycle,moped_or_motorized_bicycle,2024,2024,2024-02,Ward 6,reportdate
54514488470,24031013,54514691396,Driver,0,<16,N,N,Y,Minor,N,N,N,Moped or motorized bicycle,moped_or_motorized_bicycle,2024,2024,2024-02,Ward 2,reportdate
54590012972,24034124,54590088611,Driver,56,55-64,N,N,Y,Minor,N,N,N,Moped or motorized bicycle,moped_or_motorized_bicycle,2024,2024,2024-03,Ward 1,reportdate
54591984272,24034225,54592069988,Driver,48,45-54,N,N,N,None,N,N,N,Moped or motorized bicycle,moped_or_motorized_bicycle,2024,2024,2024-03,Ward 2,reportdate
54572437874,24033399,54572497964,Driver,23,16-24,N,N,Y,Minor,N,N,N,Moped or motorized bicycle,moped_or_motorized_bicycle,2024,2024,2024-03,Ward 6,reportdate
54545878275,24032119,54546056235,Driver,23,16-24,N,N,N,None,N,N,N,Moped or motorized bicycle,moped_or_motorized_bicycle,2024,2024,2024-03,Ward 2,reportdate
54546307283,24032137,54546604749,Driver,0,<16,N,N,N,None,N,N,N,Moped or motorized bicycle,moped_or_motorized_bicycle,2024,2024,2024-03,Ward 1,reportdate
54566972430,24033158,54567134667,Driver,0,<16,N,N,N,None,N,N,N,Moped or motorized bicycle,moped_or_motorized_bicycle,2024,2024,2024-03,Ward 2,reportdate
54541584715,24031863,54541825570,Driver,32,25-34,N,N,Y,Minor,N,N,N,Moped or motorized bicycle,moped_or_motorized_bicycle,2024,2024,2024-03,Ward 1,reportdate
54645616444,24036485,54645646547,Driver,38,35-44,N,N,Y,Minor,N,N,N,Moped or motorized bicycle,moped_or_motorized_bicycle,2024,2024,2024-03,Ward 6,reportdate
54648904021,24036648,54649137272,Other,0,<16,N,N,N,None,N,N,N,Moped or motorized bicycle,moped_or_motorized_bicycle,2024,2024,2024-03,Ward 5,reportdate
54649910337,24036712,54671244641,Driver,0,<16,N,N,Y,Minor,N,N,N,Moped or motorized bicycle,moped_or_motorized_bicycle,2024,2024,2024-03,Ward 1,reportdate
54635603484,24035913,54636823073,Passenger,23,16-24,N,N,Y,Minor,N,N,N,Moped or motorized bicycle,moped_or_motorized_bicycle,2024,2024,2024-03,Ward 7,reportdate
54635603484,24035913,54636259382,Driver,36,35-44,N,N,Y,Minor,N,N,N,Moped or motorized bicycle,moped_or_motorized_bicycle,2024,2024,2024-03,Ward 7,reportdate
54622859536,24035194,54622970099,Driver,0,<16,N,N,Y,Minor,N,N,Y,Moped or motorized bicycle,moped_or_motorized_bicycle,2024,2024,2024-03,Ward 1,reportdate
54730557861,24039025,54730672011,Driver,22,16-24,N,Y,N,Major,N,N,N,Moped or motorized bicycle,moped_or_motorized_bicycle,2024,2024,2024-03,Ward 5,reportdate
54731111449,24038847,54742784997,Driver,29,25-34,N,N,N,None,N,N,Y,Moped or motorized bicycle,moped_or_motorized_bicycle,2024,2024,2024-03,Ward 2,reportdate
54681907755,24037517,54693191196,Driver,0,<16,N,N,N,None,N,N,N,Moped or motorized bicycle,moped_or_motorized_bicycle,2024,2024,2024-03,Ward 3,reportdate
54683942191,24037545,54691707525,Driver,22,16-24,N,N,N,None,N,N,Y,Moped or motorized bicycle,moped_or_motorized_bicycle,2024,2024,2024-03,Ward 4,reportdate
54702534046,24037965,54702561922,Driver,0,<16,N,N,N,None,N,N,N,Moped or motorized bicycle,moped_or_motorized_bicycle,2024,2024,2024-03,Ward 6,reportdate
54876328599,24042221,54881012225,Driver,0,<16,N,N,Y,Minor,N,N,N,Moped or motorized bicycle,moped_or_motorized_bicycle,2024,2024,2024-03,Ward 2,reportdate
54902755051,24042477,54903138824,Passenger,5,<16,N,N,Y,Minor,N,N,N,Moped or motorized bicycle,moped_or_motorized_bicycle,2024,2024,2024-03,Ward 8,reportdate
54902755051,24042477,54903138814,Driver,27,25-34,N,N,N,None,N,N,Y,Moped or motorized bicycle,moped_or_motorized_bicycle,2024,2024,2024-03,Ward 8,reportdate
54903590616,24042538,54903797843,Driver,29,25-34,N,N,Y,Minor,N,N,N,Moped or motorized bicycle,moped_or_motorized_bicycle,2024,2024,2024-03,Ward 2,reportdate
54744010932,24039648,54744057088,Driver,29,25-34,N,N,Y,Minor,N,N,N,Moped or motorized bicycle,moped_or_motorized_bicycle,2024,2024,2024-03,Ward 4,reportdate
54981933509,24044365,54981979938,Driver,21,16-24,N,N,N,None,N,N,Y,Moped or motorized bicycle,moped_or_motorized_bicycle,2024,2024,2024-03,Ward 1,reportdate
54976636574,24044178,54976785092,Driver,27,25-34,N,Y,N,Major,N,N,N,Moped or motorized bicycle,moped_or_motorized_bicycle,2024,2024,2024-03,Ward 1,reportdate
54945160584,24042907,54945440873,Driver,61,55-64,N,N,Y,Minor,N,N,N,Moped or motorized bicycle,moped_or_motorized_bicycle,2024,2024,2024-03,Ward 2,reportdate
54946975663,24043110,54947095181,Driver,28,25-34,N,N,N,None,N,N,N,Moped or motorized bicycle,moped_or_motorized_bicycle,2024,2024,2024-03,Ward 1,reportdate
55091786810,24047593,55092261509,Driver,20,16-24,N,N,Y,Minor,N,N,Y,Moped or motorized bicycle,moped_or_motorized_bicycle,2024,2024,2024-03,Ward 2,reportdate
55096384764,24047826,55096457199,Driver,26,25-34,N,N,Y,Minor,N,N,N,Moped or motorized bicycle,moped_or_motorized_bicycle,2024,2024,2024-03,Ward 6,reportdate
55096446080,24047831,55096896576,Other,40,35-44,N,N,Y,Minor,N,N,N,Moped or motorized bicycle,moped_or_motorized_bicycle,2024,2024,2024-03,Ward 6,reportdate
55096856561,24047718,55096908672,Driver,64,55-64,N,N,N,None,N,N,N,Moped or motorized bicycle,moped_or_motorized_bicycle,2024,2024,2024-03,Ward 2,reportdate
55009716468,24045567,55010074488,Driver,30,25-34,N,N,Y,Minor,N,N,N,Moped or motorized bicycle,moped_or_motorized_bicycle,2024,2024,2024-03,Ward 5,reportdate
55187805522,24050145,55187848503,Driver,45,45-54,N,N,N,None,N,N,Y,Moped or motorized bicycle,moped_or_motorized_bicycle,2024,2024,2024-04,Ward 1,reportdate
55133497020,24048902,55133543132,Driver,31,25-34,N,N,Y,Minor,N,N,N,Moped or motorized bicycle,moped_or_motorized_bicycle,2024,2024,2024-04,Ward 1,reportdate
55133497910,24048720,55133653970,Driver,26,25-34,N,N,N,None,N,N,Y,Moped or motorized bicycle,moped_or_motorized_bicycle,2024,2024,2024-04,Ward 1,reportdate
55158614632,24049632,55159176968,Driver,53,45-54,N,N,N,None,N,N,Y,Moped or motorized bicycle,moped_or_motorized_bicycle,2024,2024,2024-04,Ward 2,reportdate
55166108255,24046280,55167228114,Bicyclist,43,35-44,N,N,N,None,N,N,N,Moped or motorized bicycle,moped_or_motorized_bicycle,2024,2024,2024-03,Ward 6,reportdate
55108773528,24048096,55109175873,Driver,5,<16,N,N,Y,Minor,N,N,N,Moped or motorized bicycle,moped_or_motorized_bicycle,2024,2024,2024-03,Ward 2,reportdate
55114589551,24047355,55114666429,Driver,0,<16,N,N,N,None,N,N,N,Moped or motorized bicycle,moped_or_motorized_bicycle,2024,2024,2024-03,Ward 6,reportdate
55230458690,24050779,55230732815,Driver,21,16-24,N,N,N,None,N,N,N,Moped or motorized bicycle,moped_or_motorized_bicycle,2024,2024,2024-04,Ward 6,reportdate
55322789294,24053242,55325832157,Driver,0,<16,N,N,N,None,N,N,N,Moped or motorized bicycle,moped_or_motorized_bicycle,2024,2024,2024-04,Ward 2,reportdate
55218796191,24051064,55218844689,Driver,25,25-34,N,N,N,None,N,N,N,Moped or motorized bicycle,moped_or_motorized_bicycle,2024,2024,2024-04,Ward 1,reportdate
55218954992,24050266,55219114918,Driver,70,65+,N,N,Y,Minor,N,N,N,Moped or motorized bicycle,moped_or_motorized_bicycle,2024,2024,2024-04,Ward 2,reportdate
55457454313,24056057,55457553176,Driver,20,16-24,N,N,N,None,N,N,N,Moped or motorized bicycle,moped_or_motorized_bicycle,2024,2024,2024-04,Ward 2,reportdate
55461992826,24055570,55462207711,Other,28,25-34,N,N,Y,Minor,N,N,N,Moped or motorized bicycle,moped_or_motorized_bicycle,2024,2024,2024-04,Ward 2,reportdate
55431154586,24054993,55431648157,Driver,0,<16,N,N,N,None,N,N,N,Moped or motorized bicycle,moped_or_motorized_bicycle,2024,2024,2024-04,Ward 1,reportdate
55476328354,24056536,55476431983,Driver,37,35-44,N,N,Y,Minor,N,N,Y,Moped or motorized bicycle,moped_or_motorized_bicycle,2024,2024,2024-04,Ward 2,reportdate
55605220953,24058891,55605268158,Driver,28,25-34,N,Y,N,Major,N,N,N,Moped or motorized bicycle,moped_or_motorized_bicycle,2024,2024,2024-04,Ward 8,reportdate
55500790898,24057066,55500969127,Bicyclist,0,<16,N,N,N,None,N,N,N,Moped or motorized bicycle,moped_or_motorized_bicycle,2024,2024,2024-04,Ward 4,reportdate
55537117898,24057757,55538027416,Driver,47,45-54,N,N,Y,Minor,N,N,N,Moped or motorized bicycle,moped_or_motorized_bicycle,2024,2024,2024-04,Ward 2,reportdate
55655071006,24060898,55655135314,Driver,0,<16,N,N,N,None,N,N,N,Moped or motorized bicycle,moped_or_motorized_bicycle,2024,2024,2024-04,Ward 1,reportdate
55659310768,24060708,55659498868,Other,36,35-44,N,N,N,None,N,N,N,Moped or motorized bicycle,moped_or_motorized_bicycle,2024,2024,2024-04,Ward 1,reportdate
55664137499,24061158,55664248739,Driver,0,<16,N,N,N,None,N,N,N,Moped or motorized bicycle,moped_or_motorized_bicycle,2024,2024,2024-04,Ward 2,reportdate
55669249349,24061337,55669363933,Driver,0,<16,N,N,N,None,N,N,N,Moped or motorized bicycle,moped_or_motorized_bicycle,2024,2024,2024-04,Ward 6,reportdate
55669367248,24061468,55669399387,Driver,0,<16,N,N,N,None,N,N,N,Moped or motorized bicycle,moped_or_motorized_bicycle,2024,2024,2024-04,Ward 1,reportdate
55669599390,24061481,55669685200,Driver,0,<16,N,N,N,None,N,N,N,Moped or motorized bicycle,moped_or_motorized_bicycle,2024,2024,2024-04,Ward 1,reportdate
55675975702,24061658,55676595606,Driver,60,55-64,N,N,Y,Minor,N,N,N,Moped or motorized bicycle,moped_or_motorized_bicycle,2024,2024,2024-04,Ward 4,reportdate
55640561975,24060239,55641092432,Driver,16,16-24,N,N,N,None,N,N,N,Moped or motorized bicycle,moped_or_motorized_bicycle,2024,2024,2024-04,Ward 1,reportdate
55647137948,24060541,55647230043,Bicyclist,23,16-24,N,N,N,None,N,N,Y,Moped or motorized bicycle,moped_or_motorized_bicycle,2024,2024,2024-04,Ward 2,reportdate
55721461557,24063891,55721578030,Driver,24,16-24,N,N,N,None,N,N,Y,Moped or motorized bicycle,moped_or_motorized_bicycle,2024,2024,2024-04,Ward 6,reportdate
55727622852,24064057,55727842757,Driver,16,16-24,N,N,N,None,N,N,N,Moped or motorized bicycle,moped_or_motorized_bicycle,2024,2024,2024-04,Ward 8,reportdate
55695526608,24062536,55695611869,Passenger,33,25-34,N,Y,N,Major,N,N,N,Moped or motorized bicycle,moped_or_motorized_bicycle,2024,2024,2024-04,Ward 7,reportdate
55696101594,24062689,55696738338,Driver,21,16-24,N,N,Y,Minor,N,N,N,Moped or motorized bicycle,moped_or_motorized_bicycle,2024,2024,2024-04,Ward 5,reportdate
55679659939,24061838,55679729788,Driver,0,<16,N,N,N,None,N,N,N,Moped or motorized bicycle,moped_or_motorized_bicycle,2024,2024,2024-04,Ward 1,reportdate
55824253383,24066267,55854321566,Driver,35,35-44,N,N,Y,Minor,N,N,N,Moped or motorized bicycle,moped_or_motorized_bicycle,2024,2024,2024-05,Ward 6,reportdate
55847222462,24066898,55847327855,Driver,23,16-24,N,N,Y,Minor,N,N,N,Moped or motorized bicycle,moped_or_motorized_bicycle,2024,2023,2023-05,Ward 6,reportdate
55850396861,24066918,55850480746,Driver,19,16-24,N,N,Y,Minor,N,N,N,Moped or motorized bicycle,moped_or_motorized_bicycle,2024,2024,2024-05,Ward 6,reportdate
55748160116,24065071,55748737503,Other,20,16-24,N,N,N,None,N,N,N,Moped or motorized bicycle,moped_or_motorized_bicycle,2024,2024,2024-05,Ward 1,reportdate
55751375766,24065173,55751532892,Driver,58,55-64,N,N,N,None,N,N,N,Moped or motorized bicycle,moped_or_motorized_bicycle,2024,2024,2024-05,Ward 5,reportdate
55763468093,24047256,55763518339,Driver,30,25-34,N,N,N,None,N,N,N,Moped or motorized bicycle,moped_or_motorized_bicycle,2024,2024,2024-03,Ward 7,reportdate
55995561432,24069118,55995661118,Driver,60,55-64,N,N,Y,Minor,N,N,N,Moped or motorized bicycle,moped_or_motorized_bicycle,2024,2024,2024-05,Ward 1,reportdate
55997230039,24069166,55997333115,Passenger,19,16-24,N,Y,N,Major,N,N,N,Moped or motorized bicycle,moped_or_motorized_bicycle,2024,2024,2024-05,Ward 7,reportdate
55997230039,24069166,55997333016,Driver,17,16-24,N,N,Y,Minor,N,N,N,Moped or motorized bicycle,moped_or_motorized_bicycle,2024,2024,2024-05,Ward 7,reportdate
55947383948,24068191,55948120684,Driver,27,25-34,N,N,Y,Minor,N,N,N,Moped or motorized bicycle,moped_or_motorized_bicycle,2024,2024,2024-05,Ward 1,reportdate
55974711854,24068374,55976326988,Driver,0,<16,N,N,N,None,N,N,N,Moped or motorized bicycle,moped_or_motorized_bicycle,2024,2024,2024-05,Ward 5,reportdate
56072201200,24072237,56072292197,Driver,0,<16,N,N,N,None,N,N,Y,Moped or motorized bicycle,moped_or_motorized_bicycle,2024,2024,2024-05,Ward 6,reportdate
56073647719,24072230,56073694950,Driver,0,<16,N,N,N,None,N,N,Y,Moped or motorized bicycle,moped_or_motorized_bicycle,2024,2024,2024-05,Ward 2,reportdate
56076489150,24072400,56076660623,Passenger,31,25-34,N,N,Y,Minor,N,N,N,Moped or motorized bicycle,moped_or_motorized_bicycle,2024,2024,2024-05,Ward 1,reportdate
56076489150,24072400,56076622717,Driver,23,16-24,N,N,Y,Minor,N,N,N,Moped or motorized bicycle,moped_or_motorized_bicycle,2024,2024,2024-05,Ward 1,reportdate
56077072109,24072504,56167311638,Driver,0,<16,N,N,N,None,N,N,N,Moped or motorized bicycle,moped_or_motorized_bicycle,2024,2024,2024-05,Ward 5,reportdate
56077683288,24072552,56077820563,Driver,33,25-34,N,N,Y,Minor,N,Y,Y,Moped or motorized bicycle,moped_or_motorized_bicycle,2024,2024,2024-05,Ward 2,reportdate
56080942115,24072623,56081003053,Driver,24,16-24,N,N,Y,Minor,N,N,N,Moped or motorized bicycle,moped_or_motorized_bicycle,2024,2024,2024-05,Ward 4,reportdate
56080942115,24072623,56081245707,Passenger,35,35-44,N,Y,N,Major,N,N,N,Moped or motorized bicycle,moped_or_motorized_bicycle,2024,2024,2024-05,Ward 4,reportdate
56086932515,24072887,56087044026,Driver,0,<16,N,N,N,None,N,N,N,Moped or motorized bicycle,moped_or_motorized_bicycle,2024,2024,2024-05,Ward 2,reportdate
56087810117,24071790,56088958203,Driver,0,<16,N,N,N,None,N,N,N,Moped or motorized bicycle,moped_or_motorized_bicycle,2024,2024,2024-05,Ward 4,reportdate
56064812356,24072002,56064871724,Driver,18,16-24,N,N,Y,Minor,N,N,N,Moped or motorized bicycle,moped_or_motorized_bicycle,2024,2024,2024-05,Ward 1,reportdate
56040100794,24070602,56040181639,Driver,0,<16,N,N,N,None,N,N,N,Moped or motorized bicycle,moped_or_motorized_bicycle,2024,2024,2024-05,Ward 6,reportdate
56042774636,24070703,56042840251,Driver,33,25-34,N,N,Y,Minor,N,N,Y,Moped or motorized bicycle,moped_or_motorized_bicycle,2024,2024,2024-05,Ward 3,reportdate
56061002128,24071669,56061090585,Driver,0,<16,N,N,N,None,N,N,N,Moped or motorized bicycle,moped_or_motorized_bicycle,2024,2024,2024-05,Ward 1,reportdate
56153596989,24073589,56158878857,Driver,0,<16,N,N,N,None,N,N,N,Moped or motorized bicycle,moped_or_motorized_bicycle,2024,2024,2024-05,Ward 5,reportdate
56178830939,24074741,56361558129,Driver,0,<16,N,N,N,None,N,N,N,Moped or motorized bicycle,moped_or_motorized_bicycle,2024,2024,2024-05,Ward 5,reportdate
56231109804,24075840,56231811187,Driver,28,25-34,N,N,Y,Minor,N,N,N,Moped or motorized bicycle,moped_or_motorized_bicycle,2024,2024,2024-05,Ward 1,reportdate
56231109804,24075840,56231811432,Passenger,15,<16,N,N,Y,Minor,N,N,N,Moped or motorized bicycle,moped_or_motorized_bicycle,2024,2024,2024-05,Ward 1,reportdate
56089645154,24071925,56089711430,Driver,24,16-24,N,N,Y,Minor,N,N,N,Moped or motorized bicycle,moped_or_motorized_bicycle,2024,2024,2024-05,Ward 5,reportdate
56099761321,24073478,56099893217,Driver,28,25-34,N,N,N,None,N,N,N,Moped or motorized bicycle,moped_or_motorized_bicycle,2024,2024,2024-05,Ward 6,reportdate
56099761321,24073478,56099893232,Driver,27,25-34,N,N,N,None,N,N,N,Moped or motorized bicycle,moped_or_motorized_bicycle,2024,2024,2024-05,Ward 6,reportdate
56256162565,24076201,56258923062,Driver,29,25-34,N,N,Y,Minor,N,N,Y,Moped or motorized bicycle,moped_or_motorized_bicycle,2024,2024,2024-05,Ward 2,reportdate
56263160909,24076252,56263256085,Driver,24,16-24,N,N,Y,Minor,N,N,N,Moped or motorized bicycle,moped_or_motorized_bicycle,2024,2024,2024-05,Ward 2,reportdate
56398615495,24078059,56398822527,Driver,0,<16,N,N,N,None,N,Y,N,Moped or motorized bicycle,moped_or_motorized_bicycle,2024,2024,2024-05,Ward 7,reportdate
56466170641,24077147,56466274778,Driver,42,35-44,N,N,Y,Minor,N,N,N,Moped or motorized bicycle,moped_or_motorized_bicycle,2024,2024,2024-05,Ward 6,reportdate
56591337332,24084648,56591407893,Driver,33,25-34,N,Y,N,Major,N,N,N,Moped or motorized bicycle,moped_or_motorized_bicycle,2024,2024,2024-06,Ward 6,reportdate
56452755859,24080930,56452882653,Driver,0,<16,N,N,N,None,N,N,N,Moped or motorized bicycle,moped_or_motorized_bicycle,2024,2024,2024-05,Ward 1,reportdate
56475071496,24082303,56475626101,Driver,0,<16,N,N,N,None,N,N,N,Moped or motorized bicycle,moped_or_motorized_bicycle,2024,2024,2024-05,Ward 6,reportdate
56417418035,24079100,56417449766,Driver,37,35-44,N,N,Y,Minor,N,N,N,Moped or motorized bicycle,moped_or_motorized_bicycle,2024,2024,2024-05,Ward 4,reportdate
56417418035,24079100,56417463788,Passenger,50,45-54,N,N,Y,Minor,N,N,N,Moped or motorized bicycle,moped_or_motorized_bicycle,2024,2024,2024-05,Ward 4,reportdate
56379867391,24077760,56380229861,Driver,0,<16,N,N,N,None,N,N,N,Moped or motorized bicycle,moped_or_motorized_bicycle,2024,2024,2024-05,Ward 2,reportdate
56398383068,24078028,56398615612,Driver,15,<16,N,N,Y,Minor,N,N,N,Moped or motorized bicycle,moped_or_motorized_bicycle,2024,2024,2024-05,Ward 2,reportdate
56466803285,24080507,56467359360,Passenger,37,35-44,N,N,Y,Minor,N,N,N,Moped or motorized bicycle,moped_or_motorized_bicycle,2024,2024,2024-05,Ward 4,reportdate
56422312721,24079287,56422492314,Driver,0,<16,N,N,Y,Minor,N,N,N,Moped or motorized bicycle,moped_or_motorized_bicycle,2024,2024,2024-05,Ward 6,reportdate
55982795701,24068547,55982943008,Other,37,35-44,N,N,Y,Minor,N,N,N,Moped or motorized bicycle,moped_or_motorized_bicycle,2024,2024,2024-05,Ward 2,reportdate
56194980459,24075174,56268208429,Driver,0,<16,N,N,Y,Minor,N,N,N,Moped or motorized bicycle,moped_or_motorized_bicycle,2024,2024,2024-05,Ward 2,reportdate
56562740082,24084113,56563210880,Driver,0,<16,N,N,N,None,N,N,N,Moped or motorized bicycle,moped_or_motorized_bicycle,2024,2024,2024-06,Ward 5,reportdate
56581791506,24083983,56582226547,Driver,23,16-24,N,N,Y,Minor,N,N,N,Moped or motorized bicycle,moped_or_motorized_bicycle,2024,2024,2024-06,Ward 1,reportdate
56488518332,24082577,56491767789,Driver,0,<16,N,N,N,None,N,N,N,Moped or motorized bicycle,moped_or_motorized_bicycle,2024,2024,2024-06,Ward 1,reportdate
56478567085,24082406,56478622354,Driver,0,<16,N,N,N,None,N,N,N,Moped or motorized bicycle,moped_or_motorized_bicycle,2024,2024,2024-05,Ward 4,reportdate
56629320260,24087183,56629395387,Driver,19,16-24,N,N,N,None,N,N,Y,Moped or motorized bicycle,moped_or_motorized_bicycle,2024,2024,2024-06,Ward 4,reportdate
56636141993,24086379,56636168508,Driver,24,16-24,N,N,Y,Minor,N,N,N,Moped or motorized bicycle,moped_or_motorized_bicycle,2024,2024,2024-06,Ward 1,reportdate
56600007924,24085575,56600277336,Bicyclist,27,25-34,N,N,Y,Minor,N,N,N,Moped or motorized bicycle,moped_or_motorized_bicycle,2024,2024,2024-06,Ward 2,reportdate
56610134377,24086094,56610221771,Driver,31,25-34,N,N,Y,Minor,N,N,N,Moped or motorized bicycle,moped_or_motorized_bicycle,2024,2024,2024-06,Ward 6,reportdate
56620651098,24086730,56621012304,Driver,36,35-44,N,N,Y,Minor,N,N,N,Moped or motorized bicycle,moped_or_motorized_bicycle,2024,2024,2024-06,Ward 8,reportdate
56764949043,24088603,56765276255,Driver,31,25-34,N,N,Y,Minor,N,N,N,Moped or motorized bicycle,moped_or_motorized_bicycle,2024,2024,2024-06,Ward 7,reportdate
56666151019,24087948,56666951016,Driver,0,<16,N,N,Y,Minor,N,N,N,Moped or motorized bicycle,moped_or_motorized_bicycle,2024,2024,2024-06,Ward 3,reportdate
56868215917,24090555,56869738029,Driver,0,<16,N,N,N,None,N,N,N,Moped or motorized bicycle,moped_or_motorized_bicycle,2024,2024,2024-06,Ward 1,reportdate
56911040382,24092427,56911145456,Driver,0,<16,N,N,N,None,N,N,N,Moped or motorized bicycle,moped_or_motorized_bicycle,2024,2024,2024-06,Ward 1,reportdate
56869213784,24090547,56874736332,Driver,46,45-54,N,N,Y,Minor,N,N,N,Moped or motorized bicycle,moped_or_motorized_bicycle,2024,2024,2024-06,Ward 7,reportdate
57030703564,24095511,57032012237,Driver,23,16-24,N,N,Y,Minor,N,N,N,Moped or motorized bicycle,moped_or_motorized_bicycle,2024,2024,2024-06,Ward 5,reportdate
57058380113,24095883,57058924160,Driver,54,45-54,N,N,Y,Minor,N,N,N,Moped or motorized bicycle,moped_or_motorized_bicycle,2024,2024,2024-06,Ward 5,reportdate
57073600773,24096057,57073877367,Other,35,35-44,N,N,N,None,N,N,N,Moped or motorized bicycle,moped_or_motorized_bicycle,2024,2024,2024-06,Ward 4,reportdate
56974571604,24094190,56975847896,Driver,28,25-34,N,Y,N,Major,N,N,N,Moped or motorized bicycle,moped_or_motorized_bicycle,2024,2024,2024-06,Ward 7,reportdate
56974775748,24094220,56974807137,Driver,37,35-44,N,N,Y,Minor,N,N,N,Moped or motorized bicycle,moped_or_motorized_bicycle,2024,2024,2024-06,Ward 1,reportdate
57012063344,24094461,57022541324,Driver,26,25-34,N,N,Y,Minor,N,N,N,Moped or motorized bicycle,moped_or_motorized_bicycle,2024,2024,2024-06,Ward 2,reportdate
57017461762,24094786,57018320729,Driver,41,35-44,N,N,Y,Minor,N,N,N,Moped or motorized bicycle,moped_or_motorized_bicycle,2024,2024,2024-06,Ward 3,reportdate
57017461762,24094786,57018274430,Passenger,38,35-44,N,N,Y,Minor,N,N,N,Moped or motorized bicycle,moped_or_motorized_bicycle,2024,2024,2024-06,Ward 3,reportdate
56921037547,24093482,56921071033,Driver,43,35-44,N,Y,N,Major,N,N,N,Moped or motorized bicycle,moped_or_motorized_bicycle,2024,2024,2024-06,Ward 1,reportdate
56921186833,24093627,56921304407,Driver,35,35-44,N,Y,N,Major,N,N,N,Moped or motorized bicycle,moped_or_motorized_bicycle,2024,2024,2024-06,Ward 4,reportdate
57196811626,24098895,57197331699,Driver,37,35-44,N,N,Y,Minor,N,N,N,Moped or motorized bicycle,moped_or_motorized_bicycle,2024,2024,2024-06,Ward 5,reportdate
26797761861,21105637,26799095344,Driver,0,<16,N,N,N,None,N,N,N,Moped/Scooter,moped_scooter,2021,2021,2021-07,Ward 1,reportdate
26797761861,21105637,34557894103,Driver,0,<16,N,N,N,None,N,N,N,Moped/Scooter,moped_scooter,2021,2021,2021-07,Ward 1,reportdate
57159499538,24096868,57159725712,Driver,23,16-24,N,N,N,None,N,N,N,Moped or motorized bicycle,moped_or_motorized_bicycle,2024,2024,2024-06,Ward 6,reportdate
49604124378,23074935,49920963772,Driver,35,35-44,N,N,Y,Minor,N,N,N,Moped or motorized bicycle,moped_or_motorized_bicycle,2023,2023,2023-05,Ward 1,reportdate
48200843269,23049371,48222981420,Driver,53,45-54,N,Y,N,Major,N,N,N,Moped or motorized bicycle,moped_or_motorized_bicycle,2023,2023,2023-03,Ward 7,reportdate
52517864933,23164485,52518817747,Driver,0,<16,N,N,N,None,N,N,N,Moped or motorized bicycle,moped_or_motorized_bicycle,2023,2023,2023-10,Ward 6,reportdate
52174401080,23144923,52174445627,Driver,27,25-34,N,N,N,None,N,N,N,Moped or motorized bicycle,moped_or_motorized_bicycle,2023,2023,2023-09,Ward 8,reportdate
52841308213,23178423,52841555831,Driver,34,25-34,N,N,Y,Minor,N,N,N,Moped or motorized bicycle,moped_or_motorized_bicycle,2023,2023,2023-10,Ward 6,reportdate
52847652863,23179043,52847766535,Driver,23,16-24,N,N,Y,Minor,N,N,N,Moped or motorized bicycle,moped_or_motorized_bicycle,2023,2023,2023-10,Ward 2,reportdate
56454477938,24081188,56456616852,Driver,40,35-44,N,Y,N,Major,N,N,N,Moped or motorized bicycle,moped_or_motorized_bicycle,2024,2024,2024-05,Ward 5,reportdate
52809386964,23176610,52810069811,Driver,26,25-34,N,N,Y,Minor,N,N,N,Moped or motorized bicycle,moped_or_motorized_bicycle,2023,2023,2023-10,Ward 1,reportdate
52318831874,23153709,52319218471,Driver,0,<16,N,N,N,None,N,N,N,Moped or motorized bicycle,moped_or_motorized_bicycle,2023,2023,2023-09,Ward 4,reportdate
52318831874,23153709,52319218473,Passenger,0,<16,N,N,N,None,N,N,N,Moped or motorized bicycle,moped_or_motorized_bicycle,2023,2023,2023-09,Ward 4,reportdate
55767211559,24065735,56095483350,Passenger,39,35-44,N,N,Y,Minor,N,N,N,Moped or motorized bicycle,moped_or_motorized_bicycle,2024,2024,2024-05,Ward 5,reportdate
55653548834,24060827,57216631996,Driver,25,25-34,N,N,N,None,N,N,N,Moped or motorized bicycle,moped_or_motorized_bicycle,2024,2024,2024-04,Ward 1,reportdate
57172137533,24097739,57172371436,Driver,0,<16,N,N,N,None,N,N,N,Moped or motorized bicycle,moped_or_motorized_bicycle,2024,2024,2024-06,Ward 2,reportdate
57453972786,24103534,57454768172,Driver,25,25-34,N,N,Y,Minor,N,N,N,Moped or motorized bicycle,moped_or_motorized_bicycle,2024,2024,2024-07,Ward 2,reportdate
57457174195,24103833,57457323168,Driver,18,16-24,N,N,Y,Minor,N,N,N,Moped or motorized bicycle,moped_or_motorized_bicycle,2024,2024,2024-07,Ward 7,reportdate
57526474740,24106082,57526930451,Driver,59,55-64,N,N,Y,Minor,N,N,N,Moped or motorized bicycle,moped_or_motorized_bicycle,2024,2024,2024-07,Ward 8,reportdate
57534277064,24106162,57549045128,Driver,0,<16,N,N,N,None,N,N,N,Moped or motorized bicycle,moped_or_motorized_bicycle,2024,2024,2024-07,Ward 5,reportdate
57563199283,24106994,57564812483,Driver,26,25-34,N,N,Y,Minor,N,N,N,Moped or motorized bicycle,moped_or_motorized_bicycle,2024,2024,2024-07,Ward 3,reportdate
57565387850,24107026,57565906454,Driver,0,<16,N,N,N,None,N,N,N,Moped or motorized bicycle,moped_or_motorized_bicycle,2024,2024,2024-07,Ward 8,reportdate
57505289003,24105290,57505413022,Driver,25,25-34,N,N,N,None,N,N,N,Moped or motorized bicycle,moped_or_motorized_bicycle,2024,2024,2024-07,Ward 3,reportdate
57497552592,24104778,57497667543,Driver,30,25-34,N,N,Y,Minor,N,N,Y,Moped or motorized bicycle,moped_or_motorized_bicycle,2024,2024,2024-07,Ward 4,reportdate
57686066682,24109439,57694648175,Driver,0,<16,N,N,N,None,N,N,N,Moped or motorized bicycle,moped_or_motorized_bicycle,2024,2024,2024-07,Ward 4,reportdate
57694316685,24109403,57695388262,Driver,0,<16,N,N,N,None,N,N,N,Moped or motorized bicycle,moped_or_motorized_bicycle,2024,2024,2024-07,Ward 2,reportdate
57760279403,24110333,57760416758,Bicyclist,41,35-44,N,N,Y,Minor,N,N,N,Moped or motorized bicycle,moped_or_motorized_bicycle,2024,2024,2024-07,Ward 1,reportdate
57781484550,24110806,57784359829,Driver,0,<16,N,N,Y,Minor,N,N,N,Moped or motorized bicycle,moped_or_motorized_bicycle,2024,2024,2024-07,Ward 2,reportdate
57610329800,24107899,57610549287,Driver,22,16-24,N,N,Y,Minor,N,N,N,Moped or motorized bicycle,moped_or_motorized_bicycle,2024,2024,2024-07,Ward 6,reportdate
57610329800,24107899,57610634667,Passenger,37,35-44,N,N,Y,Minor,N,N,N,Moped or motorized bicycle,moped_or_motorized_bicycle,2024,2024,2024-07,Ward 6,reportdate
57632173741,24108347,57632264734,Driver,24,16-24,N,N,N,None,N,N,Y,Moped or motorized bicycle,moped_or_motorized_bicycle,2024,2024,2024-07,Ward 6,reportdate
57634393796,24108393,57636506630,Driver,0,<16,N,N,N,None,N,N,N,Moped or motorized bicycle,moped_or_motorized_bicycle,2024,2024,2024-07,Ward 7,reportdate
57634393796,24108393,57636506633,Passenger,0,<16,N,N,N,None,N,N,N,Moped or motorized bicycle,moped_or_motorized_bicycle,2024,2024,2024-07,Ward 7,reportdate
57659909068,24109073,57659970316,Driver,22,16-24,N,N,Y,Minor,N,N,Y,Moped or motorized bicycle,moped_or_motorized_bicycle,2024,2024,2024-07,Ward 5,reportdate
57661595478,24109144,57661703170,Bicyclist,31,25-34,N,N,Y,Minor,N,N,N,Moped or motorized bicycle,moped_or_motorized_bicycle,2024,2024,2024-07,Ward 2,reportdate
57661733544,24108470,57662125832,Driver,21,16-24,N,N,Y,Minor,N,N,Y,Moped or motorized bicycle,moped_or_motorized_bicycle,2024,2024,2024-07,Ward 6,reportdate
57899327031,24113619,57899523686,Bicyclist,0,<16,N,N,N,None,N,N,N,Moped or motorized bicycle,moped_or_motorized_bicycle,2024,2024,2024-07,Ward 4,reportdate
57900751968,24113799,57901170284,Driver,26,25-34,N,N,Y,Minor,N,N,N,Moped or motorized bicycle,moped_or_motorized_bicycle,2024,2024,2024-07,Ward 2,reportdate
57803071032,24110734,57803914055,Driver,23,16-24,N,N,N,None,N,N,N,Moped or motorized bicycle,moped_or_motorized_bicycle,2024,2024,2024-07,Ward 2,reportdate
57942951715,24114572,57943583902,Driver,0,<16,N,N,N,None,N,Y,N,Moped or motorized bicycle,moped_or_motorized_bicycle,2024,2024,2024-07,Ward 7,reportdate
56074940883,24072391,56075116681,Driver,21,16-24,N,N,Y,Minor,N,N,N,Moped or motorized bicycle,moped_or_motorized_bicycle,2024,2024,2024-05,Ward 2,reportdate
57946934307,24115259,57946995386,Driver,0,<16,N,N,Y,Minor,N,N,N,Moped or motorized bicycle,moped_or_motorized_bicycle,2024,2024,2024-07,Ward 5,reportdate
57943698102,24114853,57961743218,Driver,0,<16,N,Y,N,Major,N,N,N,Moped or motorized bicycle,moped_or_motorized_bicycle,2024,2024,2024-07,Ward 6,reportdate
57965112577,24116108,57965149625,Driver,17,16-24,N,N,N,None,N,N,N,Moped or motorized bicycle,moped_or_motorized_bicycle,2024,2024,2024-07,Ward 1,reportdate
57839951535,24111733,57840045365,Bicyclist,20,16-24,N,N,Y,Minor,N,N,Y,Moped or motorized bicycle,moped_or_motorized_bicycle,2024,2021,2021-07,Ward 6,reportdate
57841576172,24111806,57841718372,Driver,31,25-34,N,N,Y,Minor,N,N,Y,Moped or motorized bicycle,moped_or_motorized_bicycle,2024,2024,2024-07,Ward 5,reportdate
57842252169,24111818,57842300322,Driver,30,25-34,N,Y,N,Major,N,N,N,Moped or motorized bicycle,moped_or_motorized_bicycle,2024,2024,2024-07,Ward 5,reportdate
57841576172,24111806,57853626676,Passenger,13,<16,N,N,N,None,N,N,N,Moped or motorized bicycle,moped_or_motorized_bicycle,2024,2024,2024-07,Ward 5,reportdate
57842319561,24111963,57956333177,Driver,39,35-44,N,N,N,None,N,N,N,Moped or motorized bicycle,moped_or_motorized_bicycle,2024,2024,2024-07,Ward 2,reportdate
57417312272,24103026,57419224647,Driver,28,25-34,N,N,Y,Minor,N,N,Y,Moped or motorized bicycle,moped_or_motorized_bicycle,2024,2024,2024-07,Ward 3,reportdate
57579955625,24106492,57581677292,Driver,16,16-24,Y,N,N,Fatal,N,Y,N,Moped or motorized bicycle,moped_or_motorized_bicycle,2024,2024,2024-07,Ward 8,reportdate
57579955625,24106492,57581739191,Passenger,17,16-24,N,Y,N,Major,N,N,N,Moped or motorized bicycle,moped_or_motorized_bicycle,2024,2024,2024-07,Ward 8,reportdate
57991352854,24117261,57991431735,Driver,34,25-34,N,N,N,None,N,N,N,Moped or motorized bicycle,moped_or_motorized_bicycle,2024,2024,2024-07,Ward 4,reportdate
58120086470,24118212,58120726569,Driver,30,25-34,N,N,N,None,N,N,N,Moped or motorized bicycle,moped_or_motorized_bicycle,2024,2024,2024-08,Ward 2,reportdate
58120701766,24119372,58120758698,Driver,41,35-44,N,N,Y,Minor,N,N,N,Moped or motorized bicycle,moped_or_motorized_bicycle,2024,2024,2024-08,Ward 8,reportdate
57993552199,24117450,57993615224,Driver,29,25-34,N,N,Y,Minor,N,N,N,Moped or motorized bicycle,moped_or_motorized_bicycle,2024,2024,2024-08,Ward 6,reportdate
57997596883,24117223,57998502153,Driver,0,<16,N,N,N,None,N,N,Y,Moped or motorized bicycle,moped_or_motorized_bicycle,2024,2024,2024-07,Ward 6,reportdate
58003836961,24114122,58003931593,Driver,29,25-34,N,N,Y,Minor,N,N,N,Moped or motorized bicycle,moped_or_motorized_bicycle,2024,2024,2024-07,Ward 1,reportdate
58004039007,24117922,58004096650,Other,29,25-34,N,N,N,None,N,N,N,Moped or motorized bicycle,moped_or_motorized_bicycle,2024,2024,2024-08,Ward 1,reportdate
58006851746,24118108,58007310637,Driver,23,16-24,N,N,Y,Minor,N,N,N,Moped or motorized bicycle,moped_or_motorized_bicycle,2024,2024,2024-08,Ward 4,reportdate
58006851746,24118108,58007327826,Passenger,24,16-24,N,N,Y,Minor,N,N,N,Moped or motorized bicycle,moped_or_motorized_bicycle,2024,2024,2024-08,Ward 4,reportdate
58014476862,24118323,58015129803,Driver,0,<16,N,N,N,None,N,N,N,Moped or motorized bicycle,moped_or_motorized_bicycle,2024,2024,2024-08,Ward 2,reportdate
58284475333,24122373,58284530603,Driver,33,25-34,N,N,Y,Minor,N,N,N,Moped or motorized bicycle,moped_or_motorized_bicycle,2024,2024,2024-08,Ward 7,reportdate
58247763555,24121558,58260358730,Driver,0,<16,N,N,N,None,N,N,N,Moped or motorized bicycle,moped_or_motorized_bicycle,2024,2024,2024-08,Ward 5,reportdate
58144275449,24120415,58144984732,Driver,0,<16,N,N,N,None,N,N,N,Moped or motorized bicycle,moped_or_motorized_bicycle,2024,2024,2024-08,Ward 6,reportdate
58147525284,24120695,58158901174,Driver,0,<16,N,N,Y,Minor,N,N,N,Moped or motorized bicycle,moped_or_motorized_bicycle,2024,2024,2024-08,Ward 5,reportdate
58175015081,24120630,58179491743,Driver,0,<16,N,N,Y,Minor,N,N,N,Moped or motorized bicycle,moped_or_motorized_bicycle,2024,2024,2024-08,Ward 5,reportdate
58203557959,24120610,58207290249,Driver,27,25-34,N,N,Y,Minor,N,N,N,Moped or motorized bicycle,moped_or_motorized_bicycle,2024,2024,2024-08,Ward 1,reportdate
58300706221,24123143,58300802311,Driver,28,25-34,N,N,N,None,N,N,N,Moped or motorized bicycle,moped_or_motorized_bicycle,2024,2024,2024-08,Ward 6,reportdate
58406368698,24124783,58406400687,Driver,37,35-44,N,N,Y,Minor,N,N,N,Moped or motorized bicycle,moped_or_motorized_bicycle,2024,2024,2024-08,Ward 2,reportdate
58417162371,24125319,58417393058,Driver,0,<16,N,N,N,None,N,N,N,Moped or motorized bicycle,moped_or_motorized_bicycle,2024,2024,2024-08,Ward 3,reportdate
58432794088,24125800,58433012951,Driver,0,<16,N,N,Y,Minor,N,N,N,Moped or motorized bicycle,moped_or_motorized_bicycle,2024,2024,2024-08,Ward 6,reportdate
58306389678,24123409,58306722995,Driver,0,<16,N,N,N,None,N,N,N,Moped or motorized bicycle,moped_or_motorized_bicycle,2024,2024,2024-08,Ward 2,reportdate
58327360772,24123729,58327926654,Driver,48,45-54,N,Y,N,Major,N,N,N,Moped or motorized bicycle,moped_or_motorized_bicycle,2024,2024,2024-08,Ward 8,reportdate
58334688035,24123984,58334813720,Driver,40,35-44,N,N,Y,Minor,N,N,Y,Moped or motorized bicycle,moped_or_motorized_bicycle,2024,2024,2024-08,Ward 2,reportdate
58348950614,24124345,58350359022,Driver,0,<16,N,Y,N,Major,N,N,N,Moped or motorized bicycle,moped_or_motorized_bicycle,2024,2024,2024-08,Ward 4,reportdate
58488144030,24128612,58488303054,Driver,0,<16,N,Y,N,Major,N,N,N,Moped or motorized bicycle,moped_or_motorized_bicycle,2024,2024,2024-08,Ward 1,reportdate
58476834457,24128106,58476983273,Bicyclist,23,16-24,N,N,N,None,N,N,Y,Moped or motorized bicycle,moped_or_motorized_bicycle,2024,2024,2024-08,Ward 2,reportdate
58447041874,24126062,58447272485,Other,30,25-34,N,N,N,None,N,N,N,Moped or motorized bicycle,moped_or_motorized_bicycle,2024,2024,2024-08,Ward 2,reportdate
58454740816,24125181,58454875847,Driver,0,<16,N,N,N,None,N,N,N,Moped or motorized bicycle,moped_or_motorized_bicycle,2024,2024,2024-08,Ward 2,reportdate
58455101377,24126982,58455175737,Driver,21,16-24,N,N,N,None,N,N,Y,Moped or motorized bicycle,moped_or_motorized_bicycle,2024,2024,2024-08,Ward 3,reportdate
58455233112,24127063,58455336509,Driver,0,<16,N,N,N,None,N,N,N,Moped or motorized bicycle,moped_or_motorized_bicycle,2024,2024,2024-08,Ward 2,reportdate
58470830418,24127835,58470854948,Bicyclist,26,25-34,N,N,Y,Minor,N,N,N,Moped or motorized bicycle,moped_or_motorized_bicycle,2024,2024,2024-08,Ward 8,reportdate
58506637097,24129738,58506773409,Driver,0,<16,N,N,Y,Minor,N,N,N,Moped or motorized bicycle,moped_or_motorized_bicycle,2024,2024,2024-08,Ward 6,reportdate
58575445728,24131743,58575469373,Driver,32,25-34,N,N,Y,Minor,N,N,N,Moped or motorized bicycle,moped_or_motorized_bicycle,2024,2024,2024-08,Ward 8,reportdate
58571331035,24131312,58571487276,Driver,16,16-24,N,N,Y,Minor,N,N,Y,Moped or motorized bicycle,moped_or_motorized_bicycle,2024,2024,2024-08,Ward 3,reportdate
58562704043,24130547,58562764163,Driver,48,45-54,N,N,Y,Minor,N,N,N,Moped or motorized bicycle,moped_or_motorized_bicycle,2024,2024,2024-08,Ward 8,reportdate
58503230053,24129413,58503278294,Driver,39,35-44,N,N,Y,Minor,N,N,N,Moped or motorized bicycle,moped_or_motorized_bicycle,2024,2024,2024-08,Ward 2,reportdate
58619363975,24132668,58619683121,Driver,39,35-44,N,N,N,None,N,N,N,Moped or motorized bicycle,moped_or_motorized_bicycle,2024,2024,2024-08,Ward 5,reportdate
58663055949,24134025,58663091942,Driver,54,45-54,N,N,N,None,N,N,N,Moped or motorized bicycle,moped_or_motorized_bicycle,2024,2024,2024-08,Ward 5,reportdate
58666187417,24133654,58666218433,Driver,20,16-24,N,Y,N,Major,N,N,Y,Moped or motorized bicycle,moped_or_motorized_bicycle,2024,2024,2024-08,Ward 2,reportdate
58630361328,24133032,58630625873,Driver,23,16-24,N,N,Y,Minor,N,N,Y,Moped or motorized bicycle,moped_or_motorized_bicycle,2024,2024,2024-08,Ward 5,reportdate
58635275399,24133340,58635320891,Driver,0,<16,N,N,N,None,N,N,N,Moped or motorized bicycle,moped_or_motorized_bicycle,2024,2024,2024-08,Ward 6,reportdate
58626370830,24132861,58636027226,Driver,29,25-34,N,N,Y,Minor,N,N,N,Moped or motorized bicycle,moped_or_motorized_bicycle,2024,2024,2024-08,Ward 6,reportdate
56454934610,24073572,56455116035,Bicyclist,27,25-34,N,N,N,None,N,N,N,Moped or motorized bicycle,moped_or_motorized_bicycle,2024,2024,2024-05,Ward 2,reportdate
58741794165,24136746,58741871450,Driver,0,<16,N,N,N,None,N,N,N,Moped or motorized bicycle,moped_or_motorized_bicycle,2024,2024,2024-09,Ward 1,reportdate
58756192607,24137028,58756701280,Driver,0,<16,N,N,N,None,N,N,N,Moped or motorized bicycle,moped_or_motorized_bicycle,2024,2024,2024-09,Ward 7,reportdate
58774870648,24137718,58775160556,Driver,0,<16,N,N,N,None,N,N,N,Moped or motorized bicycle,moped_or_motorized_bicycle,2024,2024,2024-09,Ward 5,reportdate
58681894386,24134897,58682004840,Driver,0,<16,N,N,N,None,N,N,N,Moped or motorized bicycle,moped_or_motorized_bicycle,2024,2024,2024-09,Ward 1,reportdate
58707998644,24136072,58913906416,Driver,25,25-34,N,N,Y,Minor,N,N,N,Moped or motorized bicycle,moped_or_motorized_bicycle,2024,2024,2024-09,Ward 2,reportdate
59005800845,24140731,59010524185,Driver,25,25-34,N,N,Y,Minor,N,N,N,Moped or motorized bicycle,moped_or_motorized_bicycle,2024,2024,2024-09,Ward 2,reportdate
58868995886,24138447,58869855197,Driver,0,<16,N,Y,N,Major,N,N,N,Moped or motorized bicycle,moped_or_motorized_bicycle,2024,2024,2024-09,Ward 5,reportdate
58897711216,24139407,58898097100,Driver,36,35-44,N,N,Y,Minor,N,N,N,Moped or motorized bicycle,moped_or_motorized_bicycle,2024,2024,2024-09,Ward 2,reportdate
59064425375,24141095,59065749925,Driver,32,25-34,N,Y,N,Major,N,N,N,Moped or motorized bicycle,moped_or_motorized_bicycle,2024,2024,2024-09,Ward 8,reportdate
59292038073,24142643,59293789749,Driver,26,25-34,N,N,Y,Minor,N,N,N,Moped or motorized bicycle,moped_or_motorized_bicycle,2024,2024,2024-09,Ward 6,reportdate
59133349416,24141372,59133739352,Driver,44,35-44,N,N,Y,Minor,N,N,N,Moped or motorized bicycle,moped_or_motorized_bicycle,2024,2024,2024-09,Ward 7,reportdate
59173610970,24141758,59174749821,Driver,0,<16,N,N,N,None,N,N,N,Moped or motorized bicycle,moped_or_motorized_bicycle,2024,2024,2024-09,Ward 2,reportdate
59505825311,24145898,59506126794,Driver,21,16-24,N,N,Y,Minor,N,N,N,Moped or motorized bicycle,moped_or_motorized_bicycle,2024,2024,2024-09,Ward 2,reportdate
59506143853,24146318,59506225556,Driver,26,25-34,N,Y,N,Major,N,N,N,Moped or motorized bicycle,moped_or_motorized_bicycle,2024,2024,2024-09,Ward 1,reportdate
59383605116,24142626,59383845363,Driver,61,55-64,N,N,Y,Minor,N,N,N,Moped or motorized bicycle,moped_or_motorized_bicycle,2024,2024,2024-09,Ward 6,reportdate
59383605116,24142626,59384107544,Passenger,55,55-64,N,N,Y,Minor,N,N,N,Moped or motorized bicycle,moped_or_motorized_bicycle,2024,2024,2024-09,Ward 6,reportdate
59374843641,24143800,59387758204,Driver,41,35-44,N,N,Y,Minor,N,N,N,Moped or motorized bicycle,moped_or_motorized_bicycle,2024,2024,2024-09,Ward 6,reportdate
59398498684,24145124,59398597232,Driver,59,55-64,N,Y,N,Major,N,N,N,Moped or motorized bicycle,moped_or_motorized_bicycle,2024,2024,2024-09,Ward 4,reportdate
59399999570,24145186,59401098059,Driver,47,45-54,N,N,Y,Minor,N,N,Y,Moped or motorized bicycle,moped_or_motorized_bicycle,2024,2024,2024-09,Ward 2,reportdate
59619153678,24148635,59619232710,Driver,23,16-24,N,N,Y,Minor,N,Y,Y,Moped or motorized bicycle,moped_or_motorized_bicycle,2024,2024,2024-09,Ward 6,reportdate
59637137201,24149351,59637276345,Driver,30,25-34,N,N,Y,Minor,N,N,N,Moped or motorized bicycle,moped_or_motorized_bicycle,2024,2024,2024-09,Ward 5,reportdate
59531534506,24147516,59531672561,Driver,0,<16,N,N,N,None,N,N,N,Moped or motorized bicycle,moped_or_motorized_bicycle,2024,2024,2024-09,Ward 5,reportdate
59550627803,24147713,59551012403,Driver,0,<16,N,N,N,None,N,N,N,Moped or motorized bicycle,moped_or_motorized_bicycle,2024,2024,2024-09,Ward 5,reportdate
59577222079,24148096,59578720582,Driver,36,35-44,N,N,Y,Minor,N,N,N,Moped or motorized bicycle,moped_or_motorized_bicycle,2024,2024,2024-09,Ward 2,reportdate
59599010833,24148222,59601817498,Bicyclist,0,<16,N,N,N,None,N,N,N,Moped or motorized bicycle,moped_or_motorized_bicycle,2024,2024,2024-09,Ward 6,reportdate
59645188578,24149620,59698451516,Driver,0,<16,N,N,N,None,N,N,Y,Moped or motorized bicycle,moped_or_motorized_bicycle,2024,2024,2024-09,Ward 5,reportdate
59669078793,24150029,59670279585,Driver,19,16-24,N,N,N,None,N,N,Y,Moped or motorized bicycle,moped_or_motorized_bicycle,2024,2024,2024-09,Ward 1,reportdate
59754091982,24151518,59755372299,Driver,30,25-34,N,N,N,None,N,N,N,Moped or motorized bicycle,moped_or_motorized_bicycle,2024,2024,2024-09,Ward 6,reportdate
59754091982,24151518,59755479556,Passenger,22,16-24,N,N,Y,Minor,N,N,N,Moped or motorized bicycle,moped_or_motorized_bicycle,2024,2024,2024-09,Ward 6,reportdate
59835898756,24152616,59853810796,Driver,0,<16,N,N,N,None,N,N,N,Moped or motorized bicycle,moped_or_motorized_bicycle,2024,2024,2024-10,Ward 2,reportdate
59702904847,24150557,59705180994,Driver,36,35-44,N,Y,N,Major,N,N,N,Moped or motorized bicycle,moped_or_motorized_bicycle,2024,2024,2024-09,Ward 2,reportdate
59865925959,24153595,59866003847,Driver,31,25-34,N,N,N,None,N,N,N,Moped or motorized bicycle,moped_or_motorized_bicycle,2024,2024,2024-10,Ward 5,reportdate
59504894095,24146198,59504965202,Driver,0,<16,N,N,N,None,N,Y,N,Moped or motorized bicycle,moped_or_motorized_bicycle,2024,2024,2024-09,Ward 8,reportdate
59856486537,24153158,59856627775,Driver,21,16-24,N,Y,N,Major,N,N,N,Moped or motorized bicycle,moped_or_motorized_bicycle,2024,2024,2024-10,Ward 6,reportdate
60022753938,24158525,60022860180,Driver,21,16-24,N,N,Y,Minor,N,N,N,Moped or motorized bicycle,moped_or_motorized_bicycle,2024,2024,2024-10,Ward 4,reportdate
60032148381,24159024,60032210259,Driver,57,55-64,N,N,Y,Minor,N,N,N,Moped or motorized bicycle,moped_or_motorized_bicycle,2024,2024,2024-10,Ward 4,reportdate
60032536780,24159120,60032669501,Driver,35,35-44,N,N,Y,Minor,N,N,Y,Moped or motorized bicycle,moped_or_motorized_bicycle,2024,2024,2024-10,Ward 2,reportdate
59986590954,24156843,59987075373,Driver,19,16-24,N,Y,N,Major,N,N,N,Moped or motorized bicycle,moped_or_motorized_bicycle,2024,2024,2024-10,Ward 1,reportdate
59997363613,24157302,59999801307,Driver,15,<16,N,Y,N,Major,N,Y,N,Moped or motorized bicycle,moped_or_motorized_bicycle,2024,2024,2024-10,Ward 8,reportdate
59997363613,24157302,59999802922,Passenger,16,16-24,N,N,Y,Minor,N,N,N,Moped or motorized bicycle,moped_or_motorized_bicycle,2024,2024,2024-10,Ward 8,reportdate
60000343260,24157443,60000420272,Driver,23,16-24,N,N,Y,Minor,N,N,N,Moped or motorized bicycle,moped_or_motorized_bicycle,2024,2024,2024-10,Ward 6,reportdate
60083333043,24161039,60083539805,Driver,31,25-34,N,N,Y,Minor,N,N,N,Moped or motorized bicycle,moped_or_motorized_bicycle,2024,2024,2024-10,Ward 3,reportdate
60129201605,24162133,60129222406,Driver,35,35-44,N,N,N,None,N,N,N,Moped or motorized bicycle,moped_or_motorized_bicycle,2024,2024,2024-10,Ward 2,reportdate
60087237803,24161236,60087349719,Other,33,25-34,N,N,Y,Minor,N,N,N,Moped or motorized bicycle,moped_or_motorized_bicycle,2024,2024,2024-10,Ward 1,reportdate
60077109570,24160715,60077225383,Other,44,35-44,N,N,N,None,N,N,N,Moped or motorized bicycle,moped_or_motorized_bicycle,2024,2024,2024-10,Ward 1,reportdate
59705009204,24150585,59710609502,Driver,18,16-24,N,N,Y,Minor,N,N,N,Moped or motorized bicycle,moped_or_motorized_bicycle,2024,2024,2024-09,Ward 1,reportdate
60114340502,24161903,60118206455,Driver,21,16-24,N,N,Y,Minor,N,N,Y,Moped or motorized bicycle,moped_or_motorized_bicycle,2024,2024,2024-10,Ward 1,reportdate
60166451341,24163956,60166546726,Driver,31,25-34,N,N,Y,Minor,N,N,N,Moped or motorized bicycle,moped_or_motorized_bicycle,2024,2024,2024-10,Ward 1,reportdate
60131756717,24162341,60132003827,Driver,30,25-34,N,N,N,None,N,N,N,Moped or motorized bicycle,moped_or_motorized_bicycle,2024,2024,2024-10,Ward 6,reportdate
59505521971,24146292,59505972761,Driver,21,16-24,N,N,Y,Minor,N,N,N,Moped or motorized bicycle,moped_or_motorized_bicycle,2024,2024,2024-09,Ward 3,reportdate
59647481491,24149820,59648042442,Driver,53,45-54,N,N,Y,Minor,N,N,N,Moped or motorized bicycle,moped_or_motorized_bicycle,2024,2024,2024-09,Ward 2,reportdate
60011077051,24157493,60011231977,Driver,20,16-24,N,N,Y,Minor,N,N,Y,Moped or motorized bicycle,moped_or_motorized_bicycle,2024,2024,2024-10,Ward 2,reportdate
60136586943,24162386,60136637041,Driver,41,35-44,N,N,Y,Minor,N,N,N,Moped or motorized bicycle,moped_or_motorized_bicycle,2024,2024,2024-10,Ward 7,reportdate
60226431186,24166961,60226600744,Driver,29,25-34,N,N,Y,Minor,N,N,Y,Moped or motorized bicycle,moped_or_motorized_bicycle,2024,2024,2024-10,Ward 6,reportdate
60218713356,24166546,60218870167,Driver,21,16-24,N,N,N,None,N,N,Y,Moped or motorized bicycle,moped_or_motorized_bicycle,2024,2024,2024-10,Ward 8,reportdate
60206822755,24165791,60207166971,Driver,25,25-34,N,N,Y,Minor,N,N,N,Moped or motorized bicycle,moped_or_motorized_bicycle,2024,2024,2024-10,Ward 3,reportdate
60171477730,24164252,60171611908,Driver,0,<16,N,N,N,None,N,N,N,Moped or motorized bicycle,moped_or_motorized_bicycle,2024,2024,2024-10,Ward 4,reportdate
60172238359,24164279,60172299908,Bicyclist,29,25-34,N,N,Y,Minor,N,N,N,Moped or motorized bicycle,moped_or_motorized_bicycle,2024,2024,2024-10,Ward 1,reportdate
60180069302,24164583,60180289726,Driver,21,16-24,N,N,Y,Minor,N,N,Y,Moped or motorized bicycle,moped_or_motorized_bicycle,2024,2024,2024-10,Ward 2,reportdate
60950683602,24181254,60951324088,Driver,43,35-44,N,N,Y,Minor,N,N,Y,Moped or motorized bicycle,moped_or_motorized_bicycle,2024,2024,2024-11,Ward 7,reportdate
60953054854,24181355,60953138718,Driver,30,25-34,N,N,Y,Minor,N,N,Y,Moped or motorized bicycle,moped_or_motorized_bicycle,2024,2024,2024-11,Ward 6,reportdate
60219535867,24166555,60219689151,Driver,15,<16,N,N,Y,Minor,N,N,N,Moped or motorized bicycle,moped_or_motorized_bicycle,2024,2024,2024-10,Ward 1,reportdate
60780621736,24174888,60785341745,Driver,43,35-44,N,N,Y,Minor,N,N,N,Moped or motorized bicycle,moped_or_motorized_bicycle,2024,2024,2024-11,Ward 1,reportdate
60272374542,24165297,60272454235,Driver,18,16-24,N,N,N,None,N,N,Y,Moped or motorized bicycle,moped_or_motorized_bicycle,2024,2024,2024-10,Ward 4,reportdate
60318554358,24169224,60318633716,Driver,0,<16,N,N,N,None,N,N,N,Moped or motorized bicycle,moped_or_motorized_bicycle,2024,2024,2024-10,Ward 3,reportdate
60811524562,24175781,60811556055,Driver,31,25-34,N,N,Y,Minor,N,N,N,Moped or motorized bicycle,moped_or_motorized_bicycle,2024,2024,2024-11,Ward 1,reportdate
60876202976,24179954,60876439398,Driver,20,16-24,N,N,Y,Minor,N,N,N,Moped or motorized bicycle,moped_or_motorized_bicycle,2024,2024,2024-11,Ward 2,reportdate
60876567559,24179995,60876888674,Driver,34,25-34,N,N,Y,Minor,N,N,N,Moped or motorized bicycle,moped_or_motorized_bicycle,2024,2024,2024-11,Ward 4,reportdate
58564069330,24131001,58564118671,Driver,27,25-34,N,N,N,None,N,N,N,Moped or motorized bicycle,moped_or_motorized_bicycle,2024,2024,2024-08,Ward 1,reportdate
60797332456,24175700,60797353619,Driver,29,25-34,N,N,N,None,N,N,N,Moped or motorized bicycle,moped_or_motorized_bicycle,2024,2024,2024-11,Ward 1,reportdate
60819266409,24176834,60819364800,Driver,44,35-44,N,N,Y,Minor,N,N,N,Moped or motorized bicycle,moped_or_motorized_bicycle,2024,2024,2024-11,Ward 4,reportdate
60968476464,24182205,60968596292,Driver,23,16-24,N,N,Y,Minor,N,Y,Y,Moped or motorized bicycle,moped_or_motorized_bicycle,2024,2024,2024-11,Ward 2,reportdate
56488434947,24083049,56896959189,Driver,26,25-34,N,N,Y,Minor,N,N,N,Moped or motorized bicycle,moped_or_motorized_bicycle,2024,2024,2024-06,Ward 8,reportdate
60166079903,24163905,60166196121,Driver,33,25-34,N,N,Y,Minor,N,N,N,Moped or motorized bicycle,moped_or_motorized_bicycle,2024,2024,2024-10,Ward 6,reportdate
60272350239,24168325,60272546883,Driver,41,35-44,N,N,N,None,N,N,N,Moped or motorized bicycle,moped_or_motorized_bicycle,2024,2024,2024-10,Ward 2,reportdate
59647967557,24149872,59665549749,Driver,20,16-24,N,N,Y,Minor,N,N,N,Moped or motorized bicycle,moped_or_motorized_bicycle,2024,2024,2024-09,Ward 8,reportdate
56936848568,24094075,56945256013,Driver,22,16-24,N,N,N,None,N,N,N,Moped or motorized bicycle,moped_or_motorized_bicycle,2024,2024,2024-06,Ward 3,reportdate
60059676840,24160002,60059745269,Driver,26,25-34,N,N,Y,Minor,N,N,N,Moped or motorized bicycle,moped_or_motorized_bicycle,2024,2024,2024-10,Ward 6,reportdate
61066988706,24184916,61070943706,Driver,0,<16,N,N,N,None,N,N,N,Moped or motorized bicycle,moped_or_motorized_bicycle,2024,2024,2024-11,Ward 5,reportdate
60397452277,24172157,60398204993,Other,0,<16,N,N,N,None,N,N,N,Moped or motorized bicycle,moped_or_motorized_bicycle,2024,2024,2024-11,Ward 2,reportdate
60441160144,24172381,60442179768,Driver,46,45-54,N,N,N,None,N,N,N,Moped or motorized bicycle,moped_or_motorized_bicycle,2024,2024,2024-11,Ward 8,reportdate
60387306681,24171598,60388177246,Driver,20,16-24,N,N,N,None,N,N,N,Moped or motorized bicycle,moped_or_motorized_bicycle,2024,2024,2024-11,Ward 2,reportdate
60359014107,24170114,60359061777,Driver,0,<16,N,N,N,None,N,N,N,Moped or motorized bicycle,moped_or_motorized_bicycle,2024,2024,2024-11,Ward 6,reportdate
60779631416,24174822,60799000812,Driver,27,25-34,N,Y,N,Major,N,N,N,Moped or motorized bicycle,moped_or_motorized_bicycle,2024,2024,2024-11,Ward 7,reportdate
60638353241,24173424,60639577759,Driver,30,25-34,N,N,Y,Minor,N,N,Y,Moped or motorized bicycle,moped_or_motorized_bicycle,2024,2024,2024-11,Ward 7,reportdate
60704797136,24173704,60709368742,Driver,27,25-34,N,N,Y,Minor,N,Y,N,Moped or motorized bicycle,moped_or_motorized_bicycle,2024,2024,2024-11,Ward 2,reportdate
60770252882,24174469,60770467537,Driver,32,25-34,N,N,N,None,N,N,N,Moped or motorized bicycle,moped_or_motorized_bicycle,2024,2024,2024-11,Ward 3,reportdate
60508860299,24172593,60576939640,Driver,35,35-44,N,N,N,None,N,N,N,Moped or motorized bicycle,moped_or_motorized_bicycle,2024,2024,2024-11,Ward 1,reportdate
60819032763,24176724,60819137555,Driver,22,16-24,N,N,Y,Minor,N,N,Y,Moped or motorized bicycle,moped_or_motorized_bicycle,2024,2024,2024-11,Ward 5,reportdate
60829927721,24177312,60830061378,Driver,0,<16,N,N,N,None,N,N,N,Moped or motorized bicycle,moped_or_motorized_bicycle,2024,2024,2024-11,Ward 7,reportdate
60849799481,24178506,60849896959,Driver,25,25-34,N,N,Y,Minor,N,N,Y,Moped or motorized bicycle,moped_or_motorized_bicycle,2024,2024,2024-11,Ward 1,reportdate
60967589607,24182165,60967622618,Driver,0,<16,N,N,N,None,N,N,N,Moped or motorized bicycle,moped_or_motorized_bicycle,2024,2024,2024-11,Ward 5,reportdate
58486921711,24128536,58494803309,Driver,31,25-34,N,Y,N,Major,N,N,N,Moped or motorized bicycle,moped_or_motorized_bicycle,2024,2024,2024-08,Ward 6,reportdate
58714111284,24136403,58714405998,Driver,27,25-34,N,N,Y,Minor,N,N,Y,Moped or motorized bicycle,moped_or_motorized_bicycle,2024,2024,2024-09,Ward 1,reportdate
58891228104,24139251,58891813826,Driver,31,25-34,N,N,Y,Minor,N,N,N,Moped or motorized bicycle,moped_or_motorized_bicycle,2024,2024,2024-09,Ward 2,reportdate
59874159496,24154091,59876377457,Driver,33,25-34,N,N,N,None,N,N,N,Moped or motorized bicycle,moped_or_motorized_bicycle,2024,2024,2024-10,Ward 1,reportdate
61386280140,24186702,61386376027,Driver,29,25-34,N,Y,N,Major,N,N,N,Moped or motorized bicycle,moped_or_motorized_bicycle,2024,2024,2024-12,Ward 6,reportdate
61376898664,24183782,61394785370,Driver,0,<16,N,N,N,None,N,N,N,Moped or motorized bicycle,moped_or_motorized_bicycle,2024,2024,2024-11,Ward 5,reportdate
61400403848,24187935,61400510425,Driver,16,16-24,N,N,Y,Minor,N,N,Y,Moped or motorized bicycle,moped_or_motorized_bicycle,2024,2024,2024-12,Ward 4,reportdate
61381070254,24186974,61381118407,Driver,27,25-34,N,N,Y,Minor,N,N,N,Moped or motorized bicycle,moped_or_motorized_bicycle,2024,2024,2024-12,Ward 2,reportdate
61312274079,24185846,61314466041,Driver,54,45-54,N,Y,N,Major,N,N,N,Moped or motorized bicycle,moped_or_motorized_bicycle,2024,2024,2024-12,Ward 7,reportdate
61369737239,24186141,61369778922,Driver,0,<16,N,N,N,None,N,N,N,Moped or motorized bicycle,moped_or_motorized_bicycle,2024,2024,2024-12,Ward 7,reportdate
61372034436,24182381,61372078107,Driver,27,25-34,N,N,Y,Minor,N,N,N,Moped or motorized bicycle,moped_or_motorized_bicycle,2024,2024,2024-11,Ward 6,reportdate
61371903210,24186365,61372099723,Driver,0,<16,N,N,N,None,N,N,N,Moped or motorized bicycle,moped_or_motorized_bicycle,2024,2024,2024-12,Ward 5,reportdate
61378602947,24186760,61379406993,Driver,61,55-64,N,N,Y,Minor,N,N,N,Moped or motorized bicycle,moped_or_motorized_bicycle,2024,2024,2024-12,Ward 5,reportdate
60978105105,24182906,60978179517,Driver,29,25-34,N,N,Y,Minor,N,N,Y,Moped or motorized bicycle,moped_or_motorized_bicycle,2024,2024,2024-11,Ward 1,reportdate
61428846981,24189680,61429646602,Driver,21,16-24,N,N,Y,Minor,N,N,Y,Moped or motorized bicycle,moped_or_motorized_bicycle,2024,2024,2024-12,Ward 2,reportdate
61411145262,24188626,61411336023,Driver,38,35-44,N,N,N,None,N,N,N,Moped or motorized bicycle,moped_or_motorized_bicycle,2024,2024,2024-12,Ward 2,reportdate
61411145262,24188626,61411401942,Passenger,25,25-34,N,Y,N,Major,N,N,N,Moped or motorized bicycle,moped_or_motorized_bicycle,2024,2024,2024-12,Ward 2,reportdate
61615529119,24192537,61616124210,Driver,0,<16,N,N,N,None,N,N,N,Moped or motorized bicycle,moped_or_motorized_bicycle,2024,2024,2024-12,Ward 2,reportdate
61691030023,24192558,61692513904,Driver,0,<16,N,N,N,None,N,N,N,Moped or motorized bicycle,moped_or_motorized_bicycle,2024,2024,2024-12,Ward 4,reportdate
61729712395,24193075,61734747435,Driver,31,25-34,N,N,Y,Minor,N,N,Y,Moped or motorized bicycle,moped_or_motorized_bicycle,2024,2024,2024-12,Ward 6,reportdate
61735959304,24193147,61737330085,Driver,50,45-54,N,N,Y,Minor,N,N,N,Moped or motorized bicycle,moped_or_motorized_bicycle,2024,2024,2024-12,Ward 1,reportdate
61463598627,24191871,61463834997,Driver,0,<16,N,N,N,None,N,N,N,Moped or motorized bicycle,moped_or_motorized_bicycle,2024,2024,2024-12,Ward 6,reportdate
61882991833,24195339,61883117435,Driver,35,35-44,N,N,Y,Minor,N,N,N,Moped or motorized bicycle,moped_or_motorized_bicycle,2024,2024,2024-12,Ward 3,reportdate
60244416172,24167741,61883515976,Driver,0,<16,N,N,N,None,N,N,N,Moped or motorized bicycle,moped_or_motorized_bicycle,2024,2024,2024-10,Ward 2,reportdate
61862885870,24194172,61863479421,Driver,28,25-34,N,N,N,None,N,N,N,Moped or motorized bicycle,moped_or_motorized_bicycle,2024,2024,2024-12,Ward 2,reportdate
61877309788,24194521,61879273482,Driver,25,25-34,N,N,Y,Minor,N,N,N,Moped or motorized bicycle,moped_or_motorized_bicycle,2024,2024,2024-12,Ward 1,reportdate
61881649114,24195217,61881733094,Driver,59,55-64,N,N,Y,Minor,N,N,N,Moped or motorized bicycle,moped_or_motorized_bicycle,2024,2024,2024-12,Ward 6,reportdate
61882535937,24195222,61882660745,Driver,26,25-34,N,N,N,None,N,N,N,Moped or motorized bicycle,moped_or_motorized_bicycle,2024,2024,2024-12,Ward 8,reportdate
61991415017,24198610,61993767302,Driver,57,55-64,N,N,Y,Minor,N,N,N,Moped or motorized bicycle,moped_or_motorized_bicycle,2024,2024,2024-12,Ward 6,reportdate
62000823024,24198927,62008153427,Driver,0,<16,N,N,N,None,N,N,N,Moped or motorized bicycle,moped_or_motorized_bicycle,2024,2024,2024-12,Ward 5,reportdate
62019600684,24199698,62019646833,Driver,22,16-24,N,N,Y,Minor,N,N,N,Moped or motorized bicycle,moped_or_motorized_bicycle,2024,2024,2024-12,Ward 5,reportdate
62082333289,25000355,62082714203,Driver,39,35-44,N,N,Y,Minor,N,N,N,Moped or motorized bicycle,moped_or_motorized_bicycle,2025,2025,2025-01,Ward 2,reportdate
62534794649,25014807,62534875752,Other,34,25-34,N,N,N,None,N,N,N,Moped or motorized bicycle,moped_or_motorized_bicycle,2025,2025,2025-01,Ward 5,reportdate
62536157604,25014403,62536572835,Driver,49,45-54,N,N,Y,Minor,N,N,N,Moped or motorized bicycle,moped_or_motorized_bicycle,2025,2025,2025-01,Ward 6,reportdate
61911764426,24195749,61912384206,Driver,26,25-34,N,N,Y,Minor,N,N,N,Moped or motorized bicycle,moped_or_motorized_bicycle,2024,2024,2024-12,Ward 2,reportdate
62202827313,25003645,62202892590,Driver,31,25-34,N,N,Y,Minor,N,N,N,Moped or motorized bicycle,moped_or_motorized_bicycle,2025,2025,2025-01,Ward 5,reportdate
62207370763,25003742,62217260850,Driver,0,<16,N,N,N,None,N,N,N,Moped or motorized bicycle,moped_or_motorized_bicycle,2025,2025,2025-01,Ward 1,reportdate
62225299359,25004554,62225462247,Bicyclist,100,65+,N,N,Y,Minor,N,N,N,Moped or motorized bicycle,moped_or_motorized_bicycle,2025,2025,2025-01,Ward 4,reportdate
62225299359,25004554,62225767802,Passenger,33,25-34,N,N,Y,Minor,N,N,N,Moped or motorized bicycle,moped_or_motorized_bicycle,2025,2025,2025-01,Ward 4,reportdate
62152975876,25002340,62153056020,Driver,22,16-24,N,N,Y,Minor,N,N,Y,Moped or motorized bicycle,moped_or_motorized_bicycle,2025,2025,2025-01,Ward 3,reportdate
62278668790,25004062,62278894644,Driver,0,<16,N,N,N,None,N,N,Y,Moped or motorized bicycle,moped_or_motorized_bicycle,2025,2025,2025-01,Ward 1,reportdate
62307363497,25008031,62307880812,Driver,31,25-34,N,N,Y,Minor,N,N,N,Moped or motorized bicycle,moped_or_motorized_bicycle,2025,2025,2025-01,Ward 2,reportdate
62307363497,25008031,62307880834,Passenger,34,25-34,N,N,Y,Minor,N,N,N,Moped or motorized bicycle,moped_or_motorized_bicycle,2025,2025,2025-01,Ward 2,reportdate
62328822320,25008418,62328869806,Driver,28,25-34,N,N,Y,Minor,N,N,N,Moped or motorized bicycle,moped_or_motorized_bicycle,2025,2025,2025-01,Ward 5,reportdate
62329705902,25008040,62329797706,Driver,33,25-34,N,Y,N,Major,N,N,N,Moped or motorized bicycle,moped_or_motorized_bicycle,2025,2025,2025-01,Ward 2,reportdate
62242666552,25005431,62243367717,Driver,34,25-34,N,N,Y,Minor,N,N,N,Moped or motorized bicycle,moped_or_motorized_bicycle,2025,2025,2025-01,Ward 5,reportdate
62264283242,25006269,62264331002,Driver,28,25-34,N,N,N,None,N,N,N,Moped or motorized bicycle,moped_or_motorized_bicycle,2025,2025,2025-01,Ward 5,reportdate
62264655423,25006583,62264717159,Other,31,25-34,N,N,Y,Minor,N,N,N,Moped or motorized bicycle,moped_or_motorized_bicycle,2025,2025,2025-01,Ward 2,reportdate
62275190424,25006906,62275414242,Other,28,25-34,N,N,Y,Minor,N,N,N,Moped or motorized bicycle,moped_or_motorized_bicycle,2025,2025,2025-01,Ward 7,reportdate
62608194116,25017076,62608641081,Driver,56,55-64,N,N,Y,Minor,N,N,Y,Moped or motorized bicycle,moped_or_motorized_bicycle,2025,2025,2025-02,Ward 4,reportdate
62454261010,25012575,62454385088,Bicyclist,29,25-34,N,N,N,None,N,N,N,Moped or motorized bicycle,moped_or_motorized_bicycle,2025,2025,2025-01,Ward 5,reportdate
62547950448,25015182,62551568323,Driver,25,25-34,N,N,Y,Minor,N,N,N,Moped or motorized bicycle,moped_or_motorized_bicycle,2025,2025,2025-02,Ward 5,reportdate
62535354378,25014378,62560744631,Driver,36,35-44,N,N,Y,Minor,N,N,N,Moped or motorized bicycle,moped_or_motorized_bicycle,2025,2025,2025-01,Ward 1,reportdate
62276782860,25006901,62277025860,Driver,0,<16,N,N,N,None,N,N,N,Moped or motorized bicycle,moped_or_motorized_bicycle,2025,2025,2025-01,Ward 5,reportdate
62644885056,25017667,62644938668,Driver,25,25-34,N,N,Y,Minor,N,N,N,Moped or motorized bicycle,moped_or_motorized_bicycle,2025,2025,2025-02,Ward 8,reportdate
62655205746,25018151,62655277679,Driver,28,25-34,N,N,N,None,N,N,Y,Moped or motorized bicycle,moped_or_motorized_bicycle,2025,2025,2025-02,Ward 2,reportdate
62655205746,25018151,62655379012,Driver,22,16-24,N,N,Y,Minor,N,N,N,Moped or motorized bicycle,moped_or_motorized_bicycle,2025,2025,2025-02,Ward 2,reportdate
62815389655,25023208,62815940635,Driver,23,16-24,N,N,N,None,N,N,N,Moped or motorized bicycle,moped_or_motorized_bicycle,2025,2025,2025-02,Ward 2,reportdate
63439710213,25047279,63440666177,Driver,0,<16,N,N,N,None,N,N,N,Moped or motorized bicycle,moped_or_motorized_bicycle,2025,2025,2025-04,Ward 7,reportdate
63447210635,25047520,63447292929,Driver,34,25-34,N,N,Y,Minor,N,N,Y,Moped or motorized bicycle,moped_or_motorized_bicycle,2025,2025,2025-04,Ward 5,reportdate
63414102628,25046585,63414248697,Driver,33,25-34,N,N,Y,Minor,N,N,N,Moped or motorized bicycle,moped_or_motorized_bicycle,2025,2025,2025-03,Ward 6,reportdate
63443142942,25047312,63443247339,Driver,29,25-34,N,N,Y,Minor,N,N,N,Moped or motorized bicycle,moped_or_motorized_bicycle,2025,2025,2025-04,Ward 7,reportdate
63462678317,25048568,63462785514,Driver,29,25-34,N,N,Y,Minor,N,N,Y,Moped or motorized bicycle,moped_or_motorized_bicycle,2025,2025,2025-04,Ward 2,reportdate
63483022834,25049729,63483346386,Driver,40,35-44,N,N,Y,Minor,N,N,N,Moped or motorized bicycle,moped_or_motorized_bicycle,2025,2025,2025-04,Ward 6,reportdate
60117944857,24161873,60118038975,Driver,21,16-24,N,N,N,None,N,N,N,Moped or motorized bicycle,moped_or_motorized_bicycle,2024,2024,2024-10,Ward 1,reportdate
63271715272,25040185,63271778858,Driver,0,<16,N,N,Y,Minor,N,N,N,Moped or motorized bicycle,moped_or_motorized_bicycle,2025,2025,2025-03,Ward 1,reportdate
63475920063,25045074,63476106998,Driver,35,35-44,N,N,N,None,N,N,N,Moped or motorized bicycle,moped_or_motorized_bicycle,2025,2025,2025-03,Ward 1,reportdate
53654350421,24002627,53654451020,Driver,0,<16,N,N,N,None,Y,N,N,Moped or motorized bicycle,moped_or_motorized_bicycle,2024,2024,2024-01,Ward 2,reportdate
54048392573,24018593,54048452623,Driver,39,35-44,N,Y,N,Major,Y,N,N,Moped or motorized bicycle,moped_or_motorized_bicycle,2024,2024,2024-02,Ward 1,reportdate
61457487187,24191496,61457531919,Driver,54,45-54,N,N,Y,Minor,Y,Y,N,Moped or motorized bicycle,moped_or_motorized_bicycle,2024,2024,2024-12,Ward 7,reportdate
62850523495,25024724,62850668442,Driver,29,25-34,N,Y,N,Major,N,N,N,Moped or motorized bicycle,moped_or_motorized_bicycle,2025,2025,2025-02,Ward 5,reportdate
63511121393,25051129,63511209366,Driver,23,16-24,N,N,N,None,N,N,N,Moped or motorized bicycle,moped_or_motorized_bicycle,2025,2025,2025-04,Ward 4,reportdate
63555302907,25053228,63555470143,Driver,0,<16,N,N,N,None,N,N,N,Moped or motorized bicycle,moped_or_motorized_bicycle,2025,2025,2025-04,Ward 5,reportdate
63561540796,25053448,63561647415,Driver,27,25-34,N,Y,N,Major,N,N,Y,Moped or motorized bicycle,moped_or_motorized_bicycle,2025,2025,2025-04,Ward 1,reportdate
63561540796,25053448,63561664550,Passenger,17,16-24,N,N,Y,Minor,N,N,N,Moped or motorized bicycle,moped_or_motorized_bicycle,2025,2025,2025-04,Ward 1,reportdate
62905734417,25026869,62906065353,Driver,31,25-34,N,N,Y,Minor,N,N,N,Moped or motorized bicycle,moped_or_motorized_bicycle,2025,2025,2025-02,Ward 2,reportdate
62431791302,25011496,62438990188,Driver,27,25-34,N,N,Y,Minor,N,N,Y,Moped or motorized bicycle,moped_or_motorized_bicycle,2025,2025,2025-01,Ward 2,reportdate
62951880506,25029149,62969622092,Driver,27,25-34,N,N,Y,Minor,N,N,Y,Moped or motorized bicycle,moped_or_motorized_bicycle,2025,2025,2025-02,Ward 2,reportdate
62949648998,25028989,62949834351,Driver,32,25-34,N,N,Y,Minor,N,N,N,Moped or motorized bicycle,moped_or_motorized_bicycle,2025,2025,2025-02,Ward 4,reportdate
62954408848,25029338,62954536706,Bicyclist,36,35-44,N,N,Y,Minor,N,N,N,Moped or motorized bicycle,moped_or_motorized_bicycle,2025,2025,2025-02,Ward 5,reportdate
62962969644,25029169,62963012190,Driver,36,35-44,N,N,N,None,N,N,N,Moped or motorized bicycle,moped_or_motorized_bicycle,2025,2025,2025-02,Ward 6,reportdate
63118980701,25034069,63119046776,Driver,32,25-34,N,N,Y,Minor,N,N,N,Moped or motorized bicycle,moped_or_motorized_bicycle,2025,2025,2025-03,Ward 6,reportdate
63118980701,25034069,63119086270,Passenger,36,35-44,N,N,Y,Minor,N,N,N,Moped or motorized bicycle,moped_or_motorized_bicycle,2025,2025,2025-03,Ward 6,reportdate
63066747830,25032345,63066875946,Driver,22,16-24,N,N,N,None,N,N,Y,Moped or motorized bicycle,moped_or_motorized_bicycle,2025,2025,2025-03,Ward 2,reportdate
63133925452,25034853,63134243014,Driver,28,25-34,N,N,N,None,N,N,N,Moped or motorized bicycle,moped_or_motorized_bicycle,2025,2025,2025-03,Ward 2,reportdate
63198649262,25037482,63198750063,Driver,24,16-24,N,N,Y,Minor,N,N,Y,Moped or motorized bicycle,moped_or_motorized_bicycle,2025,2025,2025-03,Ward 6,reportdate
63147843912,25035237,63148019023,Driver,23,16-24,N,N,N,None,N,N,N,Moped or motorized bicycle,moped_or_motorized_bicycle,2025,2025,2025-03,Ward 6,reportdate
63148397904,25035226,63148471794,Driver,0,<16,N,N,N,None,N,N,N,Moped or motorized bicycle,moped_or_motorized_bicycle,2025,2025,2025-03,Ward 5,reportdate
63151916535,25035433,63152987485,Driver,28,25-34,N,N,Y,Minor,N,N,Y,Moped or motorized bicycle,moped_or_motorized_bicycle,2025,2025,2025-03,Ward 5,reportdate
63159359753,25035735,63159462046,Driver,0,<16,N,N,N,None,N,N,N,Moped or motorized bicycle,moped_or_motorized_bicycle,2025,2025,2025-03,Ward 4,reportdate
63161956495,25035849,63162007886,Driver,22,16-24,N,N,N,None,N,N,Y,Moped or motorized bicycle,moped_or_motorized_bicycle,2025,2025,2025-03,Ward 4,reportdate
63249495749,25039823,63249598456,Driver,0,<16,N,N,N,None,N,N,N,Moped or motorized bicycle,moped_or_motorized_bicycle,2025,2025,2025-03,Ward 4,reportdate
63215968331,25038259,63216074162,Driver,0,<16,N,N,N,None,N,N,N,Moped or motorized bicycle,moped_or_motorized_bicycle,2025,2025,2025-03,Ward 1,reportdate
63201187581,25037619,63201333802,Driver,0,<16,N,N,Y,Minor,N,N,N,Moped or motorized bicycle,moped_or_motorized_bicycle,2025,2025,2025-03,Ward 2,reportdate
63277045974,25040936,63277120360,Driver,22,16-24,N,N,Y,Minor,N,N,N,Moped or motorized bicycle,moped_or_motorized_bicycle,2025,2025,2025-03,Ward 6,reportdate
63297832802,25042097,63297921390,Driver,30,25-34,N,N,Y,Minor,N,N,N,Moped or motorized bicycle,moped_or_motorized_bicycle,2025,2025,2025-03,Ward 3,reportdate
63403777652,25045530,63404036985,Driver,24,16-24,N,N,Y,Minor,N,N,Y,Moped or motorized bicycle,moped_or_motorized_bicycle,2025,2025,2025-03,Ward 2,reportdate
63374481453,25044792,63374712971,Driver,0,<16,N,N,N,None,N,N,N,Moped or motorized bicycle,moped_or_motorized_bicycle,2025,2025,2025-03,Ward 7,reportdate
63390170539,25045216,63390197104,Driver,57,55-64,N,N,Y,Minor,N,N,N,Moped or motorized bicycle,moped_or_motorized_bicycle,2025,2025,2025-03,Ward 5,reportdate
63221704451,25038575,63221904286,Driver,20,16-24,N,N,Y,Minor,N,N,N,Moped or motorized bicycle,moped_or_motorized_bicycle,2025,2025,2025-03,Ward 7,reportdate
63612421321,25055599,63612563417,Driver,0,<16,N,N,N,None,N,N,N,Moped or motorized bicycle,moped_or_motorized_bicycle,2025,2025,2025-04,Ward 7,reportdate
63641456939,25057363,63641495113,Driver,30,25-34,N,N,N,None,N,N,Y,Moped or motorized bicycle,moped_or_motorized_bicycle,2025,2025,2025-04,Ward 1,reportdate
63695799538,25058594,63695863913,Driver,0,<16,N,N,Y,Minor,N,N,N,Moped or motorized bicycle,moped_or_motorized_bicycle,2025,2025,2025-04,Ward 2,reportdate
63666266947,25058583,63666324407,Driver,0,<16,N,N,N,None,N,N,N,Moped or motorized bicycle,moped_or_motorized_bicycle,2025,2025,2025-04,Ward 7,reportdate
63632585960,25041857,63632772321,Bicyclist,35,35-44,N,N,Y,Minor,N,N,N,Moped or motorized bicycle,moped_or_motorized_bicycle,2025,2025,2025-03,Ward 5,reportdate
63671201657,25058837,63672684565,Driver,33,25-34,N,N,N,None,N,N,N,Moped or motorized bicycle,moped_or_motorized_bicycle,2025,2025,2025-04,Ward 2,reportdate
63674446497,25059005,63674476825,Driver,27,25-34,N,N,N,None,N,N,N,Moped or motorized bicycle,moped_or_motorized_bicycle,2025,2025,2025-04,Ward 5,reportdate
63674446497,25059005,63674476970,Passenger,34,25-34,N,N,N,None,N,N,N,Moped or motorized bicycle,moped_or_motorized_bicycle,2025,2025,2025-04,Ward 5,reportdate
63674766633,25059129,63675669266,Driver,14,<16,N,N,Y,Minor,N,N,N,Moped or motorized bicycle,moped_or_motorized_bicycle,2025,2025,2025-04,Ward 5,reportdate
63657192475,25058112,63679234312,Driver,52,45-54,N,N,N,None,N,N,N,Moped or motorized bicycle,moped_or_motorized_bicycle,2025,2025,2025-04,Ward 1,reportdate
64068422340,25075650,64157311763,Driver,0,<16,N,N,N,None,N,N,N,Moped or motorized bicycle,moped_or_motorized_bicycle,2025,2025,2025-05,Ward 6,reportdate
63701092483,25060893,63701743095,Bicyclist,0,<16,N,N,Y,Minor,N,N,N,Moped or motorized bicycle,moped_or_motorized_bicycle,2025,2025,2025-04,Ward 2,reportdate
63705475537,25061077,63705553893,Driver,0,<16,N,N,N,None,N,N,N,Moped or motorized bicycle,moped_or_motorized_bicycle,2025,2025,2025-04,Ward 2,reportdate
63707707561,25061218,63708360036,Driver,45,45-54,N,N,Y,Minor,N,N,N,Moped or motorized bicycle,moped_or_motorized_bicycle,2025,2025,2025-04,Ward 5,reportdate
63582486819,25054405,63582550728,Driver,0,<16,N,N,Y,Minor,N,N,N,Moped or motorized bicycle,moped_or_motorized_bicycle,2025,2025,2025-04,Ward 1,reportdate
63788355250,25064490,63788514270,Driver,0,<16,N,N,N,None,N,N,N,Moped or motorized bicycle,moped_or_motorized_bicycle,2025,2025,2025-05,Ward 3,reportdate
63788473676,25064434,63788540098,Bicyclist,20,16-24,N,N,Y,Minor,N,N,Y,Moped or motorized bicycle,moped_or_motorized_bicycle,2025,2025,2025-05,Ward 6,reportdate
63794964433,25065032,63795159600,Driver,28,25-34,N,N,N,None,N,N,N,Moped or motorized bicycle,moped_or_motorized_bicycle,2025,2025,2025-05,Ward 6,reportdate
63786492608,25064253,63787534339,Driver,35,35-44,N,N,Y,Minor,N,N,N,Moped or motorized bicycle,moped_or_motorized_bicycle,2025,2025,2025-05,Ward 2,reportdate
63750217148,25063035,63750328184,Driver,55,55-64,N,N,Y,Minor,N,N,Y,Moped or motorized bicycle,moped_or_motorized_bicycle,2025,2025,2025-04,Ward 2,reportdate
63876014403,25067494,63876163524,Driver,0,<16,N,N,Y,Minor,N,N,N,Moped or motorized bicycle,moped_or_motorized_bicycle,2025,2025,2025-05,Ward 4,reportdate
63859568504,25066504,63860529181,Driver,0,<16,N,N,Y,Minor,N,N,N,Moped or motorized bicycle,moped_or_motorized_bicycle,2025,2025,2025-05,Ward 2,reportdate
63863727142,25066680,63863825066,Driver,22,16-24,N,N,Y,Minor,N,N,N,Moped or motorized bicycle,moped_or_motorized_bicycle,2025,2025,2025-05,Ward 1,reportdate
63871219354,25067147,63871321412,Driver,0,<16,N,N,Y,Minor,N,N,N,Moped or motorized bicycle,moped_or_motorized_bicycle,2025,2025,2025-05,Ward 1,reportdate
63925375738,25068894,63925403384,Driver,21,16-24,N,N,N,None,N,N,N,Moped or motorized bicycle,moped_or_motorized_bicycle,2025,2025,2025-05,Ward 4,reportdate
63954794204,25069309,63954853699,Driver,21,16-24,N,N,Y,Minor,N,N,Y,Moped or motorized bicycle,moped_or_motorized_bicycle,2025,2025,2025-05,Ward 6,reportdate
63969206611,25069123,63971974952,Driver,0,<16,N,N,N,None,N,N,N,Moped or motorized bicycle,moped_or_motorized_bicycle,2025,2025,2025-05,Ward 2,reportdate
63931440847,25069180,63931735588,Bicyclist,15,<16,N,N,Y,Minor,N,N,N,Moped or motorized bicycle,moped_or_motorized_bicycle,2025,2025,2025-05,Ward 5,reportdate
63938215613,25069546,63939278575,Driver,31,25-34,N,N,N,None,N,N,N,Moped or motorized bicycle,moped_or_motorized_bicycle,2025,2025,2025-05,Ward 2,reportdate
63938215613,25069546,63939278589,Driver,39,35-44,N,N,Y,Minor,N,N,N,Moped or motorized bicycle,moped_or_motorized_bicycle,2025,2025,2025-05,Ward 2,reportdate
63952550966,25070258,63952646275,Driver,17,16-24,N,N,Y,Minor,N,N,N,Moped or motorized bicycle,moped_or_motorized_bicycle,2025,2025,2025-05,Ward 5,reportdate
63983666521,25070946,63984365090,Driver,36,35-44,N,Y,N,Major,N,N,N,Moped or motorized bicycle,moped_or_motorized_bicycle,2025,2025,2025-05,Ward 2,reportdate
64024957174,25073355,64025070751,Driver,42,35-44,N,N,N,None,N,N,N,Moped or motorized bicycle,moped_or_motorized_bicycle,2025,2025,2025-05,Ward 1,reportdate
64040687547,25073938,64040872726,Driver,29,25-34,N,N,N,None,N,N,N,Moped or motorized bicycle,moped_or_motorized_bicycle,2025,2025,2025-05,Ward 1,reportdate
63985989995,25071753,63987644510,Other,0,<16,N,N,Y,Minor,N,N,N,Moped or motorized bicycle,moped_or_motorized_bicycle,2025,2025,2025-05,Ward 2,reportdate
63985989995,25071753,63987644528,Other,0,<16,N,N,Y,Minor,N,N,N,Moped or motorized bicycle,moped_or_motorized_bicycle,2025,2025,2025-05,Ward 2,reportdate
64014759469,25072618,64014989673,Driver,22,16-24,N,Y,N,Major,N,N,N,Moped or motorized bicycle,moped_or_motorized_bicycle,2025,2025,2025-05,Ward 5,reportdate
64015453360,25072785,64015496298,Driver,0,<16,N,N,N,None,N,N,N,Moped or motorized bicycle,moped_or_motorized_bicycle,2025,2025,2025-05,Ward 5,reportdate
64046044300,25074434,64055453285,Driver,81,65+,N,N,N,None,N,N,N,Moped or motorized bicycle,moped_or_motorized_bicycle,2025,2025,2025-05,Ward 7,reportdate
64118510657,25077465,64119559070,Driver,21,16-24,N,N,Y,Minor,N,N,Y,Moped or motorized bicycle,moped_or_motorized_bicycle,2025,2025,2025-05,Ward 7,reportdate
64128460322,25077979,64128997151,Driver,14,<16,N,N,Y,Minor,N,N,N,Moped or motorized bicycle,moped_or_motorized_bicycle,2025,2025,2025-05,Ward 6,reportdate
64129714462,25078033,64130056011,Driver,34,25-34,N,N,Y,Minor,N,N,N,Moped or motorized bicycle,moped_or_motorized_bicycle,2025,2025,2025-05,Ward 7,reportdate
64109032859,25076999,64109271828,Driver,22,16-24,N,N,N,None,Y,N,Y,Moped or motorized bicycle,moped_or_motorized_bicycle,2025,2025,2025-05,Ward 1,reportdate
64095292105,25076194,64095690801,Driver,36,35-44,N,N,N,None,N,N,N,Moped or motorized bicycle,moped_or_motorized_bicycle,2025,2025,2025-05,Ward 6,reportdate
64049761193,25074646,64049797796,Driver,26,25-34,N,N,Y,Minor,N,N,N,Moped or motorized bicycle,moped_or_motorized_bicycle,2025,2025,2025-05,Ward 1,reportdate
64283712415,25081664,64283785861,Bicyclist,22,16-24,N,N,Y,Minor,N,N,N,Moped or motorized bicycle,moped_or_motorized_bicycle,2025,2025,2025-06,Ward 5,reportdate
64157502109,25049523,64158307832,Driver,48,45-54,N,N,Y,Minor,N,N,N,Moped or motorized bicycle,moped_or_motorized_bicycle,2025,2025,2025-04,Ward 1,reportdate
64165509822,25079557,64165623081,Driver,22,16-24,N,N,Y,Minor,N,N,Y,Moped or motorized bicycle,moped_or_motorized_bicycle,2025,2025,2025-05,Ward 6,reportdate
64247649084,25080228,64249460655,Driver,0,<16,N,N,N,None,N,N,N,Moped or motorized bicycle,moped_or_motorized_bicycle,2025,2025,2025-05,Ward 2,reportdate
64261579199,25080711,64261697714,Driver,34,25-34,N,N,N,None,N,N,Y,Moped or motorized bicycle,moped_or_motorized_bicycle,2025,2025,2025-05,Ward 1,reportdate
64380613337,25085235,64381076127,Driver,56,55-64,N,N,N,None,N,N,N,Moped or motorized bicycle,moped_or_motorized_bicycle,2025,2025,2025-06,Ward 5,reportdate
64405034801,25085600,64405401024,Driver,0,<16,N,N,N,None,N,Y,N,Moped or motorized bicycle,moped_or_motorized_bicycle,2025,2025,2025-06,Ward 4,reportdate
64253218793,25073674,64253294317,Driver,29,25-34,N,N,N,None,N,N,Y,Moped or motorized bicycle,moped_or_motorized_bicycle,2025,2025,2025-05,Ward 5,reportdate
64347885958,25084074,64347996520,Driver,0,<16,N,N,N,None,N,N,N,Moped or motorized bicycle,moped_or_motorized_bicycle,2025,2025,2025-06,Ward 7,reportdate
63877228082,25065999,63877379616,Driver,40,35-44,N,N,Y,Minor,N,N,N,Moped or motorized bicycle,moped_or_motorized_bicycle,2025,2025,2025-05,Ward 6,reportdate
64354870639,25083733,64355999643,Driver,0,<16,N,N,Y,Minor,N,N,N,Moped or motorized bicycle,moped_or_motorized_bicycle,2025,2025,2025-06,Ward 6,reportdate
64359241855,25084755,64359302418,Driver,0,<16,N,N,Y,Minor,N,N,N,Moped or motorized bicycle,moped_or_motorized_bicycle,2025,2025,2025-06,Ward 6,reportdate
64498178312,25088172,64498228899,Driver,37,35-44,N,N,Y,Minor,N,N,N,Moped or motorized bicycle,moped_or_motorized_bicycle,2025,2025,2025-06,Ward 4,reportdate
64450777376,25082309,64450873303,Driver,24,16-24,N,N,Y,Minor,N,N,N,Moped or motorized bicycle,moped_or_motorized_bicycle,2025,2025,2025-06,Ward 7,reportdate
63787484765,25063326,63930819008,Driver,0,<16,N,N,N,None,N,N,N,Moped or motorized bicycle,moped_or_motorized_bicycle,2025,2025,2025-04,Ward 2,reportdate
64446175037,25086642,64446315682,Bicyclist,34,25-34,N,Y,N,Major,N,N,N,Moped or motorized bicycle,moped_or_motorized_bicycle,2025,2025,2025-06,Ward 2,reportdate
64566134439,25091442,64566228051,Driver,32,25-34,N,N,Y,Minor,N,N,N,Moped or motorized bicycle,moped_or_motorized_bicycle,2025,2025,2025-06,Ward 1,reportdate
64534237975,25089789,64534296184,Driver,0,<16,N,N,N,None,N,N,N,Moped or motorized bicycle,moped_or_motorized_bicycle,2025,2025,2025-06,Ward 1,reportdate
64521951581,25089154,64522011069,Driver,0,<16,N,N,N,None,N,N,N,Moped or motorized bicycle,moped_or_motorized_bicycle,2025,2025,2025-06,Ward 1,reportdate
64583499381,25092006,64583630787,Driver,0,<16,N,N,N,None,N,N,N,Moped or motorized bicycle,moped_or_motorized_bicycle,2025,2025,2025-06,Ward 4,reportdate
64648874169,25094209,64649093005,Driver,29,25-34,N,N,N,None,N,N,Y,Moped or motorized bicycle,moped_or_motorized_bicycle,2025,2025,2025-06,Ward 6,reportdate
64631772187,25093747,64632492717,Driver,22,16-24,N,N,Y,Minor,N,N,N,Moped or motorized bicycle,moped_or_motorized_bicycle,2025,2025,2025-06,Ward 6,reportdate
64644603611,25093967,64644740231,Bicyclist,15,<16,N,N,Y,Minor,N,N,N,Moped or motorized bicycle,moped_or_motorized_bicycle,2025,2025,2025-06,Ward 5,reportdate
64600677548,25092543,64600755357,Driver,30,25-34,N,N,Y,Minor,N,N,N,Moped or motorized bicycle,moped_or_motorized_bicycle,2025,2025,2025-06,Ward 1,reportdate
64609183354,25093145,64609270555,Driver,0,<16,N,N,N,None,N,N,N,Moped or motorized bicycle,moped_or_motorized_bicycle,2025,2025,2025-06,Ward 1,reportdate
64610631715,25093256,64612106929,Driver,46,45-54,N,N,Y,Minor,N,Y,N,Moped or motorized bicycle,moped_or_motorized_bicycle,2025,2025,2025-06,Ward 6,reportdate
64717485295,25096478,64717566826,Driver,24,16-24,N,N,Y,Minor,N,N,N,Moped or motorized bicycle,moped_or_motorized_bicycle,2025,2025,2025-06,Ward 5,reportdate
64686358357,25095507,64686506597,Driver,21,16-24,N,N,Y,Minor,N,N,N,Moped or motorized bicycle,moped_or_motorized_bicycle,2025,2025,2025-06,Ward 7,reportdate
64691239807,25095699,64691507774,Bicyclist,0,<16,N,N,Y,Minor,N,N,N,Moped or motorized bicycle,moped_or_motorized_bicycle,2025,2025,2025-06,Ward 5,reportdate
64600147379,25092554,64600278224,Driver,0,<16,N,N,Y,Minor,N,N,N,Moped or motorized bicycle,moped_or_motorized_bicycle,2025,2025,2025-06,Ward 1,reportdate
64695425655,25095900,64696198322,Driver,21,16-24,N,N,Y,Minor,N,N,N,Moped or motorized bicycle,moped_or_motorized_bicycle,2025,2025,2025-06,Ward 6,reportdate
64794998760,25099301,64795070237,Driver,16,16-24,N,N,Y,Minor,N,N,N,Moped or motorized bicycle,moped_or_motorized_bicycle,2025,2025,2025-07,Ward 1,reportdate
64795490292,25099454,64795513826,Driver,50,45-54,N,Y,N,Major,N,N,N,Moped or motorized bicycle,moped_or_motorized_bicycle,2025,2025,2025-07,Ward 4,reportdate
64807437554,25099976,64807847590,Driver,16,16-24,N,N,N,None,N,N,N,Moped or motorized bicycle,moped_or_motorized_bicycle,2025,2025,2025-07,Ward 6,reportdate
64807437554,25099976,64807847607,Driver,16,16-24,N,N,Y,Minor,N,N,N,Moped or motorized bicycle,moped_or_motorized_bicycle,2025,2025,2025-07,Ward 6,reportdate
64808485163,25099940,64808564734,Driver,23,16-24,N,N,N,None,N,N,Y,Moped or motorized bicycle,moped_or_motorized_bicycle,2025,2025,2025-07,Ward 1,reportdate
64818575506,25100486,64818635709,Driver,27,25-34,N,N,N,None,N,N,N,Moped or motorized bicycle,moped_or_motorized_bicycle,2025,2025,2025-07,Ward 6,reportdate
64740406365,25097180,64740735921,Bicyclist,0,<16,N,N,N,None,N,N,N,Moped or motorized bicycle,moped_or_motorized_bicycle,2025,2025,2025-06,Ward 2,reportdate
64777595762,25098182,64777872942,Driver,0,<16,N,N,N,None,N,N,N,Moped or motorized bicycle,moped_or_motorized_bicycle,2025,2025,2025-06,Ward 6,reportdate
64780903035,25098895,64781057207,Driver,0,<16,N,N,N,None,N,N,N,Moped or motorized bicycle,moped_or_motorized_bicycle,2025,2025,2025-07,Ward 6,reportdate
64741519258,25097281,64742176072,Driver,20,16-24,N,N,Y,Minor,N,Y,N,Moped or motorized bicycle,moped_or_motorized_bicycle,2025,2025,2025-06,Ward 2,reportdate
64791139342,25099232,64791309574,Driver,40,35-44,N,N,N,None,N,N,N,Moped or motorized bicycle,moped_or_motorized_bicycle,2025,2025,2025-06,Ward 1,reportdate
64889418258,25103108,64889537013,Driver,34,25-34,N,N,Y,Minor,N,N,N,Moped or motorized bicycle,moped_or_motorized_bicycle,2025,2025,2025-07,Ward 1,reportdate
64896920457,25103404,64897098559,Driver,34,25-34,N,N,Y,Minor,N,N,N,Moped or motorized bicycle,moped_or_motorized_bicycle,2025,2025,2025-07,Ward 1,reportdate
64914257125,25104224,64914709814,Other,49,45-54,N,N,Y,Minor,N,N,N,Moped or motorized bicycle,moped_or_motorized_bicycle,2025,2025,2025-07,Ward 2,reportdate
64914304516,25104205,64914652743,Driver,33,25-34,N,N,Y,Minor,N,N,N,Moped or motorized bicycle,moped_or_motorized_bicycle,2025,2025,2025-07,Ward 2,reportdate
64926989155,25104435,64928463455,Driver,23,16-24,N,N,N,None,N,N,Y,Moped or motorized bicycle,moped_or_motorized_bicycle,2025,2025,2025-07,Ward 3,reportdate
64984936250,25107411,64985236757,Driver,25,25-34,N,N,Y,Minor,N,N,N,Moped or motorized bicycle,moped_or_motorized_bicycle,2025,2025,2025-07,Ward 2,reportdate
65017181595,25108820,65017449845,Bicyclist,32,25-34,N,N,Y,Minor,N,N,N,Moped or motorized bicycle,moped_or_motorized_bicycle,2025,2025,2025-07,Ward 4,reportdate
64962318774,25106086,64962599139,Bicyclist,32,25-34,N,N,Y,Minor,N,N,N,Moped or motorized bicycle,moped_or_motorized_bicycle,2025,2025,2025-07,Ward 1,reportdate
64988722313,25107486,64988794255,Driver,0,<16,N,N,N,None,N,N,N,Moped or motorized bicycle,moped_or_motorized_bicycle,2025,2025,2025-07,Ward 2,reportdate
65052212609,25110086,65053681643,Driver,27,25-34,N,Y,N,Major,N,N,N,Moped or motorized bicycle,moped_or_motorized_bicycle,2025,2025,2025-07,Ward 5,reportdate
26659321063,21107617,26659385859,Driver,0,<16,N,N,Y,Minor,N,Y,N,Moped/Scooter,moped_scooter,2021,2021,2021-08,Ward 8,reportdate
64556335167,25090953,64556509718,Driver,28,25-34,N,N,Y,Minor,N,N,N,Moped or motorized bicycle,moped_or_motorized_bicycle,2025,2025,2025-06,Ward 1,reportdate
64920822370,25110420,64981151806,Driver,0,<16,N,N,N,None,N,N,N,Moped or motorized bicycle,moped_or_motorized_bicycle,2025,2025,2025-07,Ward 1,reportdate
65007535368,25108272,65007601097,Driver,0,<16,N,N,N,None,N,N,N,Moped or motorized bicycle,moped_or_motorized_bicycle,2025,2025,2025-07,Ward 6,reportdate
65007535368,25108272,65007601116,Passenger,24,16-24,N,N,Y,Minor,N,N,N,Moped or motorized bicycle,moped_or_motorized_bicycle,2025,2025,2025-07,Ward 6,reportdate
27168609778,21123255,27169250944,Driver,0,<16,N,N,N,None,N,N,Y,Moped/Scooter,moped_scooter,2021,2021,2021-08,Ward 7,reportdate
27008644537,21118826,27008693238,Other,21,16-24,N,N,Y,Minor,N,N,N,Moped/Scooter,moped_scooter,2021,2021,2021-08,Ward 2,reportdate
27053389635,21119169,27053475758,Driver,0,<16,N,N,N,None,N,Y,N,Moped/Scooter,moped_scooter,2021,2021,2021-08,Ward 7,reportdate
27218573683,21123879,27218631459,Driver,54,45-54,N,N,Y,Minor,N,N,N,Moped/Scooter,moped_scooter,2021,2021,2021-08,Ward 3,reportdate
27384448742,21131073,27384493699,Driver,36,35-44,N,N,Y,Minor,N,N,N,Moped/Scooter,moped_scooter,2021,2021,2021-09,Ward 6,reportdate
27384448742,21131073,27384575916,Passenger,35,35-44,N,N,Y,Minor,N,N,N,Moped/Scooter,moped_scooter,2021,2021,2021-09,Ward 6,reportdate
27406471102,21131322,27411578880,Driver,36,35-44,N,N,N,None,N,N,N,Moped/Scooter,moped_scooter,2021,2021,2021-09,Ward 5,reportdate
27273419604,21128529,27273486606,Driver,45,45-54,N,N,Y,Minor,N,N,Y,Moped/Scooter,moped_scooter,2021,2021,2021-09,Ward 5,reportdate
27471324236,21134107,27471382251,Driver,25,25-34,N,N,Y,Minor,N,N,Y,Moped/Scooter,moped_scooter,2021,2021,2021-09,Ward 5,reportdate
27475862833,21134715,27475927562,Driver,30,25-34,N,N,Y,Minor,N,N,N,Moped/Scooter,moped_scooter,2021,2021,2021-09,Ward 5,reportdate
27871326844,21141308,27890708711,Driver,26,25-34,N,N,Y,Minor,N,N,N,Moped/Scooter,moped_scooter,2021,2021,2021-10,Ward 4,reportdate
27871326844,21141308,27890979152,Passenger,25,25-34,N,N,Y,Minor,N,N,N,Moped/Scooter,moped_scooter,2021,2021,2021-10,Ward 4,reportdate
27512192017,21136483,27512316846,Driver,21,16-24,N,N,Y,Minor,N,N,N,Moped/Scooter,moped_scooter,2021,2021,2021-09,Ward 2,reportdate
27515743606,21136387,27515856456,Driver,55,55-64,N,N,Y,Minor,N,N,N,Moped/Scooter,moped_scooter,2021,2021,2021-09,Ward 1,reportdate
27511133030,21123979,27537772599,Driver,0,<16,N,N,N,None,N,Y,N,Moped/Scooter,moped_scooter,2021,2021,2021-08,Ward 1,reportdate
28010799717,21145591,28011878052,Driver,22,16-24,N,N,Y,Minor,N,N,N,Moped/Scooter,moped_scooter,2021,2021,2021-10,Ward 4,reportdate
27929685081,21143472,27930968443,Driver,17,16-24,N,N,N,None,N,N,N,Moped/Scooter,moped_scooter,2021,2021,2021-10,Ward 5,reportdate
28000132134,21145022,28437574008,Driver,52,45-54,N,Y,N,Major,N,N,N,Moped/Scooter,moped_scooter,2021,2021,2021-10,Ward 2,reportdate
28056090371,21147663,28057243883,Driver,60,55-64,N,N,Y,Minor,N,N,N,Moped/Scooter,moped_scooter,2021,2021,2021-10,Ward 7,reportdate
28141242293,21148219,28142822401,Driver,56,55-64,N,N,Y,Minor,N,N,N,Moped/Scooter,moped_scooter,2021,2021,2021-10,Ward 2,reportdate
28696173164,21151701,28697998722,Driver,37,35-44,N,N,Y,Minor,N,N,Y,Moped/Scooter,moped_scooter,2021,2021,2021-10,Ward 3,reportdate
29590337621,21160892,29618932165,Driver,39,35-44,N,N,Y,Minor,Y,N,N,Moped/Scooter,moped_scooter,2021,2021,2021-11,Ward 2,reportdate
29639005533,21162961,29639064791,Driver,0,<16,N,N,N,None,N,N,N,Moped/Scooter,moped_scooter,2021,2021,2021-11,Ward 2,reportdate
29743610931,21168368,29745054458,Driver,43,35-44,N,N,Y,Minor,N,N,N,Moped/Scooter,moped_scooter,2021,2021,2021-11,Ward 4,reportdate
29256257650,21155040,29668997817,Driver,34,25-34,N,N,Y,Minor,N,N,N,Moped/Scooter,moped_scooter,2021,2021,2021-10,Ward 2,reportdate
29837475807,21169970,29838231742,Driver,27,25-34,N,N,Y,Minor,N,N,N,Moped/Scooter,moped_scooter,2021,2021,2021-11,Ward 7,reportdate
30060493230,21177097,30060526220,Driver,26,25-34,N,N,N,None,N,N,Y,Moped/Scooter,moped_scooter,2021,2021,2021-12,Ward 4,reportdate
30012132663,21176194,30012174333,Driver,36,35-44,N,N,Y,Minor,N,N,N,Moped/Scooter,moped_scooter,2021,2021,2021-12,Ward 2,reportdate
30074146653,21178313,30074186067,Driver,68,65+,N,N,Y,Minor,N,N,N,Moped/Scooter,moped_scooter,2021,2021,2021-12,Ward 6,reportdate
64911643531,25103914,64911895285,Driver,36,35-44,N,N,N,None,N,N,N,Moped or motorized bicycle,moped_or_motorized_bicycle,2025,2025,2025-07,Ward 2,reportdate
65084706600,25111612,65085227258,Driver,17,16-24,N,N,N,None,N,N,Y,Moped or motorized bicycle,moped_or_motorized_bicycle,2025,2025,2025-07,Ward 4,reportdate
26708735748,21109788,26711772768,Driver,20,16-24,N,N,Y,Minor,N,N,N,Moped/Scooter,moped_scooter,2021,2021,2021-08,Ward 4,reportdate
26761060818,21108614,26768659059,Driver,0,<16,N,N,N,None,N,N,Y,Moped/Scooter,moped_scooter,2021,2021,2021-08,Ward 5,reportdate
26708735748,21109788,26830038281,Passenger,22,16-24,N,Y,N,Major,N,N,N,Moped/Scooter,moped_scooter,2021,2021,2021-08,Ward 4,reportdate
65145994632,25113168,65146069738,Driver,39,35-44,N,N,Y,Minor,N,N,N,Moped or motorized bicycle,moped_or_motorized_bicycle,2025,2025,2025-07,Ward 1,reportdate
65125714107,25112532,65125796596,Driver,0,<16,N,N,Y,Minor,N,N,N,Moped or motorized bicycle,moped_or_motorized_bicycle,2025,2025,2025-07,Ward 6,reportdate
26038307274,21065568,26038307273,Driver,58,55-64,N,N,Y,Minor,N,N,N,Moped/Scooter,moped_scooter,2021,2021,2021-05,Ward 7,reportdate
27100280259,21120383,27129815400,Driver,0,<16,N,N,N,None,N,N,Y,Moped/Scooter,moped_scooter,2021,2021,2021-08,Ward 7,reportdate
26951208231,21116001,26951278354,Driver,0,<16,N,N,N,None,N,N,Y,Moped/Scooter,moped_scooter,2021,2021,,,ccn_year_fallback
26922330287,21113138,26922395918,Driver,0,<16,N,Y,N,Major,N,N,Y,Moped/Scooter,moped_scooter,2021,2021,2021-08,Ward 2,reportdate
27244718890,21127160,27246199343,Driver,23,16-24,N,Y,N,Major,N,N,N,Moped/Scooter,moped_scooter,2021,2021,2021-09,Ward 1,reportdate
27476862409,21134931,27476907459,Driver,39,35-44,N,N,Y,Minor,N,N,N,Moped/Scooter,moped_scooter,2021,2021,2021-09,Ward 1,reportdate
27379031531,21130307,27379232029,Driver,20,16-24,N,N,N,None,N,N,N,Moped/Scooter,moped_scooter,2021,2021,2021-09,Ward 7,reportdate
65176429817,25114309,65176567063,Driver,27,25-34,N,N,Y,Minor,N,N,Y,Moped or motorized bicycle,moped_or_motorized_bicycle,2025,2025,2025-07,Ward 6,reportdate
27436612055,21132003,27436743598,Driver,29,25-34,N,N,Y,Minor,N,N,Y,Moped or motorized bicycle,moped_or_motorized_bicycle,2021,2021,2021-09,Ward 2,reportdate
26038836906,20152108,26038836905,Driver,20,16-24,Y,N,N,Fatal,N,N,N,Moped or motorized bicycle,moped_or_motorized_bicycle,2020,2020,2020-10,Ward 4,reportdate
26659221938,21106091,26659345835,Driver,0,<16,N,N,N,None,N,N,N,Moped or motorized bicycle,moped_or_motorized_bicycle,2021,2021,2021-08,Ward 6,reportdate
26659221938,21106091,26659398541,Driver,15,<16,N,Y,N,Major,N,N,Y,Moped or motorized bicycle,moped_or_motorized_bicycle,2021,2021,2021-08,Ward 6,reportdate
29427390892,21156823,29427675581,Driver,24,16-24,N,N,N,None,N,N,N,Moped/Scooter,moped_scooter,2021,2021,2021-10,Ward 6,reportdate
29389993498,21156891,29443827647,Driver,52,45-54,N,N,Y,Minor,N,N,Y,Moped/Scooter,moped_scooter,2021,2021,2021-10,Ward 7,reportdate
30724525989,21189299,30724540821,Driver,43,35-44,N,Y,N,Major,N,N,Y,Moped/Scooter,moped_scooter,2021,2021,2021-12,Ward 4,reportdate
30744200020,22000048,30744311768,Driver,22,16-24,N,Y,N,Major,N,N,N,Moped/Scooter,moped_scooter,2022,2022,2022-01,Ward 2,reportdate
30702122001,21187761,30702529411,Driver,25,25-34,N,Y,N,Major,N,N,N,Moped/Scooter,moped_scooter,2021,2021,2021-12,Ward 6,reportdate
31036753178,22003287,31037006850,Driver,20,16-24,N,N,N,None,N,N,Y,Moped/Scooter,moped_scooter,2022,2022,2022-01,Ward 1,reportdate
30757453488,22001063,30757533247,Driver,31,25-34,N,N,Y,Minor,N,N,N,Moped/Scooter,moped_scooter,2022,2022,2022-01,Ward 1,reportdate
31388907105,22011237,31389878491,Driver,0,<16,N,N,N,None,N,N,Y,Moped/Scooter,moped_scooter,2022,2022,2022-01,Ward 5,reportdate
31475913442,22016236,31498031082,Driver,0,<16,N,N,N,None,N,N,N,Moped/Scooter,moped_scooter,2022,2022,2022-02,Ward 2,reportdate
31743255565,22027732,31783562836,Driver,27,25-34,N,N,Y,Minor,N,N,Y,Moped/Scooter,moped_scooter,2022,2022,2022-02,Ward 1,reportdate
32264572530,22039922,32264948739,Driver,21,16-24,N,N,N,None,N,N,N,Moped/Scooter,moped_scooter,2022,2022,2022-03,Ward 5,reportdate
32466705995,22041114,32498286232,Driver,24,16-24,N,N,N,None,N,N,N,Moped or motorized bicycle,moped_or_motorized_bicycle,2022,2022,2022-03,Ward 1,reportdate
32607409163,22045694,32607468035,Driver,20,16-24,N,Y,N,Major,N,N,N,Moped/Scooter,moped_scooter,2022,2022,2022-04,Ward 4,reportdate
32597388803,22044823,32597450236,Passenger,21,16-24,N,N,Y,Minor,N,N,N,Moped/Scooter,moped_scooter,2022,2022,2022-04,Ward 5,reportdate
32597388803,22044823,32603978263,Driver,19,16-24,N,Y,N,Major,N,N,N,Moped/Scooter,moped_scooter,2022,2022,2022-04,Ward 5,reportdate
32726525544,22050841,32726659058,Other,24,16-24,N,N,N,None,N,N,Y,Moped/Scooter,moped_scooter,2022,2022,2022-04,Ward 2,reportdate
32638876591,22048067,32638917187,Driver,69,65+,N,N,N,None,N,N,Y,Moped or motorized bicycle,moped_or_motorized_bicycle,2022,2022,2022-04,Ward 2,reportdate
32943936367,22054906,32944058699,Driver,19,16-24,N,N,N,None,N,N,Y,Moped/Scooter,moped_scooter,2022,2022,2022-04,Ward 3,reportdate
32945234998,22055010,32945334464,Other,63,55-64,N,N,N,None,N,N,N,Moped/Scooter,moped_scooter,2022,2022,2022-04,Ward 5,reportdate
32850042758,22052023,32861483734,Driver,37,35-44,N,N,Y,Minor,N,N,N,Moped/Scooter,moped_scooter,2022,2022,2022-04,Ward 4,reportdate
32928457375,22047598,32928492334,Bicyclist,52,45-54,N,N,Y,Minor,N,N,N,Moped/Scooter,moped_scooter,2022,2022,2022-04,Ward 2,reportdate
33228527407,22059483,33228655339,Driver,49,45-54,N,N,N,None,N,N,N,Moped/Scooter,moped_scooter,2022,2022,2022-04,Ward 1,reportdate
32981769993,22057033,32982386948,Driver,42,35-44,N,N,N,None,N,N,N,Moped/Scooter,moped_scooter,2022,2022,2022-04,Ward 2,reportdate
33628111166,22064616,33628216960,Driver,11,<16,N,N,Y,Minor,N,N,N,Moped/Scooter,moped_scooter,2022,2022,2022-05,Ward 5,reportdate
33909836575,22069741,33909934056,Driver,37,35-44,N,N,Y,Minor,N,N,N,Moped/Scooter,moped_scooter,2022,2022,2022-05,Ward 7,reportdate
34014000417,22074832,34014376438,Driver,65,65+,N,N,Y,Minor,N,N,N,Moped/Scooter,moped_scooter,2022,2022,2022-05,Ward 1,reportdate
34224438984,22085352,34224478839,Driver,31,25-34,N,N,Y,Minor,N,N,N,Moped or motorized bicycle,moped_or_motorized_bicycle,2022,2022,2022-06,Ward 6,reportdate
34224438984,22085352,34224519821,Passenger,36,35-44,N,N,Y,Minor,N,N,N,Moped or motorized bicycle,moped_or_motorized_bicycle,2022,2022,2022-06,Ward 6,reportdate
34249747999,22087485,34249851494,Driver,57,55-64,N,N,Y,Minor,N,N,N,Moped/Scooter,moped_scooter,2022,2022,2022-06,Ward 1,reportdate
34265600347,22088423,34265803064,Driver,34,25-34,N,N,Y,Minor,N,N,N,Moped/Scooter,moped_scooter,2022,2022,2022-06,Ward 6,reportdate
34297089640,22090204,34297364521,Driver,20,16-24,N,N,Y,Minor,N,N,N,Moped/Scooter,moped_scooter,2022,2022,2022-06,Ward 6,reportdate
34520578394,22091308,34520589547,Driver,0,<16,N,N,N,None,N,N,N,Moped/Scooter,moped_scooter,2022,2022,2022-06,Ward 8,reportdate
34624844279,22096780,34624899047,Driver,28,25-34,N,N,Y,Minor,N,N,N,Moped/Scooter,moped_scooter,2022,2022,2022-07,Ward 7,reportdate
34626771007,22096852,34627025691,Driver,32,25-34,N,N,Y,Minor,N,N,Y,Moped/Scooter,moped_scooter,2022,2022,2022-07,Ward 1,reportdate
34604868201,22095058,34605435309,Bicyclist,31,25-34,N,Y,N,Major,N,N,N,Moped/Scooter,moped_scooter,2022,2022,2022-07,Ward 5,reportdate
34931640125,22098930,34931821821,Driver,59,55-64,N,Y,N,Major,N,N,N,Moped/Scooter,moped_scooter,2022,2022,2022-07,Ward 3,reportdate
34640307799,22097717,34640391527,Driver,25,25-34,N,N,Y,Minor,N,N,N,Moped/Scooter,moped_scooter,2022,2022,2022-07,Ward 1,reportdate
35023265192,22105553,35023563522,Driver,29,25-34,N,Y,N,Major,N,N,N,Moped/Scooter,moped_scooter,2022,2022,2022-07,Ward 8,reportdate
35027762293,22105955,35027821927,Driver,26,25-34,N,N,Y,Minor,N,N,N,Moped/Scooter,moped_scooter,2022,2022,2022-07,Ward 5,reportdate
35068099396,22108485,35070191167,Driver,0,<16,N,N,Y,Minor,N,N,N,Moped/Scooter,moped_scooter,2022,2022,2022-07,Ward 1,reportdate
64790608979,25099190,64790672503,Driver,0,<16,N,N,N,None,N,N,N,Moped or motorized bicycle,moped_or_motorized_bicycle,2025,2025,2025-07,Ward 2,reportdate
35092544467,22109831,35092895641,Driver,24,16-24,N,N,Y,Minor,N,N,N,Moped/Scooter,moped_scooter,2022,2022,2022-08,Ward 6,reportdate
65189103388,25114855,65189540378,Driver,0,<16,N,N,N,None,N,N,N,Moped or motorized bicycle,moped_or_motorized_bicycle,2025,2025,2025-07,Ward 2,reportdate
64950605122,25104622,64950890683,Driver,0,<16,N,N,N,None,N,N,N,Moped or motorized bicycle,moped_or_motorized_bicycle,2025,2025,2025-07,Ward 2,reportdate
65051716252,25108500,65120830347,Driver,35,35-44,N,N,Y,Minor,N,N,N,Moped or motorized bicycle,moped_or_motorized_bicycle,2025,2025,2025-07,Ward 6,reportdate
65051716252,25108500,65120830380,Driver,34,25-34,N,N,N,None,N,N,N,Moped or motorized bicycle,moped_or_motorized_bicycle,2025,2025,2025-07,Ward 6,reportdate
65022208790,25105673,65129109088,Driver,41,35-44,N,N,N,None,N,N,Y,Moped or motorized bicycle,moped_or_motorized_bicycle,2025,2025,2025-07,Ward 6,reportdate
65194088595,25115150,65194203342,Driver,0,<16,N,N,N,None,N,Y,N,Moped or motorized bicycle,moped_or_motorized_bicycle,2025,2025,2025-07,Ward 8,reportdate
65194287148,25115148,65194343585,Driver,22,16-24,N,N,Y,Minor,N,Y,N,Moped or motorized bicycle,moped_or_motorized_bicycle,2025,2025,2025-07,Ward 8,reportdate
65195532506,25115165,65195687285,Bicyclist,42,35-44,N,Y,N,Major,N,N,Y,Moped or motorized bicycle,moped_or_motorized_bicycle,2025,2025,2025-07,Ward 4,reportdate
65201849736,25115097,65202070048,Driver,26,25-34,N,N,Y,Minor,N,N,N,Moped or motorized bicycle,moped_or_motorized_bicycle,2025,2025,2025-07,Ward 2,reportdate
65672332403,25132871,65672560988,Driver,94,65+,N,N,Y,Minor,N,N,N,Moped or motorized bicycle,moped_or_motorized_bicycle,2025,2025,2025-08,Ward 2,reportdate
65241729915,25117430,65241842824,Driver,19,16-24,N,N,Y,Minor,N,N,N,Moped or motorized bicycle,moped_or_motorized_bicycle,2025,2025,2025-08,Ward 2,reportdate
65247195095,25117589,65247613314,Driver,28,25-34,N,Y,N,Major,N,N,N,Moped or motorized bicycle,moped_or_motorized_bicycle,2025,2025,2025-08,Ward 1,reportdate
65261458120,25118514,65261564875,Driver,35,35-44,N,Y,N,Major,N,N,N,Moped or motorized bicycle,moped_or_motorized_bicycle,2025,2025,2025-08,Ward 7,reportdate
65261458120,25118514,65261622672,Passenger,0,<16,N,Y,N,Major,N,N,N,Moped or motorized bicycle,moped_or_motorized_bicycle,2025,2025,2025-08,Ward 7,reportdate
65201474178,25109945,65201553911,Passenger,31,25-34,N,N,N,None,N,N,N,Moped or motorized bicycle,moped_or_motorized_bicycle,2025,2025,2025-07,Ward 4,reportdate
65214888495,25115979,65215003662,Driver,32,25-34,N,N,Y,Minor,N,N,N,Moped or motorized bicycle,moped_or_motorized_bicycle,2025,2025,2025-07,Ward 2,reportdate
65208145929,25115388,65223732761,Driver,28,25-34,N,N,N,None,N,N,Y,Moped or motorized bicycle,moped_or_motorized_bicycle,2025,2025,2025-07,Ward 5,reportdate
65226025538,25114442,65226420134,Driver,28,25-34,N,N,N,None,N,N,N,Moped or motorized bicycle,moped_or_motorized_bicycle,2025,2025,2025-07,Ward 5,reportdate
65145660602,25113182,65145880306,Driver,0,<16,N,N,N,None,N,N,N,Moped or motorized bicycle,moped_or_motorized_bicycle,2025,2025,2025-07,Ward 5,reportdate
65371320952,25120654,65371416333,Driver,63,55-64,N,N,N,None,N,N,Y,Moped or motorized bicycle,moped_or_motorized_bicycle,2025,2025,2025-08,Ward 5,reportdate
65385361649,25121186,65385494621,Driver,26,25-34,N,N,Y,Minor,N,N,N,Moped or motorized bicycle,moped_or_motorized_bicycle,2025,2025,2025-08,Ward 5,reportdate
65397038101,25121806,65397213647,Driver,33,25-34,N,N,N,None,N,N,Y,Moped or motorized bicycle,moped_or_motorized_bicycle,2025,2025,2025-08,Ward 6,reportdate
65328731282,25119297,65329640831,Driver,29,25-34,N,N,N,None,N,N,N,Moped or motorized bicycle,moped_or_motorized_bicycle,2025,2025,2025-08,Ward 2,reportdate
65339945628,25119385,65340830059,Driver,29,25-34,N,N,Y,Minor,N,N,Y,Moped or motorized bicycle,moped_or_motorized_bicycle,2025,2025,2025-08,Ward 5,reportdate
65347768517,25119728,65347892567,Driver,19,16-24,N,Y,N,Major,N,N,N,Moped or motorized bicycle,moped_or_motorized_bicycle,2025,2025,2025-08,Ward 5,reportdate
65352774131,25119855,65353106392,Driver,0,<16,N,N,N,None,N,N,N,Moped or motorized bicycle,moped_or_motorized_bicycle,2025,2025,2025-08,Ward 6,reportdate
65351424757,25119335,65353312799,Driver,0,<16,N,N,N,None,N,N,N,Moped or motorized bicycle,moped_or_motorized_bicycle,2025,2025,2025-08,Ward 5,reportdate
65358720178,25114052,65358904409,Driver,0,<16,N,N,N,None,N,N,N,Moped or motorized bicycle,moped_or_motorized_bicycle,2025,2025,2025-07,Ward 2,reportdate
65474917327,25124029,65475169886,Bicyclist,44,35-44,N,N,Y,Minor,N,N,Y,Moped or motorized bicycle,moped_or_motorized_bicycle,2025,2025,2025-08,Ward 2,reportdate
65443686404,25123256,65443833694,Driver,25,25-34,N,N,Y,Minor,N,N,N,Moped or motorized bicycle,moped_or_motorized_bicycle,2025,2025,2025-08,Ward 6,reportdate
65562262351,25128032,65563696564,Driver,37,35-44,N,N,Y,Minor,N,N,Y,Moped or motorized bicycle,moped_or_motorized_bicycle,2025,2025,2025-08,Ward 7,reportdate
26038300648,20174848,26038300647,Passenger,24,16-24,N,N,N,None,N,N,N,Moped/Scooter,moped_scooter,2020,2020,2020-12,Ward 6,reportdate
26038350090,21058624,26038350089,Driver,51,45-54,N,N,Y,Minor,N,N,N,Moped/Scooter,moped_scooter,2021,2021,2021-05,Ward 6,reportdate
65602789161,25130081,65602880219,Driver,32,25-34,N,N,Y,Minor,N,N,N,Moped or motorized bicycle,moped_or_motorized_bicycle,2025,2025,2025-08,Ward 1,reportdate
26039360134,20159543,26039360133,Driver,41,35-44,N,N,Y,Minor,N,N,N,Moped/Scooter,moped_scooter,2020,2020,2020-11,Ward 7,reportdate
26039999543,20150631,26039999542,Driver,40,35-44,N,N,N,None,N,N,N,Moped/Scooter,moped_scooter,2020,2020,2020-10,Ward 1,reportdate
26038152551,20151554,26039999665,Driver,0,<16,N,N,N,None,N,N,N,Moped/Scooter,moped_scooter,2020,2020,2020-10,Ward 7,reportdate
26040046339,21005022,26040046338,Driver,18,16-24,N,N,N,None,N,N,N,Moped/Scooter,moped_scooter,2021,2021,2021-01,Ward 2,reportdate
26040028395,20175339,26040028394,Driver,20,16-24,N,N,N,None,N,N,N,Moped/Scooter,moped_scooter,2020,2020,2020-12,Ward 7,reportdate
26040028418,20175434,26040028422,Driver,0,<16,N,N,N,None,N,N,N,Moped/Scooter,moped_scooter,2020,2020,2020-12,Ward 3,reportdate
26038300648,20174848,26040028538,Driver,0,<16,N,N,N,None,N,N,N,Moped/Scooter,moped_scooter,2020,2020,2020-12,Ward 6,reportdate
26040059402,21014549,26040059401,Driver,20,16-24,N,Y,N,Major,N,N,N,Moped/Scooter,moped_scooter,2021,2021,2021-01,Ward 2,reportdate
26797673332,21106795,26798102404,Driver,27,25-34,N,N,Y,Minor,N,N,N,Moped/Scooter,moped_scooter,2021,2021,2021-07,Ward 6,reportdate
26798589987,21089367,26798594290,Driver,55,55-64,N,N,Y,Minor,N,N,N,Moped/Scooter,moped_scooter,2021,2021,2021-07,Ward 2,reportdate
26038350090,21058624,26040118392,Passenger,16,16-24,N,N,Y,Minor,N,N,N,Moped/Scooter,moped_scooter,2021,2021,2021-05,Ward 6,reportdate
37666628282,22154414,37690099184,Driver,39,35-44,N,N,Y,Minor,N,N,N,Moped/Scooter,moped_scooter,2022,2022,2022-10,Ward 1,reportdate
32670688121,22050183,32670824257,Driver,0,<16,N,N,N,None,N,Y,N,Moped/Scooter,moped_scooter,2022,2022,2022-03,Ward 5,reportdate
54849421796,24040536,55024389724,Driver,34,25-34,N,Y,N,Major,N,N,N,Moped or motorized bicycle,moped_or_motorized_bicycle,2024,2024,2024-03,Ward 2,reportdate
55824876970,24065992,55825003654,Driver,25,25-34,N,N,N,None,N,N,N,Moped or motorized bicycle,moped_or_motorized_bicycle,2024,2024,2024-05,Ward 1,reportdate
58239067591,24121392,58239135737,Driver,18,16-24,N,N,Y,Minor,N,N,Y,Moped or motorized bicycle,moped_or_motorized_bicycle,2024,2024,2024-08,Ward 6,reportdate
58239067591,24121392,58239195183,Passenger,38,35-44,N,N,Y,Minor,N,N,N,Moped or motorized bicycle,moped_or_motorized_bicycle,2024,2024,2024-08,Ward 6,reportdate
62687912406,25018879,62687952971,Driver,24,16-24,N,Y,N,Major,N,N,N,Moped or motorized bicycle,moped_or_motorized_bicycle,2025,2025,2025-02,Ward 6,reportdate
59906095144,24147649,59906455945,Driver,33,25-34,N,N,Y,Minor,N,N,N,Moped or motorized bicycle,moped_or_motorized_bicycle,2024,2024,2024-09,Ward 6,reportdate
55908326509,24067688,55911651125,Driver,27,25-34,N,Y,N,Major,N,N,N,Moped or motorized bicycle,moped_or_motorized_bicycle,2024,2024,2024-05,Ward 4,reportdate
56008716418,24069851,56008884637,Driver,27,25-34,N,N,Y,Minor,N,N,N,Moped or motorized bicycle,moped_or_motorized_bicycle,2024,2024,2024-05,Ward 3,reportdate
26797716532,21097374,26797716531,Driver,59,55-64,N,N,Y,Minor,N,N,N,Moped/Scooter,moped_scooter,2021,2021,2021-07,Ward 7,reportdate
26797744706,21105690,26798357412,Driver,36,35-44,N,N,Y,Minor,N,N,N,Moped/Scooter,moped_scooter,2021,2021,2021-07,Ward 7,reportdate
29997557088,21175399,29997677325,Driver,23,16-24,N,N,N,None,N,N,N,Moped/Scooter,moped_scooter,2021,2021,2021-12,Ward 2,reportdate
46866263349,23042223,46867390392,Driver,35,35-44,N,N,N,None,N,N,N,Moped or motorized bicycle,moped_or_motorized_bicycle,2023,2023,2023-03,Ward 7,reportdate
55945994702,24068058,55948421710,Driver,28,25-34,N,N,Y,Minor,N,N,N,Moped or motorized bicycle,moped_or_motorized_bicycle,2024,2024,2024-05,Ward 6,reportdate
55945994702,24068058,55949897527,Passenger,0,<16,N,N,Y,Minor,N,N,N,Moped or motorized bicycle,moped_or_motorized_bicycle,2024,2024,2024-05,Ward 6,reportdate
58537673953,24130241,58539031126,Driver,19,16-24,N,N,Y,Minor,N,N,N,Moped or motorized bicycle,moped_or_motorized_bicycle,2024,2024,2024-08,Ward 2,reportdate
58579674884,24131386,58580248293,Driver,32,25-34,N,N,Y,Minor,N,N,N,Moped or motorized bicycle,moped_or_motorized_bicycle,2024,2024,2024-08,Ward 4,reportdate
57194274477,24098654,57194383352,Driver,27,25-34,N,N,Y,Minor,N,Y,N,Moped or motorized bicycle,moped_or_motorized_bicycle,2024,2024,2024-06,Ward 2,reportdate
54249763149,24025516,54249833141,Driver,25,25-34,N,N,Y,Minor,N,N,N,Moped or motorized bicycle,moped_or_motorized_bicycle,2024,2024,2024-02,Ward 2,reportdate
55005460787,24045321,55005630646,Driver,24,16-24,N,N,Y,Minor,N,N,N,Moped or motorized bicycle,moped_or_motorized_bicycle,2024,2024,2024-03,Ward 1,reportdate
65571638100,25128547,65571720208,Driver,35,35-44,N,N,Y,Minor,N,N,N,Moped or motorized bicycle,moped_or_motorized_bicycle,2025,2025,2025-08,Ward 8,reportdate
64803260738,25099726,64803695112,Driver,0,<16,N,N,N,None,N,N,N,Moped or motorized bicycle,moped_or_motorized_bicycle,2025,2025,2025-07,Ward 2,reportdate
64818611647,25100461,64819123872,Driver,34,25-34,N,N,Y,Minor,N,N,N,Moped or motorized bicycle,moped_or_motorized_bicycle,2025,2025,2025-07,Ward 5,reportdate
65248266134,25117656,65248529259,Driver,32,25-34,N,N,Y,Minor,N,N,Y,Moped or motorized bicycle,moped_or_motorized_bicycle,2025,2025,2025-08,Ward 2,reportdate
65257376923,25118192,65257701082,Driver,0,<16,N,N,N,None,N,N,Y,Moped or motorized bicycle,moped_or_motorized_bicycle,2025,2025,2025-07,Ward 5,reportdate
65739181330,25135991,65739318109,Driver,25,25-34,N,N,Y,Minor,N,N,N,Moped or motorized bicycle,moped_or_motorized_bicycle,2025,2025,2025-09,Ward 2,reportdate
65740897352,25136108,65741283112,Driver,45,45-54,N,Y,N,Major,N,N,Y,Moped or motorized bicycle,moped_or_motorized_bicycle,2025,2025,2025-09,Ward 1,reportdate
65741249710,25136042,65742623522,Driver,21,16-24,N,N,N,None,N,N,N,Moped or motorized bicycle,moped_or_motorized_bicycle,2025,2025,2025-09,Ward 1,reportdate
65709016544,25134643,65709136365,Bicyclist,40,35-44,N,N,Y,Minor,N,N,N,Moped or motorized bicycle,moped_or_motorized_bicycle,2025,2025,2025-09,Ward 7,reportdate
65715255880,25134452,65716331988,Driver,54,45-54,N,N,Y,Minor,N,N,N,Moped or motorized bicycle,moped_or_motorized_bicycle,2025,2025,2025-09,Ward 2,reportdate
65741418508,25136167,65800162916,Driver,0,<16,N,N,N,None,N,N,N,Moped or motorized bicycle,moped_or_motorized_bicycle,2025,2025,2025-09,Ward 1,reportdate
66020166792,25139045,66020274979,Bicyclist,49,45-54,N,N,N,None,N,N,Y,Moped or motorized bicycle,moped_or_motorized_bicycle,2025,2025,2025-09,Ward 5,reportdate
66023190646,25139096,66023310667,Driver,37,35-44,N,N,Y,Minor,N,N,Y,Moped or motorized bicycle,moped_or_motorized_bicycle,2025,2025,2025-09,Ward 2,reportdate
66023748211,25139308,66023894607,Driver,34,25-34,N,N,N,None,N,N,N,Moped or motorized bicycle,moped_or_motorized_bicycle,2025,2025,2025-09,Ward 1,reportdate
65808086073,25136816,65808187606,Driver,38,35-44,N,N,Y,Minor,N,N,Y,Moped or motorized bicycle,moped_or_motorized_bicycle,2025,2025,2025-09,Ward 5,reportdate
65827835507,25137270,65830794149,Driver,0,<16,N,N,N,None,N,Y,N,Moped or motorized bicycle,moped_or_motorized_bicycle,2025,2025,2025-09,Ward 5,reportdate
65768661112,25136429,65772778273,Driver,0,<16,N,N,N,None,N,N,N,Moped or motorized bicycle,moped_or_motorized_bicycle,2025,2025,2025-09,Ward 8,reportdate
66077240880,25141011,66077347733,Driver,23,16-24,N,Y,N,Major,N,N,N,Moped or motorized bicycle,moped_or_motorized_bicycle,2025,2025,2025-09,Ward 7,reportdate
66024107164,25139244,66043248736,Bicyclist,24,16-24,N,N,N,None,N,N,N,Moped or motorized bicycle,moped_or_motorized_bicycle,2025,2025,2025-09,Ward 2,reportdate
66062704376,25140915,66063204082,Driver,18,16-24,N,N,Y,Minor,N,N,N,Moped or motorized bicycle,moped_or_motorized_bicycle,2025,2025,2025-09,Ward 6,reportdate
66030896654,25139487,66031573086,Driver,24,16-24,N,N,Y,Minor,N,N,N,Moped or motorized bicycle,moped_or_motorized_bicycle,2025,2025,2025-09,Ward 1,reportdate
66165493244,25144759,66165570515,Driver,20,16-24,N,N,N,None,N,N,N,Moped or motorized bicycle,moped_or_motorized_bicycle,2025,2025,2025-09,Ward 7,reportdate
66183285797,25145087,66183532715,Driver,14,<16,N,N,Y,Minor,N,N,N,Moped or motorized bicycle,moped_or_motorized_bicycle,2025,2025,2025-09,Ward 7,reportdate
66224182261,25146199,66226571214,Driver,0,<16,N,N,Y,Minor,N,N,N,Moped or motorized bicycle,moped_or_motorized_bicycle,2025,2025,2025-09,Ward 4,reportdate
66134159728,25142845,66134300149,Driver,22,16-24,N,N,Y,Minor,N,N,N,Moped or motorized bicycle,moped_or_motorized_bicycle,2025,2025,2025-09,Ward 4,reportdate
66147706550,25144206,66148164066,Driver,0,<16,N,N,Y,Minor,N,N,N,Moped or motorized bicycle,moped_or_motorized_bicycle,2025,2025,2025-09,Ward 6,reportdate
66148002399,25143977,66148376584,Driver,0,<16,N,N,N,None,N,N,N,Moped or motorized bicycle,moped_or_motorized_bicycle,2025,2025,2025-09,Ward 6,reportdate
64161006836,25078831,66286789945,Bicyclist,17,16-24,N,N,Y,Minor,N,N,N,Moped or motorized bicycle,moped_or_motorized_bicycle,2025,2025,2025-05,Ward 6,reportdate
66267605740,25147334,66267699317,Driver,48,45-54,N,N,Y,Minor,N,N,N,Moped or motorized bicycle,moped_or_motorized_bicycle,2025,2025,2025-09,Ward 6,reportdate
66276635711,25148002,66276712897,Driver,18,16-24,N,Y,N,Major,N,N,N,Moped or motorized bicycle,moped_or_motorized_bicycle,2025,2025,2025-09,Ward 6,reportdate
67172914149,25167303,67173394562,Driver,0,<16,N,N,N,None,N,N,N,Moped or motorized bicycle,moped_or_motorized_bicycle,2025,2025,2025-10,Ward 2,reportdate
66783875791,25158989,66785124635,Driver,0,<16,N,N,N,None,N,N,N,Moped or motorized bicycle,moped_or_motorized_bicycle,2025,2025,2025-10,Ward 4,reportdate
67060524918,25163633,67061594923,Driver,32,25-34,N,N,N,None,N,N,N,Moped or motorized bicycle,moped_or_motorized_bicycle,2025,2025,2025-10,Ward 1,reportdate
67114153370,25165870,67114435730,Driver,33,25-34,N,Y,N,Major,N,N,Y,Moped or motorized bicycle,moped_or_motorized_bicycle,2025,2025,2025-10,Ward 5,reportdate
67149676689,25166494,67149956976,Driver,0,<16,N,N,N,None,N,N,N,Moped or motorized bicycle,moped_or_motorized_bicycle,2025,2025,2025-11,Ward 8,reportdate
67149676689,25166494,67149956987,Passenger,0,<16,N,N,N,None,N,N,N,Moped or motorized bicycle,moped_or_motorized_bicycle,2025,2025,2025-11,Ward 8,reportdate
67125982228,25166194,67126391643,Driver,38,35-44,N,N,Y,Minor,N,N,N,Moped or motorized bicycle,moped_or_motorized_bicycle,2025,2025,2025-11,Ward 6,reportdate
65580174074,25129151,65595201600,Driver,25,25-34,N,N,Y,Minor,N,N,N,Moped or motorized bicycle,moped_or_motorized_bicycle,2025,2025,2025-08,Ward 2,reportdate
65696162265,25130992,65696479432,Driver,24,16-24,N,N,N,None,N,N,N,Moped or motorized bicycle,moped_or_motorized_bicycle,2025,2025,2025-08,Ward 3,reportdate
59799547190,24152133,59806965495,Driver,29,25-34,N,N,Y,Minor,N,N,N,Moped or motorized bicycle,moped_or_motorized_bicycle,2024,2024,2024-09,Ward 2,reportdate
64776654517,25098547,64776937856,Driver,44,35-44,N,N,Y,Minor,N,N,N,Moped or motorized bicycle,moped_or_motorized_bicycle,2025,2025,2025-07,Ward 2,reportdate
64583854420,25091980,64794899362,Driver,0,<16,N,N,N,None,N,N,N,Moped or motorized bicycle,moped_or_motorized_bicycle,2025,2025,2025-06,Ward 2,reportdate
66370036165,25151551,66370105988,Bicyclist,16,16-24,N,N,Y,Minor,N,N,N,Moped or motorized bicycle,moped_or_motorized_bicycle,2025,2025,2025-10,Ward 6,reportdate
66375613916,25152214,66375716898,Driver,0,<16,N,N,N,None,N,Y,N,Moped or motorized bicycle,moped_or_motorized_bicycle,2025,2025,2025-10,Ward 6,reportdate
66376100641,25152246,66376129818,Driver,39,35-44,N,N,Y,Minor,N,N,N,Moped or motorized bicycle,moped_or_motorized_bicycle,2025,2025,2025-10,Ward 8,reportdate
66376134787,25152056,66376172112,Driver,27,25-34,N,N,Y,Minor,N,N,N,Moped or motorized bicycle,moped_or_motorized_bicycle,2025,2025,2025-10,Ward 2,reportdate
66378132524,25152265,66378856757,Driver,25,25-34,N,N,N,None,N,N,N,Moped or motorized bicycle,moped_or_motorized_bicycle,2025,2025,2025-10,Ward 6,reportdate
66373138687,25151982,66373353501,Bicyclist,21,16-24,N,N,Y,Minor,N,N,N,Moped or motorized bicycle,moped_or_motorized_bicycle,2025,2025,2025-10,Ward 6,reportdate
66391435854,25152819,66393614596,Driver,19,16-24,N,N,Y,Minor,N,N,N,Moped or motorized bicycle,moped_or_motorized_bicycle,2025,2025,2025-10,Ward 5,reportdate
66394179693,25153042,66394484739,Driver,33,25-34,N,N,Y,Minor,N,N,N,Moped or motorized bicycle,moped_or_motorized_bicycle,2025,2025,2025-10,Ward 6,reportdate
66770463211,25158555,66770612710,Driver,26,25-34,N,Y,N,Major,N,N,N,Moped or motorized bicycle,moped_or_motorized_bicycle,2025,2025,2025-10,Ward 3,reportdate
66687276381,25156632,66688929725,Driver,39,35-44,N,N,N,None,N,N,Y,Moped or motorized bicycle,moped_or_motorized_bicycle,2025,2025,2025-10,Ward 2,reportdate
66691928308,25156995,66692023635,Other,18,16-24,N,N,Y,Minor,N,N,N,Moped or motorized bicycle,moped_or_motorized_bicycle,2025,2025,2025-10,Ward 1,reportdate
66700339999,25157114,66701661795,Bicyclist,10,<16,N,N,N,None,N,N,N,Moped or motorized bicycle,moped_or_motorized_bicycle,2025,2025,2025-10,Ward 5,reportdate
66808493764,25159688,66809441911,Driver,22,16-24,N,Y,N,Major,N,N,N,Moped or motorized bicycle,moped_or_motorized_bicycle,2025,2025,2025-10,Ward 5,reportdate
66794619958,25159262,66794672505,Driver,37,35-44,N,N,Y,Minor,N,N,N,Moped or motorized bicycle,moped_or_motorized_bicycle,2025,2025,2025-10,Ward 4,reportdate
66906942877,25164032,66907017610,Driver,50,45-54,N,N,Y,Minor,N,N,Y,Moped or motorized bicycle,moped_or_motorized_bicycle,2025,2025,2025-10,Ward 2,reportdate
66911912470,25164204,66912219436,Driver,56,55-64,N,N,Y,Minor,N,N,Y,Moped or motorized bicycle,moped_or_motorized_bicycle,2025,2025,2025-10,Ward 5,reportdate
66987992688,25164667,66988875686,Driver,23,16-24,N,N,Y,Minor,N,N,N,Moped or motorized bicycle,moped_or_motorized_bicycle,2025,2025,2025-10,Ward 1,reportdate
66868885303,25162083,66882452428,Driver,56,55-64,N,N,Y,Minor,N,N,N,Moped or motorized bicycle,moped_or_motorized_bicycle,2025,2025,2025-10,Ward 7,reportdate
66887769777,25163360,66887887811,Driver,55,55-64,N,N,Y,Minor,N,N,N,Moped or motorized bicycle,moped_or_motorized_bicycle,2025,2025,2025-10,Ward 4,reportdate
67292689206,25169758,67292763575,Driver,0,<16,N,N,N,None,N,N,N,Moped or motorized bicycle,moped_or_motorized_bicycle,2025,2025,2025-11,Ward 4,reportdate
67344116634,25172597,67344341978,Driver,33,25-34,N,N,Y,Minor,N,N,N,Moped or motorized bicycle,moped_or_motorized_bicycle,2025,2025,2025-11,Ward 5,reportdate
67335795007,25172294,67336186688,Driver,43,35-44,N,N,N,None,N,N,N,Moped or motorized bicycle,moped_or_motorized_bicycle,2025,2025,2025-11,Ward 6,reportdate
67338026196,25171732,67352976606,Driver,0,<16,N,N,N,None,N,N,N,Moped or motorized bicycle,moped_or_motorized_bicycle,2025,2025,2025-11,Ward 4,reportdate
67396978801,25174552,67397023997,Driver,34,25-34,N,N,N,None,N,N,N,Moped or motorized bicycle,moped_or_motorized_bicycle,2025,2025,2025-11,Ward 3,reportdate
67366424793,25173662,67366678344,Driver,27,25-34,N,N,N,None,N,N,N,Moped or motorized bicycle,moped_or_motorized_bicycle,2025,2025,2025-11,Ward 5,reportdate
67377617498,25173795,67377822251,Driver,0,<16,N,N,N,None,N,N,N,Moped or motorized bicycle,moped_or_motorized_bicycle,2025,2025,2025-11,Ward 6,reportdate
67379262524,25173969,67379362347,Driver,30,25-34,N,N,Y,Minor,N,N,N,Moped or motorized bicycle,moped_or_motorized_bicycle,2025,2025,2025-11,Ward 2,reportdate
67317322964,25172009,67318039323,Other,31,25-34,N,N,Y,Minor,N,N,N,Moped or motorized bicycle,moped_or_motorized_bicycle,2025,2025,2025-11,Ward 6,reportdate
67501835303,25178025,67501894091,Driver,27,25-34,N,N,Y,Minor,N,N,N,Moped or motorized bicycle,moped_or_motorized_bicycle,2025,2025,2025-11,Ward 1,reportdate
67403237564,25174761,67443083914,Driver,0,<16,N,N,N,None,N,N,Y,Moped or motorized bicycle,moped_or_motorized_bicycle,2025,2025,2025-11,Ward 4,reportdate
67449483674,25176475,67449628676,Driver,0,<16,N,N,N,None,N,N,N,Moped or motorized bicycle,moped_or_motorized_bicycle,2025,2025,2025-11,Ward 5,reportdate
67462683146,25176893,67462875402,Driver,40,35-44,N,N,Y,Minor,N,N,N,Moped or motorized bicycle,moped_or_motorized_bicycle,2025,2025,2025-11,Ward 2,reportdate
67763286467,25185906,67763646660,Driver,0,<16,N,N,N,None,N,N,N,Moped or motorized bicycle,moped_or_motorized_bicycle,2025,2025,2025-12,Ward 1,reportdate
62349935090,25008802,62352383806,Driver,19,16-24,N,N,Y,Minor,N,N,N,Moped or motorized bicycle,moped_or_motorized_bicycle,2025,2025,2025-01,Ward 6,reportdate
67412482869,25175164,67412583232,Driver,58,55-64,N,N,Y,Minor,N,N,Y,Moped or motorized bicycle,moped_or_motorized_bicycle,2025,2025,2025-11,Ward 2,reportdate
67466398441,25177226,67466927408,Driver,0,<16,N,Y,N,Major,N,N,N,Moped or motorized bicycle,moped_or_motorized_bicycle,2025,2025,2025-11,Ward 4,reportdate
67486315078,25177706,67486433032,Driver,39,35-44,N,N,Y,Minor,N,N,N,Moped or motorized bicycle,moped_or_motorized_bicycle,2025,2025,2025-11,Ward 5,reportdate
68023904609,26000840,68024070120,Driver,56,55-64,N,N,Y,Minor,N,N,N,Moped or motorized bicycle,moped_or_motorized_bicycle,2026,2026,2026-01,Ward 4,reportdate
68009190481,26000385,68009693043,Driver,39,35-44,N,N,Y,Minor,N,N,Y,Moped or motorized bicycle,moped_or_motorized_bicycle,2026,2026,2026-01,Ward 2,reportdate
68009504838,26000309,68009536040,Driver,29,25-34,N,N,N,None,N,N,N,Moped or motorized bicycle,moped_or_motorized_bicycle,2026,2026,2026-01,Ward 1,reportdate
66894366224,25162081,66894626234,Driver,21,16-24,N,N,Y,Minor,N,N,N,Moped or motorized bicycle,moped_or_motorized_bicycle,2025,2025,2025-10,Ward 3,reportdate
68077051020,26002619,68077260920,Driver,62,55-64,N,N,N,None,N,N,N,Moped or motorized bicycle,moped_or_motorized_bicycle,2026,2026,2026-01,Ward 5,reportdate
67800943656,25186099,67801458252,Bicyclist,25,25-34,N,N,Y,Minor,N,N,N,Moped or motorized bicycle,moped_or_motorized_bicycle,2025,2025,2025-12,Ward 1,reportdate
67957208101,25193975,67957242329,Bicyclist,44,35-44,N,N,Y,Minor,N,N,N,Moped or motorized bicycle,moped_or_motorized_bicycle,2025,2025,2025-12,Ward 5,reportdate
68224482903,26008272,68224739018,Driver,30,25-34,N,N,Y,Minor,N,N,N,Moped or motorized bicycle,moped_or_motorized_bicycle,2026,2026,2026-01,Ward 2,reportdate
68153694669,26005517,68153818565,Driver,21,16-24,N,N,Y,Minor,N,N,Y,Moped or motorized bicycle,moped_or_motorized_bicycle,2026,2026,2026-01,Ward 2,reportdate
68167335472,26006164,68167469018,Driver,0,<16,N,N,N,None,N,N,Y,Moped or motorized bicycle,moped_or_motorized_bicycle,2026,2026,2026-01,Ward 4,reportdate
68133834272,26003768,68164035055,Driver,37,35-44,N,N,Y,Minor,N,N,Y,Moped or motorized bicycle,moped_or_motorized_bicycle,2026,2026,2026-01,Ward 6,reportdate
66663602775,25155955,66664065809,Driver,24,16-24,N,N,Y,Minor,N,N,Y,Moped or motorized bicycle,moped_or_motorized_bicycle,2025,2025,2025-10,Ward 1,reportdate
63950863713,25070127,63959752471,Driver,0,<16,N,N,N,None,N,N,N,Moped or motorized bicycle,moped_or_motorized_bicycle,2025,2025,2025-05,Ward 5,reportdate
64697194615,25096004,64697280311,Driver,36,35-44,N,N,Y,Minor,N,N,N,Moped or motorized bicycle,moped_or_motorized_bicycle,2025,2025,2025-06,Ward 1,reportdate
68204679349,26007500,68205090074,Driver,27,25-34,N,N,Y,Minor,N,N,N,Moped or motorized bicycle,moped_or_motorized_bicycle,2026,2026,2026-01,Ward 7,reportdate
68247435736,26009237,68248226232,Driver,15,<16,N,N,N,None,N,N,N,Moped or motorized bicycle,moped_or_motorized_bicycle,2026,2026,2026-01,Ward 4,reportdate
68247435736,26009237,68248226276,Passenger,11,<16,N,N,N,None,N,N,N,Moped or motorized bicycle,moped_or_motorized_bicycle,2026,2026,2026-01,Ward 4,reportdate
67654545929,25182347,67654693363,Driver,27,25-34,N,N,N,None,N,N,N,Moped or motorized bicycle,moped_or_motorized_bicycle,2025,2025,2025-12,Ward 2,reportdate
67673998619,25183303,67674492056,Driver,0,<16,N,N,N,None,N,N,N,Moped or motorized bicycle,moped_or_motorized_bicycle,2025,2025,2025-12,Ward 5,reportdate
67486090285,25177670,67486255740,Driver,14,<16,N,N,Y,Minor,N,N,N,Moped or motorized bicycle,moped_or_motorized_bicycle,2025,2025,2025-11,Ward 8,reportdate
67486090285,25177670,67486255762,Passenger,0,<16,N,N,N,None,N,N,N,Moped or motorized bicycle,moped_or_motorized_bicycle,2025,2025,2025-11,Ward 8,reportdate
67702820772,25184023,67702886394,Driver,40,35-44,N,N,Y,Minor,N,N,N,Moped or motorized bicycle,moped_or_motorized_bicycle,2025,2025,2025-12,Ward 7,reportdate
67683645695,25183459,67684467953,Driver,32,25-34,N,N,N,None,N,N,N,Moped or motorized bicycle,moped_or_motorized_bicycle,2025,2025,2025-12,Ward 2,reportdate
67833932421,25188759,67833976274,Driver,43,35-44,N,N,N,None,N,N,N,Moped or motorized bicycle,moped_or_motorized_bicycle,2025,2025,2025-12,Ward 5,reportdate
67817919954,25188406,67818087421,Driver,64,55-64,N,N,N,None,N,N,N,Moped or motorized bicycle,moped_or_motorized_bicycle,2025,2025,2025-12,Ward 2,reportdate
67787877030,25187238,67788007069,Driver,30,25-34,N,N,N,None,N,N,Y,Moped or motorized bicycle,moped_or_motorized_bicycle,2025,2025,2025-12,Ward 4,reportdate
67934681527,25192816,67934748778,Driver,0,<16,N,N,N,None,N,N,N,Moped or motorized bicycle,moped_or_motorized_bicycle,2025,2025,2025-12,Ward 1,reportdate
67893235649,25191440,67893325651,Driver,46,45-54,N,N,Y,Minor,N,N,N,Moped or motorized bicycle,moped_or_motorized_bicycle,2025,2025,2025-12,Ward 5,reportdate
67864380224,25190220,67866320823,Driver,37,35-44,N,N,Y,Minor,N,N,N,Moped or motorized bicycle,moped_or_motorized_bicycle,2025,2025,2025-12,Ward 2,reportdate
68213505998,26007875,68215943406,Driver,42,35-44,N,N,Y,Minor,N,N,N,Moped or motorized bicycle,moped_or_motorized_bicycle,2026,2026,2026-01,Ward 4,reportdate
68246437172,26009210,68247185499,Driver,19,16-24,N,N,Y,Minor,N,N,Y,Moped or motorized bicycle,moped_or_motorized_bicycle,2026,2026,2026-01,Ward 1,reportdate
68355901605,26013141,68356089444,Driver,0,<16,N,N,N,None,N,N,Y,Moped or motorized bicycle,moped_or_motorized_bicycle,2026,2026,2026-01,Ward 5,reportdate
68264095548,26009700,68264223285,Driver,35,35-44,N,N,Y,Minor,N,N,N,Moped or motorized bicycle,moped_or_motorized_bicycle,2026,2026,2026-01,Ward 6,reportdate
68402439514,26014642,68402534210,Driver,27,25-34,N,N,N,None,N,N,N,Moped or motorized bicycle,moped_or_motorized_bicycle,2026,2026,2026-02,Ward 5,reportdate
68425290271,26015839,68425545875,Driver,30,25-34,N,N,Y,Minor,N,N,N,Moped or motorized bicycle,moped_or_motorized_bicycle,2026,2026,2026-02,Ward 5,reportdate
68564250992,26020410,68564390336,Driver,42,35-44,N,N,Y,Minor,N,N,N,Moped or motorized bicycle,moped_or_motorized_bicycle,2026,2026,2026-02,Ward 7,reportdate
68564829542,26020395,68565008075,Driver,0,<16,N,N,N,None,N,N,Y,Moped or motorized bicycle,moped_or_motorized_bicycle,2026,2026,2026-02,Ward 2,reportdate
68513559521,26018665,68531343246,Bicyclist,24,16-24,N,N,Y,Minor,N,N,Y,Moped or motorized bicycle,moped_or_motorized_bicycle,2026,2026,2026-02,Ward 2,reportdate
68536526108,26019381,68536637902,Driver,19,16-24,N,N,N,None,N,N,N,Moped or motorized bicycle,moped_or_motorized_bicycle,2026,2026,2026-02,Ward 2,reportdate
68654502277,26023429,68654582912,Driver,30,25-34,N,N,Y,Minor,N,N,N,Moped or motorized bicycle,moped_or_motorized_bicycle,2026,2026,2026-02,Ward 6,reportdate
68595521780,26020431,68595687870,Driver,30,25-34,N,N,Y,Minor,N,N,N,Moped or motorized bicycle,moped_or_motorized_bicycle,2026,2026,2026-02,Ward 8,reportdate
68610719776,26022050,68612660526,Driver,14,<16,N,N,N,None,N,N,N,Moped or motorized bicycle,moped_or_motorized_bicycle,2026,2026,2026-02,Ward 4,reportdate
68610719776,26022050,68612660559,Passenger,15,<16,N,N,N,None,N,N,N,Moped or motorized bicycle,moped_or_motorized_bicycle,2026,2026,2026-02,Ward 4,reportdate
69493590792,26042118,69494970519,Driver,47,45-54,N,N,Y,Minor,N,N,N,Moped or motorized bicycle,moped_or_motorized_bicycle,2026,2026,2026-03,Ward 2,reportdate
70374842429,26062543,70375036433,Bicyclist,16,16-24,N,N,Y,Minor,N,N,N,Moped or motorized bicycle,moped_or_motorized_bicycle,2026,2026,2026-05,Ward 6,reportdate
68749874674,26026751,68749967629,Driver,42,35-44,N,Y,N,Major,N,N,N,Moped or motorized bicycle,moped_or_motorized_bicycle,2026,2026,2026-02,Ward 5,reportdate
68734150093,26026400,68734231658,Driver,48,45-54,N,N,N,None,N,N,N,Moped or motorized bicycle,moped_or_motorized_bicycle,2026,2026,2026-02,Ward 5,reportdate
70885506573,26077074,70885656779,Driver,0,<16,N,N,Y,Minor,N,N,N,Moped or motorized bicycle,moped_or_motorized_bicycle,2026,2026,2026-06,Ward 5,reportdate
70885685457,26077003,70885984636,Driver,0,<16,N,N,N,None,N,N,N,Moped or motorized bicycle,moped_or_motorized_bicycle,2026,2026,2026-06,Ward 8,reportdate
70885685457,26077003,70885984669,Passenger,0,<16,N,N,N,None,N,N,N,Moped or motorized bicycle,moped_or_motorized_bicycle,2026,2026,2026-06,Ward 8,reportdate
70888717076,26077235,70889513675,Driver,0,<16,N,N,N,None,N,N,N,Moped or motorized bicycle,moped_or_motorized_bicycle,2026,2026,2026-06,Ward 1,reportdate
70898234449,26077523,70898439589,Driver,19,16-24,N,N,N,None,N,N,N,Moped or motorized bicycle,moped_or_motorized_bicycle,2026,2026,2026-06,Ward 4,reportdate
70900073357,26077573,70900124298,Driver,22,16-24,N,N,Y,Minor,N,N,N,Moped or motorized bicycle,moped_or_motorized_bicycle,2026,2026,2026-06,Ward 1,reportdate
70848415192,26075413,70848467475,Driver,0,<16,N,N,Y,Minor,N,N,N,Moped or motorized bicycle,moped_or_motorized_bicycle,2026,2026,2026-06,Ward 7,reportdate
70860768667,26075827,70861122168,Bicyclist,47,45-54,N,N,N,None,N,N,N,Moped or motorized bicycle,moped_or_motorized_bicycle,2026,2026,2026-06,Ward 6,reportdate
70862656383,26076072,70863595075,Driver,31,25-34,N,Y,N,Major,N,N,Y,Moped or motorized bicycle,moped_or_motorized_bicycle,2026,2026,2026-06,Ward 2,reportdate
70870112286,26076337,70870407458,Driver,0,<16,N,N,N,None,N,N,N,Moped or motorized bicycle,moped_or_motorized_bicycle,2026,2026,2026-06,Ward 6,reportdate
68230378520,26008643,68230620021,Driver,0,<16,N,N,Y,Minor,N,N,N,Moped or motorized bicycle,moped_or_motorized_bicycle,2026,2026,2026-01,Ward 1,reportdate
70920781236,26078421,70920993489,Driver,20,16-24,N,N,Y,Minor,N,N,N,Moped or motorized bicycle,moped_or_motorized_bicycle,2026,2026,2026-06,Ward 5,reportdate
70927633778,26078855,70927667094,Driver,21,16-24,N,N,N,None,N,N,Y,Moped or motorized bicycle,moped_or_motorized_bicycle,2026,2026,2026-06,Ward 5,reportdate
70935821259,26079009,70936239634,Driver,0,<16,N,N,N,None,N,N,Y,Moped or motorized bicycle,moped_or_motorized_bicycle,2026,2026,2026-06,Ward 8,reportdate
68761235932,26027164,68761332621,Driver,0,<16,N,N,N,None,N,N,N,Moped or motorized bicycle,moped_or_motorized_bicycle,2026,2026,2026-03,Ward 8,reportdate
68911867983,26023519,68913066276,Driver,0,<16,N,N,N,None,N,Y,N,Moped or motorized bicycle,moped_or_motorized_bicycle,2026,2026,2026-02,Ward 7,reportdate
69115831763,26030100,69116257805,Driver,23,16-24,N,N,N,None,N,N,Y,Moped or motorized bicycle,moped_or_motorized_bicycle,2026,2026,2026-03,Ward 6,reportdate
68770261766,26027481,68770402298,Bicyclist,38,35-44,N,N,Y,Minor,N,N,N,Moped or motorized bicycle,moped_or_motorized_bicycle,2026,2026,2026-03,Ward 2,reportdate
68778397250,26027673,68778956078,Bicyclist,0,<16,N,N,Y,Minor,N,N,N,Moped or motorized bicycle,moped_or_motorized_bicycle,2026,2026,2026-03,Ward 2,reportdate
68792811674,26027952,68793272630,Driver,42,35-44,N,N,Y,Minor,N,N,N,Moped or motorized bicycle,moped_or_motorized_bicycle,2026,2026,2026-03,Ward 6,reportdate
68797938022,26028158,68798108893,Driver,18,16-24,N,N,Y,Minor,N,N,N,Moped or motorized bicycle,moped_or_motorized_bicycle,2026,2026,2026-02,Ward 2,reportdate
68734058438,26026411,68734186014,Driver,29,25-34,N,N,Y,Minor,N,N,N,Moped or motorized bicycle,moped_or_motorized_bicycle,2026,2026,2026-02,Ward 1,reportdate
69124537431,26030734,69126621222,Driver,21,16-24,N,N,Y,Minor,N,N,N,Moped or motorized bicycle,moped_or_motorized_bicycle,2026,2026,2026-03,Ward 6,reportdate
69172280815,26031841,69172387034,Passenger,11,<16,N,N,N,None,N,N,N,Moped or motorized bicycle,moped_or_motorized_bicycle,2026,2026,2026-03,Ward 7,reportdate
69172280815,26031841,69172611678,Driver,16,16-24,N,N,Y,Minor,N,N,N,Moped or motorized bicycle,moped_or_motorized_bicycle,2026,2026,2026-03,Ward 7,reportdate
69116696114,26030090,69117047459,Other,61,55-64,N,N,N,None,N,N,N,Moped or motorized bicycle,moped_or_motorized_bicycle,2026,2026,2026-03,Ward 4,reportdate
69227334439,26033526,69228619273,Driver,16,16-24,N,N,N,None,N,N,N,Moped or motorized bicycle,moped_or_motorized_bicycle,2026,2026,2026-03,Ward 1,reportdate
69231832231,26033812,69232561705,Driver,0,<16,N,N,N,None,N,N,N,Moped or motorized bicycle,moped_or_motorized_bicycle,2026,2026,2026-03,Ward 1,reportdate
69225929975,26033543,69225991873,Driver,39,35-44,N,N,Y,Minor,N,N,N,Moped or motorized bicycle,moped_or_motorized_bicycle,2026,2026,2026-03,Ward 4,reportdate
69332376837,26037048,69345306606,Driver,31,25-34,N,N,Y,Minor,N,N,N,Moped or motorized bicycle,moped_or_motorized_bicycle,2026,2026,2026-03,Ward 2,reportdate
69347319091,26037701,69347440528,Driver,22,16-24,N,Y,N,Major,N,N,Y,Moped or motorized bicycle,moped_or_motorized_bicycle,2026,2026,2026-03,Ward 4,reportdate
69306785373,26036162,69307484417,Driver,0,<16,N,N,N,None,N,N,N,Moped or motorized bicycle,moped_or_motorized_bicycle,2026,2026,2026-03,Ward 6,reportdate
69331828787,26036984,69334549993,Driver,13,<16,N,N,Y,Minor,N,N,N,Moped or motorized bicycle,moped_or_motorized_bicycle,2026,2026,2026-03,Ward 4,reportdate
69343413703,26036902,69343460921,Driver,62,55-64,N,N,Y,Minor,N,N,N,Moped or motorized bicycle,moped_or_motorized_bicycle,2026,2026,2026-03,Ward 2,reportdate
69395279387,26038556,69408302228,Bicyclist,24,16-24,N,N,N,None,N,N,Y,Moped or motorized bicycle,moped_or_motorized_bicycle,2026,2026,2026-03,Ward 2,reportdate
69421816462,26039639,69422020309,Driver,58,55-64,N,N,N,None,N,N,N,Moped or motorized bicycle,moped_or_motorized_bicycle,2026,2026,2026-03,Ward 7,reportdate
69429882460,26040047,69430010341,Driver,19,16-24,N,N,Y,Minor,N,N,N,Moped or motorized bicycle,moped_or_motorized_bicycle,2026,2026,2026-03,Ward 3,reportdate
69471656631,26041856,69471869644,Driver,0,<16,N,Y,N,Major,N,N,N,Moped or motorized bicycle,moped_or_motorized_bicycle,2026,2026,2026-03,Ward 8,reportdate
69513166100,26043186,69513240570,Driver,43,35-44,N,Y,N,Major,N,N,N,Moped or motorized bicycle,moped_or_motorized_bicycle,2026,2026,2026-04,Ward 5,reportdate
69511940440,26043227,69513872727,Driver,0,<16,N,N,N,None,N,N,N,Moped or motorized bicycle,moped_or_motorized_bicycle,2026,2026,2026-04,Ward 1,reportdate
69530597034,26043858,69530761342,Driver,37,35-44,N,Y,N,Major,N,N,Y,Moped or motorized bicycle,moped_or_motorized_bicycle,2026,2026,2026-04,Ward 4,reportdate
69530597034,26043858,69531020513,Passenger,30,25-34,N,Y,N,Major,N,N,N,Moped or motorized bicycle,moped_or_motorized_bicycle,2026,2026,2026-04,Ward 4,reportdate
69496286853,26042265,69496402584,Driver,0,<16,N,N,N,None,N,N,N,Moped or motorized bicycle,moped_or_motorized_bicycle,2026,2026,2026-03,Ward 5,reportdate
69509291551,26043137,69509533361,Driver,27,25-34,N,N,Y,Minor,N,N,N,Moped or motorized bicycle,moped_or_motorized_bicycle,2026,2026,2026-04,Ward 2,reportdate
69511234128,26043202,69511366389,Driver,40,35-44,N,N,Y,Minor,N,N,N,Moped or motorized bicycle,moped_or_motorized_bicycle,2026,2026,2026-04,Ward 6,reportdate
69608263302,26046652,69608644170,Bicyclist,17,16-24,N,N,Y,Minor,N,N,N,Moped or motorized bicycle,moped_or_motorized_bicycle,2026,2026,2026-04,Ward 7,reportdate
69610296221,26046761,69610474849,Driver,23,16-24,N,N,Y,Minor,N,N,N,Moped or motorized bicycle,moped_or_motorized_bicycle,2026,2026,2026-04,Ward 2,reportdate
69558830732,26044886,69558942735,Driver,0,<16,N,N,Y,Minor,N,N,N,Moped or motorized bicycle,moped_or_motorized_bicycle,2026,2026,2026-04,Ward 1,reportdate
69567010094,26045222,69567085486,Driver,52,45-54,N,N,Y,Minor,N,N,Y,Moped or motorized bicycle,moped_or_motorized_bicycle,2026,2026,2026-04,Ward 5,reportdate
69567165502,26045243,69567310842,Bicyclist,31,25-34,N,N,Y,Minor,N,N,N,Moped or motorized bicycle,moped_or_motorized_bicycle,2026,2026,2026-04,Ward 2,reportdate
69573599622,26045564,69573910131,Driver,41,35-44,N,N,Y,Minor,N,N,N,Moped or motorized bicycle,moped_or_motorized_bicycle,2026,2026,2026-04,Ward 5,reportdate
69577526536,26045761,69578210295,Driver,0,<16,N,N,N,None,N,N,N,Moped or motorized bicycle,moped_or_motorized_bicycle,2026,2026,2026-04,Ward 5,reportdate
69663095660,26048860,69664194659,Driver,23,16-24,N,N,Y,Minor,N,N,N,Moped or motorized bicycle,moped_or_motorized_bicycle,2026,2026,2026-04,Ward 8,reportdate
69652310061,26048348,69685519209,Driver,32,25-34,N,N,Y,Minor,N,N,N,Moped or motorized bicycle,moped_or_motorized_bicycle,2026,2026,2026-04,Ward 5,reportdate
69642702763,26047967,69642830881,Driver,31,25-34,N,N,Y,Minor,N,N,N,Moped or motorized bicycle,moped_or_motorized_bicycle,2026,2026,2026-04,Ward 6,reportdate
69658209758,25184923,69658295693,Bicyclist,37,35-44,N,N,Y,Minor,N,N,N,Moped or motorized bicycle,moped_or_motorized_bicycle,2025,2025,2025-12,Ward 1,reportdate
69699593317,26049554,69705113010,Driver,17,16-24,N,N,Y,Minor,N,N,Y,Moped or motorized bicycle,moped_or_motorized_bicycle,2026,2026,2026-04,Ward 2,reportdate
69764717955,26052372,69765054713,Driver,34,25-34,N,N,N,None,N,N,Y,Moped or motorized bicycle,moped_or_motorized_bicycle,2026,2026,2026-04,Ward 1,reportdate
69767320089,26052578,69767380298,Bicyclist,24,16-24,N,N,Y,Minor,N,N,N,Moped or motorized bicycle,moped_or_motorized_bicycle,2026,2026,2026-04,Ward 7,reportdate
69780624242,26052843,69780848827,Driver,41,35-44,N,N,N,None,N,N,N,Moped or motorized bicycle,moped_or_motorized_bicycle,2026,2026,2026-04,Ward 4,reportdate
69780624242,26052843,69780894848,Passenger,33,25-34,N,N,Y,Minor,N,N,N,Moped or motorized bicycle,moped_or_motorized_bicycle,2026,2026,2026-04,Ward 4,reportdate
69751496677,26051985,69751597202,Driver,32,25-34,N,N,N,None,N,N,N,Moped or motorized bicycle,moped_or_motorized_bicycle,2026,2026,2026-04,Ward 6,reportdate
69711768458,26050661,69711944364,Driver,28,25-34,N,N,Y,Minor,N,N,N,Moped or motorized bicycle,moped_or_motorized_bicycle,2026,2026,2026-04,Ward 6,reportdate
69713135811,26050684,69713442743,Driver,33,25-34,N,N,Y,Minor,N,N,N,Moped or motorized bicycle,moped_or_motorized_bicycle,2026,2026,2026-04,Ward 5,reportdate
69726053567,26051095,69726286410,Driver,0,<16,N,N,N,None,N,N,N,Moped or motorized bicycle,moped_or_motorized_bicycle,2026,2026,2026-04,Ward 2,reportdate
69727132793,26051150,69727760773,Driver,0,<16,N,N,N,None,N,N,N,Moped or motorized bicycle,moped_or_motorized_bicycle,2026,2026,2026-04,Ward 2,reportdate
69738964583,26051547,69739052663,Driver,0,<16,N,N,N,None,N,N,N,Moped or motorized bicycle,moped_or_motorized_bicycle,2026,2026,2026-04,Ward 7,reportdate
69740035979,26051597,69740257824,Other,34,25-34,N,N,Y,Minor,N,N,Y,Moped or motorized bicycle,moped_or_motorized_bicycle,2026,2026,2026-04,Ward 6,reportdate
69740035979,26051597,69740326450,Passenger,21,16-24,N,N,Y,Minor,N,N,N,Moped or motorized bicycle,moped_or_motorized_bicycle,2026,2026,2026-04,Ward 6,reportdate
69796717637,26053385,69797173101,Driver,0,<16,N,N,N,None,N,N,N,Moped or motorized bicycle,moped_or_motorized_bicycle,2026,2026,2026-04,Ward 2,reportdate
69841005371,26055140,69841368060,Driver,33,25-34,N,N,Y,Minor,N,N,N,Moped or motorized bicycle,moped_or_motorized_bicycle,2026,2026,2026-04,Ward 1,reportdate
69856648484,26055753,69856750633,Other,43,35-44,N,N,N,None,N,N,N,Moped or motorized bicycle,moped_or_motorized_bicycle,2026,2026,2026-04,Ward 2,reportdate
69815218672,26054006,69815356393,Driver,21,16-24,N,N,Y,Minor,N,N,N,Moped or motorized bicycle,moped_or_motorized_bicycle,2026,2026,2026-04,Ward 4,reportdate
69831712690,26054549,69832059617,Driver,38,35-44,N,N,Y,Minor,N,N,N,Moped or motorized bicycle,moped_or_motorized_bicycle,2026,2026,2026-04,Ward 7,reportdate
69832938819,26054691,69832997732,Bicyclist,18,16-24,N,N,Y,Minor,N,N,N,Moped or motorized bicycle,moped_or_motorized_bicycle,2026,2026,2026-04,Ward 6,reportdate
69832879786,26054520,69833194716,Bicyclist,0,<16,N,N,N,None,N,N,N,Moped or motorized bicycle,moped_or_motorized_bicycle,2026,2026,2026-04,Ward 2,reportdate
69876393882,26056103,69876538765,Driver,38,35-44,N,N,Y,Minor,N,N,N,Moped or motorized bicycle,moped_or_motorized_bicycle,2026,2026,2026-04,Ward 3,reportdate
69876884827,26056438,69877014773,Driver,35,35-44,N,Y,N,Major,N,N,N,Moped or motorized bicycle,moped_or_motorized_bicycle,2026,2026,2026-04,Ward 5,reportdate
70227824740,26058027,70242649809,Bicyclist,29,25-34,N,N,Y,Minor,N,N,N,Moped or motorized bicycle,moped_or_motorized_bicycle,2026,2026,2026-05,Ward 4,reportdate
70247368070,26058580,70250101513,Bicyclist,33,25-34,N,N,Y,Minor,N,N,N,Moped or motorized bicycle,moped_or_motorized_bicycle,2026,2026,2026-05,Ward 5,reportdate
69721748633,26050757,69888394957,Driver,0,<16,N,N,N,None,N,N,N,Moped or motorized bicycle,moped_or_motorized_bicycle,2026,2026,2026-04,Ward 6,reportdate
70122423943,26057285,70124255823,Driver,29,25-34,N,N,Y,Minor,N,N,N,Moped or motorized bicycle,moped_or_motorized_bicycle,2026,2026,2026-04,Ward 2,reportdate
70266787037,26059187,70266828626,Bicyclist,53,45-54,N,N,Y,Minor,N,N,N,Moped or motorized bicycle,moped_or_motorized_bicycle,2026,2026,2026-05,Ward 3,reportdate
70323124496,26060975,70323558202,Bicyclist,17,16-24,N,N,Y,Minor,N,N,N,Moped or motorized bicycle,moped_or_motorized_bicycle,2026,2026,2026-05,Ward 1,reportdate
70305491283,26060493,70305702617,Bicyclist,14,<16,N,N,Y,Minor,N,N,N,Moped or motorized bicycle,moped_or_motorized_bicycle,2026,2026,2026-05,Ward 5,reportdate
70276739144,26059500,70279435179,Driver,0,<16,N,N,N,None,N,N,N,Moped or motorized bicycle,moped_or_motorized_bicycle,2026,2026,,,ccn_year_fallback
70284912060,26059780,70285156104,Driver,0,<16,N,N,N,None,N,N,N,Moped or motorized bicycle,moped_or_motorized_bicycle,2026,2026,2026-05,Ward 5,reportdate
70287648173,26059940,70288693366,Driver,0,<16,N,N,N,None,N,N,N,Moped or motorized bicycle,moped_or_motorized_bicycle,2026,2026,2026-05,Ward 1,reportdate
70299519630,26060270,70299561642,Driver,27,25-34,N,N,N,None,N,N,N,Moped or motorized bicycle,moped_or_motorized_bicycle,2026,2026,2026-05,Ward 1,reportdate
70299519630,26060270,70299561710,Passenger,5,<16,N,N,Y,Minor,N,N,N,Moped or motorized bicycle,moped_or_motorized_bicycle,2026,2026,2026-05,Ward 1,reportdate
70299519630,26060270,70299621406,Driver,0,<16,N,N,N,None,N,N,N,Moped or motorized bicycle,moped_or_motorized_bicycle,2026,2026,2026-05,Ward 1,reportdate
70409035704,26063690,70409139940,Bicyclist,31,25-34,N,N,Y,Minor,N,N,N,Moped or motorized bicycle,moped_or_motorized_bicycle,2026,2026,2026-05,Ward 2,reportdate
70361823864,26061854,70409419983,Driver,0,<16,N,N,N,None,N,N,N,Moped or motorized bicycle,moped_or_motorized_bicycle,2026,2026,2026-05,Ward 7,reportdate
70420927036,26063874,70421055905,Driver,49,45-54,N,N,Y,Minor,N,N,N,Moped or motorized bicycle,moped_or_motorized_bicycle,2026,2026,2026-05,Ward 2,reportdate
70422901422,26063958,70423105006,Driver,0,<16,N,N,N,None,N,N,N,Moped or motorized bicycle,moped_or_motorized_bicycle,2026,2026,2026-05,Ward 2,reportdate
70391328331,26063138,70391405618,Driver,39,35-44,N,N,Y,Minor,N,N,N,Moped or motorized bicycle,moped_or_motorized_bicycle,2026,2026,2026-05,Ward 4,reportdate
70391897717,26063185,70392174919,Driver,23,16-24,N,N,Y,Minor,N,N,N,Moped or motorized bicycle,moped_or_motorized_bicycle,2026,2026,2026-05,Ward 1,reportdate
70351794681,26061734,70351999176,Driver,24,16-24,N,N,Y,Minor,N,N,N,Moped or motorized bicycle,moped_or_motorized_bicycle,2026,2026,2026-05,Ward 8,reportdate
70351794681,26061734,70352035166,Passenger,23,16-24,N,N,Y,Minor,N,N,N,Moped or motorized bicycle,moped_or_motorized_bicycle,2026,2026,2026-05,Ward 8,reportdate
70357644345,26061911,70357753077,Bicyclist,45,45-54,N,N,Y,Minor,N,N,N,Moped or motorized bicycle,moped_or_motorized_bicycle,2026,2026,2026-05,Ward 1,reportdate
70492934689,26066147,70492966670,Driver,0,<16,N,N,Y,Minor,N,N,N,Moped or motorized bicycle,moped_or_motorized_bicycle,2026,2026,2026-05,Ward 7,reportdate
70496131616,26066406,70496200082,Driver,23,16-24,N,N,Y,Minor,N,N,N,Moped or motorized bicycle,moped_or_motorized_bicycle,2026,2026,2026-05,Ward 5,reportdate
70498660120,26066417,70498915296,Other,32,25-34,N,Y,N,Major,N,N,N,Moped or motorized bicycle,moped_or_motorized_bicycle,2026,2026,2026-05,Ward 8,reportdate
70476730195,26065631,70476810995,Driver,38,35-44,N,N,N,None,N,N,Y,Moped or motorized bicycle,moped_or_motorized_bicycle,2026,2026,2026-05,Ward 1,reportdate
70477773921,26065889,70477965452,Driver,0,<16,N,N,N,None,N,N,N,Moped or motorized bicycle,moped_or_motorized_bicycle,2026,2026,2026-05,Ward 1,reportdate
70462902610,26065382,70463136357,Driver,26,25-34,N,N,Y,Minor,N,N,Y,Moped or motorized bicycle,moped_or_motorized_bicycle,2026,2026,2026-05,Ward 2,reportdate
70471352823,26065566,70471582819,Passenger,46,45-54,N,N,N,None,N,N,N,Moped or motorized bicycle,moped_or_motorized_bicycle,2026,2026,2026-05,Ward 5,reportdate
70424148054,26064162,70424582437,Driver,44,35-44,N,N,Y,Minor,N,N,N,Moped or motorized bicycle,moped_or_motorized_bicycle,2026,2026,2026-05,Ward 5,reportdate
70424790299,26063675,70424870560,Bicyclist,38,35-44,N,N,Y,Minor,N,N,N,Moped or motorized bicycle,moped_or_motorized_bicycle,2026,2026,2026-05,Ward 2,reportdate
70425921565,26064205,70426068981,Driver,0,<16,N,N,N,None,N,N,N,Moped or motorized bicycle,moped_or_motorized_bicycle,2026,2026,2026-05,Ward 4,reportdate
70543064340,26068333,70543195997,Driver,24,16-24,N,N,Y,Minor,N,N,Y,Moped or motorized bicycle,moped_or_motorized_bicycle,2026,2026,2026-05,Ward 1,reportdate
70547583975,26068415,70547704056,Driver,37,35-44,N,N,Y,Minor,N,N,N,Moped or motorized bicycle,moped_or_motorized_bicycle,2026,2026,2026-05,Ward 8,reportdate
70579694594,26069040,70581785820,Driver,25,25-34,N,N,Y,Minor,N,N,N,Moped or motorized bicycle,moped_or_motorized_bicycle,2026,2026,2026-05,Ward 1,reportdate
70584656814,26069066,70586862979,Driver,30,25-34,N,N,Y,Minor,N,N,Y,Moped or motorized bicycle,moped_or_motorized_bicycle,2026,2026,2026-05,Ward 1,reportdate
70597847031,26069178,70599120280,Driver,27,25-34,N,N,Y,Minor,N,N,N,Moped or motorized bicycle,moped_or_motorized_bicycle,2026,2026,2026-05,Ward 7,reportdate
70520656229,26067118,70520925747,Driver,0,<16,N,N,N,None,N,N,N,Moped or motorized bicycle,moped_or_motorized_bicycle,2026,2026,2026-05,Ward 8,reportdate
70523139533,26067410,70523279459,Driver,0,<16,N,N,N,None,N,N,N,Moped or motorized bicycle,moped_or_motorized_bicycle,2026,2026,2026-05,Ward 8,reportdate
70510543343,26066784,70510632103,Driver,29,25-34,N,N,Y,Minor,N,N,N,Moped or motorized bicycle,moped_or_motorized_bicycle,2026,2026,2026-05,Ward 4,reportdate
70511033606,26066982,70511262698,Driver,32,25-34,N,N,Y,Minor,N,N,N,Moped or motorized bicycle,moped_or_motorized_bicycle,2026,2026,2026-05,Ward 7,reportdate
70766274008,26072957,70766481220,Bicyclist,25,25-34,N,N,Y,Minor,N,N,N,Moped or motorized bicycle,moped_or_motorized_bicycle,2026,2026,2026-05,Ward 1,reportdate
70777677065,26072452,70778499407,Driver,31,25-34,N,Y,N,Major,N,N,Y,Moped or motorized bicycle,moped_or_motorized_bicycle,2026,2026,2026-05,Ward 5,reportdate
70661120002,26070605,70662004519,Driver,31,25-34,N,N,N,None,N,N,N,Moped or motorized bicycle,moped_or_motorized_bicycle,2026,2026,2026-05,Ward 1,reportdate
70742294599,26071243,70743411881,Driver,27,25-34,N,N,Y,Minor,N,N,N,Moped or motorized bicycle,moped_or_motorized_bicycle,2026,2026,2026-05,Ward 6,reportdate
70748692204,26071469,70748853827,Driver,22,16-24,N,N,Y,Minor,N,N,N,Moped or motorized bicycle,moped_or_motorized_bicycle,2026,2026,2026-05,Ward 2,reportdate
70619712566,26069475,70620138015,Driver,21,16-24,N,Y,N,Major,N,N,N,Moped or motorized bicycle,moped_or_motorized_bicycle,2026,2026,2026-05,Ward 4,reportdate
70940951835,26079137,70940954393,Passenger,16,16-24,N,N,N,None,N,N,N,Moped or motorized bicycle,moped_or_motorized_bicycle,2026,2026,2026-06,Ward 2,reportdate
70940951835,26079137,70940954403,Driver,17,16-24,N,N,N,None,N,N,N,Moped or motorized bicycle,moped_or_motorized_bicycle,2026,2026,2026-06,Ward 2,reportdate
70944633619,26076902,70945383328,Driver,27,25-34,N,N,Y,Minor,N,N,Y,Moped or motorized bicycle,moped_or_motorized_bicycle,2026,2026,2026-06,Ward 6,reportdate
70800386906,26073096,70800516052,Other,27,25-34,N,N,Y,Minor,N,N,N,Moped or motorized bicycle,moped_or_motorized_bicycle,2026,2026,2026-05,Ward 2,reportdate
70803039330,26073760,70803183238,Driver,27,25-34,N,N,N,None,N,N,Y,Moped or motorized bicycle,moped_or_motorized_bicycle,2026,2026,2026-05,Ward 2,reportdate
70803590910,26073740,70803754020,Driver,17,16-24,N,N,Y,Minor,N,N,N,Moped or motorized bicycle,moped_or_motorized_bicycle,2026,2026,2026-05,Ward 8,reportdate
70805338392,26073911,70805505853,Driver,20,16-24,N,N,N,None,N,N,N,Moped or motorized bicycle,moped_or_motorized_bicycle,2026,2026,2026-05,Ward 2,reportdate
70806913559,26073857,70806938340,Bicyclist,0,<16,N,N,N,None,N,N,N,Moped or motorized bicycle,moped_or_motorized_bicycle,2026,2026,2026-05,Ward 6,reportdate
70825958667,26074653,70826039936,Driver,40,35-44,N,N,Y,Minor,N,N,N,Moped or motorized bicycle,moped_or_motorized_bicycle,2026,2026,2026-06,Ward 5,reportdate
70828112284,26074591,70829575030,Driver,0,<16,N,N,Y,Minor,N,N,N,Moped or motorized bicycle,moped_or_motorized_bicycle,2026,2026,2026-06,Ward 4,reportdate
71005301279,26081817,71005374330,Driver,0,<16,N,N,N,None,N,N,N,Moped or motorized bicycle,moped_or_motorized_bicycle,2026,2026,2026-06,Ward 8,reportdate
70999671518,26081478,70999926790,Driver,33,25-34,N,N,Y,Minor,N,N,Y,Moped or motorized bicycle,moped_or_motorized_bicycle,2026,2026,2026-06,Ward 1,reportdate
70848023061,26075495,70848279317,Bicyclist,43,35-44,N,N,Y,Minor,N,N,N,Moped or motorized bicycle,moped_or_motorized_bicycle,2026,2026,2026-06,Ward 7,reportdate
70914965120,26078222,70915134759,Driver,14,<16,N,Y,N,Major,N,N,N,Moped or motorized bicycle,moped_or_motorized_bicycle,2026,2026,2026-06,Ward 4,reportdate
70914965120,26078222,70915189408,Passenger,0,<16,N,N,Y,Minor,N,N,N,Moped or motorized bicycle,moped_or_motorized_bicycle,2026,2026,2026-06,Ward 4,reportdate
70970770751,26080377,70971271350,Driver,0,<16,N,N,N,None,N,N,N,Moped or motorized bicycle,moped_or_motorized_bicycle,2026,2026,2026-06,Ward 2,reportdate
70997726306,26081383,70997838459,Driver,0,<16,N,N,N,None,N,N,N,Moped or motorized bicycle,moped_or_motorized_bicycle,2026,2026,2026-06,Ward 2,reportdate
71004753593,26081785,71004923860,Driver,26,25-34,N,N,N,None,N,N,N,Moped or motorized bicycle,moped_or_motorized_bicycle,2026,2026,2026-06,Ward 3,reportdate
71094363228,26085523,71094459931,Bicyclist,44,35-44,N,N,Y,Minor,N,N,N,Moped or motorized bicycle,moped_or_motorized_bicycle,2026,2026,2026-06,Ward 2,reportdate
71085693280,26085127,71086009856,Driver,46,45-54,Y,N,N,Fatal,N,N,N,Moped or motorized bicycle,moped_or_motorized_bicycle,2026,2026,2026-06,Ward 1,reportdate
70876865006,26076573,70876893814,Driver,0,<16,N,N,N,None,N,N,N,Moped or motorized bicycle,moped_or_motorized_bicycle,2026,2026,2026-06,Ward 1,reportdate
71045879774,26083485,71046153605,Driver,22,16-24,Y,N,N,Fatal,N,N,N,Moped or motorized bicycle,moped_or_motorized_bicycle,2026,2026,2026-06,Ward 6,reportdate
71060232066,26084071,71060464630,Driver,13,<16,N,N,Y,Minor,N,N,N,Moped or motorized bicycle,moped_or_motorized_bicycle,2026,2026,2026-06,Ward 7,reportdate
71070157474,26084523,71070255399,Driver,15,<16,N,N,Y,Minor,N,N,N,Moped or motorized bicycle,moped_or_motorized_bicycle,2026,2026,2026-06,Ward 7,reportdate
71185376017,26088356,71185504684,Bicyclist,33,25-34,N,N,Y,Minor,N,N,N,Moped or motorized bicycle,moped_or_motorized_bicycle,2026,2026,2026-06,Ward 8,reportdate
71198768429,26086475,71198941718,Bicyclist,46,45-54,N,N,Y,Minor,N,N,N,Moped or motorized bicycle,moped_or_motorized_bicycle,2026,2026,2026-06,Ward 4,reportdate
71098768147,26085217,71099254422,Driver,26,25-34,N,N,Y,Minor,N,N,N,Moped or motorized bicycle,moped_or_motorized_bicycle,2026,2026,2026-06,Ward 6,reportdate
71151405939,26087386,71151571865,Driver,28,25-34,N,N,Y,Minor,N,N,N,Moped or motorized bicycle,moped_or_motorized_bicycle,2026,2026,2026-06,Ward 8,reportdate
71186639075,26088518,71187400555,Driver,41,35-44,N,N,Y,Minor,N,N,N,Moped or motorized bicycle,moped_or_motorized_bicycle,2026,2026,2026-06,Ward 6,reportdate
71153813698,26087443,71167545205,Driver,0,<16,N,N,N,None,N,N,N,Moped or motorized bicycle,moped_or_motorized_bicycle,2026,2026,2026-06,Ward 1,reportdate
71095411636,26085620,71095641932,Driver,0,<16,N,N,Y,Minor,N,N,N,Moped or motorized bicycle,moped_or_motorized_bicycle,2026,2026,2026-06,Ward 5,reportdate
71097418945,26085643,71097556529,Driver,17,16-24,Y,N,N,Fatal,N,N,N,Moped or motorized bicycle,moped_or_motorized_bicycle,2026,2026,2026-06,Ward 8,reportdate
71064786910,26084249,71065132660,Bicyclist,43,35-44,N,N,Y,Minor,N,N,N,Moped or motorized bicycle,moped_or_motorized_bicycle,2026,2026,2026-06,Ward 7,reportdate
71132165277,26085701,71132263527,Driver,46,45-54,N,N,Y,Minor,N,N,N,Moped or motorized bicycle,moped_or_motorized_bicycle,2026,2026,2026-06,Ward 4,reportdate
71149135961,26087232,71149409775,Driver,0,<16,N,N,N,None,N,N,N,Moped or motorized bicycle,moped_or_motorized_bicycle,2026,2026,2026-06,Ward 2,reportdate
71150263108,26087310,71150350618,Driver,34,25-34,N,N,Y,Minor,N,N,Y,Moped or motorized bicycle,moped_or_motorized_bicycle,2026,2026,2026-06,Ward 3,reportdate
71150351329,26087290,71152448254,Driver,0,<16,N,N,N,None,N,N,N,Moped or motorized bicycle,moped_or_motorized_bicycle,2026,2026,2026-06,Ward 4,reportdate
71235608549,26090472,71237566398,Driver,60,55-64,N,N,Y,Minor,N,N,N,Moped or motorized bicycle,moped_or_motorized_bicycle,2026,2026,2026-06,Ward 2,reportdate
71287104451,26091882,71287412994,Driver,30,25-34,N,N,Y,Minor,N,N,N,Moped or motorized bicycle,moped_or_motorized_bicycle,2026,2026,2026-07,Ward 6,reportdate
71253717123,26091220,71253865069,Bicyclist,33,25-34,N,N,Y,Minor,N,N,N,Moped or motorized bicycle,moped_or_motorized_bicycle,2026,2026,2026-06,Ward 5,reportdate
71184379273,26088084,71184561969,Driver,21,16-24,N,N,Y,Minor,N,N,N,Moped or motorized bicycle,moped_or_motorized_bicycle,2026,2026,2026-06,Ward 4,reportdate
71219274994,26089623,71219803688,Bicyclist,20,16-24,N,N,Y,Minor,N,N,N,Moped or motorized bicycle,moped_or_motorized_bicycle,2026,2026,2026-06,Ward 2,reportdate
71224560534,26089948,71224732822,Driver,28,25-34,N,N,Y,Minor,N,N,N,Moped or motorized bicycle,moped_or_motorized_bicycle,2026,2026,2026-06,Ward 2,reportdate
71225408053,26089976,71227691871,Driver,18,16-24,N,N,Y,Minor,N,N,N,Moped or motorized bicycle,moped_or_motorized_bicycle,2026,2026,2026-06,Ward 7,reportdate
71231890024,26090140,71232056300,Other,25,25-34,N,N,Y,Minor,N,N,Y,Moped or motorized bicycle,moped_or_motorized_bicycle,2026,2026,2026-06,Ward 6,reportdate
70996149583,26081252,70996344782,Driver,0,<16,N,N,N,None,N,N,N,Moped or motorized bicycle,moped_or_motorized_bicycle,2026,2026,2026-06,Ward 4,reportdate
71236292206,26090376,71236358575,Driver,40,35-44,N,N,N,None,N,N,N,Moped or motorized bicycle,moped_or_motorized_bicycle,2026,2026,2026-06,Ward 8,reportdate
71236292206,26090376,71236384300,Passenger,10,<16,N,N,N,None,N,N,N,Moped or motorized bicycle,moped_or_motorized_bicycle,2026,2026,2026-06,Ward 8,reportdate
71462979365,26094075,71463103478,Driver,29,25-34,N,Y,N,Major,N,N,N,Moped or motorized bicycle,moped_or_motorized_bicycle,2026,2026,2026-07,Ward 2,reportdate
71467588922,26094262,71468398876,Driver,0,<16,N,N,Y,Minor,N,N,N,Moped or motorized bicycle,moped_or_motorized_bicycle,2026,2026,2026-07,Ward 2,reportdate
71497526913,26094580,71497708863,Driver,33,25-34,N,N,Y,Minor,N,N,N,Moped or motorized bicycle,moped_or_motorized_bicycle,2026,2026,2026-07,Ward 5,reportdate
71514003957,26094818,71514657165,Driver,24,16-24,N,N,N,None,N,N,Y,Moped or motorized bicycle,moped_or_motorized_bicycle,2026,2026,2026-07,Ward 2,reportdate
71361761127,26091404,71362054557,Driver,0,<16,N,N,N,None,N,N,Y,Moped or motorized bicycle,moped_or_motorized_bicycle,2026,2026,2026-07,Ward 7,reportdate
71272745849,26091552,71274415361,Driver,24,16-24,N,Y,N,Major,N,N,N,Moped or motorized bicycle,moped_or_motorized_bicycle,2026,2026,2026-07,Ward 8,reportdate
71537540201,26072823,71537566391,Driver,41,35-44,N,N,N,None,N,N,N,Moped or motorized bicycle,moped_or_motorized_bicycle,2026,2026,2026-05,Ward 2,reportdate
71597116131,26096932,71599719578,Driver,0,<16,N,N,Y,Minor,N,N,N,Moped or motorized bicycle,moped_or_motorized_bicycle,2026,2026,2026-07,Ward 6,reportdate
71620872458,26097474,71621108145,Driver,0,<16,N,N,N,None,N,N,N,Moped or motorized bicycle,moped_or_motorized_bicycle,2026,2026,2026-07,Ward 1,reportdate
71620872458,26097474,71621108186,Passenger,0,<16,N,N,N,None,N,N,N,Moped or motorized bicycle,moped_or_motorized_bicycle,2026,2026,2026-07,Ward 1,reportdate
54698669131,24037736,54699896645,Driver,39,35-44,N,Y,N,Major,N,N,Y,Moped or motorized bicycle,moped_or_motorized_bicycle,2024,2024,2024-03,Ward 4,reportdate
71596600203,26096914,71596714957,Other,57,55-64,N,N,Y,Minor,N,N,N,Moped or motorized bicycle,moped_or_motorized_bicycle,2026,2026,2026-07,Ward 2,reportdate
71558157884,26095331,71566442451,Driver,63,55-64,N,N,Y,Minor,N,N,N,Moped or motorized bicycle,moped_or_motorized_bicycle,2026,2026,2026-07,Ward 2,reportdate
71574195229,26096388,71574326658,Driver,30,25-34,N,N,N,None,N,N,Y,Moped or motorized bicycle,moped_or_motorized_bicycle,2026,2026,2026-07,Ward 5,reportdate
71363966282,26092931,71363971510,Driver,36,35-44,N,N,Y,Minor,N,N,N,Moped or motorized bicycle,moped_or_motorized_bicycle,2026,2026,2026-07,Ward 8,reportdate
71633886622,26098155,71634183871,Other,12,<16,N,N,Y,Minor,N,N,N,Moped or motorized bicycle,moped_or_motorized_bicycle,2026,2026,2026-07,Ward 8,reportdate
71662064672,26098730,71662099612,Driver,25,25-34,N,N,Y,Minor,N,N,N,Moped or motorized bicycle,moped_or_motorized_bicycle,2026,2026,2026-07,Ward 6,reportdate
71662849713,26098781,71663167259,Other,35,35-44,N,N,Y,Minor,N,N,N,Moped or motorized bicycle,moped_or_motorized_bicycle,2026,2026,2026-07,Ward 2,reportdate
71685655414,26098975,71686028860,Other,29,25-34,N,N,Y,Minor,N,N,Y,Moped or motorized bicycle,moped_or_motorized_bicycle,2026,2026,2026-07,Ward 5,reportdate
71709169464,26099461,71709735224,Driver,0,<16,N,N,N,None,N,N,N,Moped or motorized bicycle,moped_or_motorized_bicycle,2026,2026,2026-07,Ward 4,reportdate
71635772759,26098239,71636011600,Bicyclist,18,16-24,N,N,N,None,N,N,N,Moped or motorized bicycle,moped_or_motorized_bicycle,2026,2026,2026-07,Ward 2,reportdate
71635772759,26098239,71636011642,Bicyclist,0,<16,N,N,Y,Minor,N,N,N,Moped or motorized bicycle,moped_or_motorized_bicycle,2026,2026,2026-07,Ward 2,reportdate
71643304769,26098243,71644196835,Driver,36,35-44,N,N,Y,Minor,N,N,N,Moped or motorized bicycle,moped_or_motorized_bicycle,2026,2026,2026-07,Ward 5,reportdate
40851896543,23008857,40852720042,Driver,23,16-24,N,N,N,None,N,N,N,Moped or motorized bicycle,moped_or_motorized_bicycle,2023,2023,2023-01,Ward 1,reportdate
71390004902,26093201,71390184922,Other,49,45-54,N,N,Y,Minor,N,N,N,Moped or motorized bicycle,moped_or_motorized_bicycle,2026,2026,2026-07,Ward 1,reportdate
71714530175,26099840,71715448470,Bicyclist,35,35-44,N,N,Y,Minor,N,N,N,Moped or motorized bicycle,moped_or_motorized_bicycle,2026,2026,2026-07,Ward 5,reportdate
71716951587,26099974,71717260587,Driver,70,65+,N,Y,N,Major,N,N,N,Moped or motorized bicycle,moped_or_motorized_bicycle,2026,2026,2026-07,Ward 7,reportdate
71716951587,26099974,71717260623,Passenger,70,65+,N,N,Y,Minor,N,N,N,Moped or motorized bicycle,moped_or_motorized_bicycle,2026,2026,2026-07,Ward 7,reportdate
71794997371,26101958,71795764335,Driver,63,55-64,N,N,Y,Minor,N,N,N,Moped or motorized bicycle,moped_or_motorized_bicycle,2026,2026,2026-07,Ward 8,reportdate
71797879802,26102030,71798073665,Bicyclist,32,25-34,N,N,Y,Minor,N,N,N,Moped or motorized bicycle,moped_or_motorized_bicycle,2026,2026,2026-07,Ward 7,reportdate
71809845924,26102519,71811194412,Driver,58,55-64,N,N,Y,Minor,N,N,N,Moped or motorized bicycle,moped_or_motorized_bicycle,2026,2026,2026-07,Ward 1,reportdate
71730266755,26100262,71730383093,Driver,41,35-44,N,N,Y,Minor,N,N,N,Moped or motorized bicycle,moped_or_motorized_bicycle,2026,2026,2026-07,Ward 6,reportdate
71516772641,26094975,71517226491,Driver,0,<16,N,N,N,None,N,N,N,Moped or motorized bicycle,moped_or_motorized_bicycle,2026,2026,2026-07,Ward 5,reportdate
71760283680,26101245,71760332509,Driver,30,25-34,N,N,Y,Minor,N,N,Y,Moped or motorized bicycle,moped_or_motorized_bicycle,2026,2026,2026-07,Ward 5,reportdate
71762210413,26101347,71762337948,Driver,31,25-34,N,N,N,None,N,N,N,Moped or motorized bicycle,moped_or_motorized_bicycle,2026,2026,2026-07,Ward 6,reportdate
71868054710,26104512,71868095193,Driver,29,25-34,N,N,Y,Minor,N,N,N,Moped or motorized bicycle,moped_or_motorized_bicycle,2026,2026,2026-07,Ward 5,reportdate
71824404195,26102842,71824544444,Driver,32,25-34,N,N,Y,Minor,N,N,Y,Moped or motorized bicycle,moped_or_motorized_bicycle,2026,2026,2026-07,Ward 6,reportdate
71897352510,26105424,71897843385,Driver,0,<16,N,Y,N,Major,N,N,Y,Moped or motorized bicycle,moped_or_motorized_bicycle,2026,2026,2026-07,Ward 4,reportdate
71849602366,26103783,71849668807,Driver,57,55-64,N,N,Y,Minor,N,N,Y,Moped or motorized bicycle,moped_or_motorized_bicycle,2026,2026,2026-07,Ward 2,reportdate
71856404728,26104146,71856676973,Driver,31,25-34,N,N,N,None,N,N,N,Moped or motorized bicycle,moped_or_motorized_bicycle,2026,2026,2026-07,Ward 6,reportdate
71863105388,26104257,71863358480,Bicyclist,30,25-34,N,N,N,None,N,N,N,Moped or motorized bicycle,moped_or_motorized_bicycle,2026,2026,2026-07,Ward 5,reportdate
71794377633,26101723,71794753013,Driver,30,25-34,N,N,N,None,N,N,N,Moped or motorized bicycle,moped_or_motorized_bicycle,2026,2026,2026-07,Ward 5,reportdate
71826444312,26102392,71827466007,Bicyclist,21,16-24,N,N,Y,Minor,N,N,N,Moped or motorized bicycle,moped_or_motorized_bicycle,2026,2026,2026-07,Ward 6,reportdate
71948678151,26105375,71948736754,Bicyclist,30,25-34,N,N,N,None,N,N,N,Moped or motorized bicycle,moped_or_motorized_bicycle,2026,2026,2026-07,Ward 8,reportdate
71953014745,26107855,71953431375,Passenger,28,25-34,N,N,Y,Minor,N,N,N,Moped or motorized bicycle,moped_or_motorized_bicycle,2026,2026,2026-08,Ward 2,reportdate
71963108842,26107238,71963138646,Driver,32,25-34,N,Y,N,Major,N,N,N,Moped or motorized bicycle,moped_or_motorized_bicycle,2026,2026,2026-07,Ward 6,reportdate
71922436757,26106425,71924051061,Driver,32,25-34,N,N,Y,Minor,N,N,N,Moped or motorized bicycle,moped_or_motorized_bicycle,2026,2026,2026-07,Ward 2,reportdate
71925189510,26106431,71925288340,Driver,32,25-34,N,N,Y,Minor,N,N,N,Moped or motorized bicycle,moped_or_motorized_bicycle,2026,2026,2026-07,Ward 2,reportdate
71925125393,26106482,71925475485,Bicyclist,22,16-24,N,N,Y,Minor,N,N,N,Moped or motorized bicycle,moped_or_motorized_bicycle,2026,2026,2026-07,Ward 5,reportdate
71936598570,26106982,71936710178,Driver,4,<16,N,N,N,None,N,Y,N,Moped or motorized bicycle,moped_or_motorized_bicycle,2026,2006,2006-07,Ward 8,reportdate
71942735100,26107323,71942858313,Driver,21,16-24,N,N,Y,Minor,N,N,N,Moped or motorized bicycle,moped_or_motorized_bicycle,2026,2026,2026-08,Ward 1,reportdate
71942735100,26107323,71942869262,Passenger,20,16-24,N,N,Y,Minor,N,N,N,Moped or motorized bicycle,moped_or_motorized_bicycle,2026,2026,2026-08,Ward 1,reportdate
71690013181,26099141,71712914833,Driver,0,<16,N,N,N,None,N,N,N,Moped or motorized bicycle,moped_or_motorized_bicycle,2026,2026,2026-07,Ward 6,reportdate
71911965028,26106010,71912027848,Driver,0,<16,N,N,N,None,N,N,N,Moped or motorized bicycle,moped_or_motorized_bicycle,2026,2026,2026-07,Ward 1,reportdate
71826027686,26102835,71826395811,Driver,20,16-24,N,N,N,None,N,N,N,Moped or motorized bicycle,moped_or_motorized_bicycle,2026,2026,2026-07,Ward 4,reportdate
72026274672,26110137,72026321867,Driver,29,25-34,N,N,Y,Minor,N,N,N,Moped or motorized bicycle,moped_or_motorized_bicycle,2026,2026,2026-08,Ward 8,reportdate
72008485114,26109702,72008801191,Driver,37,35-44,N,N,N,None,N,N,Y,Moped or motorized bicycle,moped_or_motorized_bicycle,2026,2026,2026-08,Ward 5,reportdate
72018710197,26109970,72019023989,Driver,28,25-34,N,N,Y,Minor,N,N,Y,Moped or motorized bicycle,moped_or_motorized_bicycle,2026,2026,2026-08,Ward 1,reportdate
72024292758,26110244,72024369592,Driver,0,<16,N,N,N,None,N,Y,N,Moped or motorized bicycle,moped_or_motorized_bicycle,2026,2026,2026-08,Ward 6,reportdate
72059177251,26111402,72184002724,Driver,0,<16,N,N,N,None,N,N,N,Moped or motorized bicycle,moped_or_motorized_bicycle,2026,2026,2026-08,Ward 8,reportdate
72189364094,26107731,72189559921,Driver,0,<16,N,N,N,None,N,N,N,Moped or motorized bicycle,moped_or_motorized_bicycle,2026,2026,2026-08,Ward 4,reportdate
72195015664,26113676,72195292303,Driver,18,16-24,N,N,Y,Minor,N,N,N,Moped or motorized bicycle,moped_or_motorized_bicycle,2026,2026,2026-08,Ward 2,reportdate
72213016074,26114356,72213076829,Driver,55,55-64,N,Y,N,Major,N,N,N,Moped or motorized bicycle,moped_or_motorized_bicycle,2026,2026,2026-08,Ward 1,reportdate
72181325582,26113250,72181400968,Driver,42,35-44,N,N,Y,Minor,N,Y,N,Moped or motorized bicycle,moped_or_motorized_bicycle,2026,2026,2026-08,Ward 5,reportdate
72085357335,26112082,72085566424,Driver,25,25-34,N,N,Y,Minor,N,N,Y,Moped or motorized bicycle,moped_or_motorized_bicycle,2026,2026,2026-08,Ward 7,reportdate
72090129266,26112352,72090350041,Driver,37,35-44,N,N,Y,Minor,N,Y,Y,Moped or motorized bicycle,moped_or_motorized_bicycle,2026,2026,2026-08,Ward 4,reportdate
72097239004,26112512,72097446690,Bicyclist,31,25-34,N,N,N,None,N,N,N,Moped or motorized bicycle,moped_or_motorized_bicycle,2026,2026,2026-08,Ward 1,reportdate
72099590366,26112596,72099760575,Driver,0,<16,N,N,N,None,N,N,N,Moped or motorized bicycle,moped_or_motorized_bicycle,2026,2026,2026-08,Ward 4,reportdate
72099590366,26112596,72099760596,Passenger,0,<16,N,N,N,None,N,N,N,Moped or motorized bicycle,moped_or_motorized_bicycle,2026,2026,2026-08,Ward 4,reportdate
72095388553,26112117,72095505684,Driver,0,<16,N,N,Y,Minor,N,N,N,Moped or motorized bicycle,moped_or_motorized_bicycle,2026,2026,2026-08,Ward 8,reportdate
72165966882,26113131,72167354434,Driver,46,45-54,N,N,Y,Minor,N,N,Y,Moped or motorized bicycle,moped_or_motorized_bicycle,2026,2026,2026-08,Ward 2,reportdate
72291153915,26116556,72292718142,Driver,42,35-44,N,N,N,None,N,Y,Y,Moped or motorized bicycle,moped_or_motorized_bicycle,2026,2026,2026-08,Ward 6,reportdate
72295431089,26116346,72296107246,Driver,0,<16,N,N,Y,Minor,N,N,N,Moped or motorized bicycle,moped_or_motorized_bicycle,2026,2026,2026-08,Ward 2,reportdate
71927365320,26106601,71928639616,Passenger,9,<16,N,N,Y,Minor,N,N,N,Moped or motorized bicycle,moped_or_motorized_bicycle,2026,2026,2026-07,Ward 4,reportdate
72252026361,26115572,72252141464,Driver,40,35-44,Y,N,N,Fatal,N,Y,N,Moped or motorized bicycle,moped_or_motorized_bicycle,2026,2026,2026-08,Ward 4,reportdate
72209547715,26114148,72210319334,Driver,23,16-24,N,N,Y,Minor,N,N,N,Moped or motorized bicycle,moped_or_motorized_bicycle,2026,2026,2026-08,Ward 7,reportdate
72163596358,26113150,72164341862,Driver,62,55-64,N,N,Y,Minor,N,N,N,Moped or motorized bicycle,moped_or_motorized_bicycle,2026,2026,2026-08,Ward 4,reportdate
72056988276,26111268,72057642616,Driver,25,25-34,N,N,Y,Minor,N,N,N,Moped or motorized bicycle,moped_or_motorized_bicycle,2026,2026,2026-08,Ward 2,reportdate
72198470455,26113828,72204258675,Driver,38,35-44,N,N,N,None,N,N,N,Moped or motorized bicycle,moped_or_motorized_bicycle,2026,2026,2026-08,Ward 6,reportdate
72201902886,26113748,72214895014,Driver,42,35-44,N,N,N,None,N,N,N,Moped or motorized bicycle,moped_or_motorized_bicycle,2026,2026,2026-08,Ward 6,reportdate
72442553858,26120520,72442669889,Bicyclist,47,45-54,N,N,Y,Minor,N,N,N,Moped or motorized bicycle,moped_or_motorized_bicycle,2026,2026,2026-08,Ward 6,reportdate
72450848587,26119112,72451016212,Driver,16,16-24,N,N,Y,Minor,N,N,N,Moped or motorized bicycle,moped_or_motorized_bicycle,2026,2026,2026-08,Ward 2,reportdate
72435957306,26120273,72437230882,Bicyclist,39,35-44,N,N,Y,Minor,N,N,Y,Moped or motorized bicycle,moped_or_motorized_bicycle,2026,2026,2026-08,Ward 1,reportdate
72369853820,26118294,72369940450,Driver,0,<16,N,N,N,None,N,N,N,Moped or motorized bicycle,moped_or_motorized_bicycle,2026,2026,2026-08,Ward 6,reportdate
72368417518,26118202,72370027577,Driver,44,35-44,N,N,Y,Minor,N,N,N,Moped or motorized bicycle,moped_or_motorized_bicycle,2026,2026,2026-08,Ward 2,reportdate
72508215792,26122384,72508645163,Bicyclist,21,16-24,N,Y,N,Major,N,N,N,Moped or motorized bicycle,moped_or_motorized_bicycle,2026,2026,2026-08,Ward 2,reportdate
72389790259,26118889,72390455043,Driver,0,<16,N,N,Y,Minor,Y,N,N,Moped or motorized bicycle,moped_or_motorized_bicycle,2026,2026,2026-08,Ward 2,reportdate
72473202506,26121391,72473373468,Driver,68,65+,N,N,Y,Minor,N,N,N,Moped or motorized bicycle,moped_or_motorized_bicycle,2026,2026,2026-08,Ward 7,reportdate
72470617228,26121213,72473873107,Driver,0,<16,N,N,N,None,N,N,Y,Moped or motorized bicycle,moped_or_motorized_bicycle,2026,2026,2026-08,Ward 4,reportdate
72602876837,26125501,72602947579,Driver,0,<16,N,N,Y,Minor,N,N,N,Moped or motorized bicycle,moped_or_motorized_bicycle,2026,2026,2026-09,Ward 1,reportdate
72604405529,26125529,72605914354,Bicyclist,72,65+,N,N,Y,Minor,N,N,Y,Moped or motorized bicycle,moped_or_motorized_bicycle,2026,2026,2026-09,Ward 6,reportdate
72608856049,26125652,72609004425,Driver,34,25-34,N,N,Y,Minor,N,N,N,Moped or motorized bicycle,moped_or_motorized_bicycle,2026,2026,2026-09,Ward 5,reportdate
72627845383,26126087,72628875503,Driver,34,25-34,N,N,Y,Minor,N,N,N,Moped or motorized bicycle,moped_or_motorized_bicycle,2026,2026,2026-09,Ward 6,reportdate
72627845383,26126087,72628957888,Passenger,31,25-34,N,N,Y,Minor,N,N,N,Moped or motorized bicycle,moped_or_motorized_bicycle,2026,2026,2026-09,Ward 6,reportdate
72569761621,26124633,72570126398,Driver,28,25-34,N,N,Y,Minor,N,N,N,Moped or motorized bicycle,moped_or_motorized_bicycle,2026,2026,2026-09,Ward 7,reportdate
72576680089,26124202,72590639064,Driver,0,<16,N,N,N,None,N,N,N,Moped or motorized bicycle,moped_or_motorized_bicycle,2026,2026,2026-09,Ward 6,reportdate
72562177234,26124363,72562921436,Driver,34,25-34,N,N,Y,Minor,N,N,N,Moped or motorized bicycle,moped_or_motorized_bicycle,2026,2026,2026-09,Ward 3,reportdate
72580579216,26124909,72580767370,Driver,58,55-64,N,N,N,None,N,N,Y,Moped or motorized bicycle,moped_or_motorized_bicycle,2026,2026,2026-09,Ward 5,reportdate
72634678629,26126522,72635583584,Driver,49,45-54,N,N,N,None,N,N,N,Moped or motorized bicycle,moped_or_motorized_bicycle,2026,2026,2026-09,Ward 2,reportdate
72974877168,26127652,73025693991,Driver,33,25-34,N,N,Y,Minor,N,N,N,Moped or motorized bicycle,moped_or_motorized_bicycle,2026,2026,2026-09,Ward 7,reportdate
73030310963,26128157,73030590714,Driver,33,25-34,N,N,Y,Minor,N,N,N,Moped or motorized bicycle,moped_or_motorized_bicycle,2026,2026,2026-09,Ward 6,reportdate
72751432357,26126844,72761718249,Bicyclist,23,16-24,N,N,Y,Minor,N,N,Y,Moped or motorized bicycle,moped_or_motorized_bicycle,2026,2026,2026-09,Ward 1,reportdate
73223215407,26131575,73224793786,Driver,44,35-44,N,N,N,None,N,N,N,Moped or motorized bicycle,moped_or_motorized_bicycle,2026,2026,2026-09,Ward 2,reportdate
71913051974,26106155,71913381488,Bicyclist,31,25-34,N,N,Y,Minor,N,N,N,Moped or motorized bicycle,moped_or_motorized_bicycle,2026,2026,2026-07,Ward 2,reportdate
71913051974,26106155,71913410426,Bicyclist,25,25-34,N,N,Y,Minor,N,N,N,Moped or motorized bicycle,moped_or_motorized_bicycle,2026,2026,2026-07,Ward 2,reportdate
73125931112,26130940,73128503950,Driver,33,25-34,N,N,Y,Minor,N,N,N,Moped or motorized bicycle,moped_or_motorized_bicycle,2026,2026,2026-09,Ward 4,reportdate
73131591517,26130983,73134023329,Bicyclist,43,35-44,N,N,Y,Minor,N,N,N,Moped or motorized bicycle,moped_or_motorized_bicycle,2026,2026,2026-09,Ward 5,reportdate
73069906984,26129515,73070690984,Driver,16,16-24,N,N,Y,Minor,N,N,Y,Moped or motorized bicycle,moped_or_motorized_bicycle,2026,2026,2026-09,Ward 1,reportdate
73081900446,26129567,73082014941,Bicyclist,17,16-24,N,N,Y,Minor,N,N,N,Moped or motorized bicycle,moped_or_motorized_bicycle,2026,2026,2026-09,Ward 2,reportdate
73074625227,26129517,73078941473,Bicyclist,24,16-24,N,N,N,None,N,N,N,Moped or motorized bicycle,moped_or_motorized_bicycle,2026,2026,2026-09,Ward 5,reportdate
73077497480,26129035,73081571623,Other,21,16-24,N,N,Y,Minor,N,N,N,Moped or motorized bicycle,moped_or_motorized_bicycle,2026,2026,2026-09,Ward 5,reportdate
73113181486,26130576,73113377799,Driver,39,35-44,N,N,Y,Minor,N,N,N,Moped or motorized bicycle,moped_or_motorized_bicycle,2026,2026,2026-09,Ward 2,reportdate
73054620270,26128988,73056052778,Driver,31,25-34,N,N,Y,Minor,N,N,N,Moped or motorized bicycle,moped_or_motorized_bicycle,2026,2026,2026-09,Ward 4,reportdate
73232244359,26131819,73232747137,Driver,46,45-54,N,N,Y,Minor,N,N,N,Moped or motorized bicycle,moped_or_motorized_bicycle,2026,2026,2026-09,Ward 1,reportdate
73232687216,26131856,73232899323,Bicyclist,40,35-44,N,N,Y,Minor,N,N,N,Moped or motorized bicycle,moped_or_motorized_bicycle,2026,2026,2026-09,Ward 5,reportdate
71019612264,26082373,71019632268,Driver,28,25-34,N,N,Y,Minor,N,N,N,Moped or motorized bicycle,moped_or_motorized_bicycle,2026,2026,2026-06,Ward 2,reportdate
71019612264,26082373,71019918850,Passenger,6,<16,N,N,N,None,N,N,N,Moped or motorized bicycle,moped_or_motorized_bicycle,2026,2026,2026-06,Ward 2,reportdate
